Name,FileSource,Secondary,Storage,Bus,VolumeGroup,DuckGroup,Duck,ReverbSend,CenterSend,VolMin,VolMax,DistMin,DistMaxDry,DistMaxWet,DryMinCurve,DryMaxCurve,WetMinCurve,WetMaxCurve,LimitCount,EntityLimitCount,LimitType,EntityLimitType,PitchMin,PitchMax,PriorityMin,PriorityMax,PriorityThresholdMin,PriorityThresholdMax,PanType,Pan,Looping,RandomizeType,Probability,StartDelay,EnvelopMin,EnvelopMax,EnvelopPercent,OcclusionLevel,IsBig,DistanceLpf,FluxType,FluxTime,Subtitle,Doppler,ContextType,ContextValue,Timescale,IsMusic,IsCinematic,FadeIn,FadeOut,Pauseable,StopOnEntDeath,StopOnPlay,DopplerScale,FutzPatch,VoiceLimit,IgnoreMaxDist,NeverPlayTwice
evt_perk_bottle_open,raw\sound\evt\zombie_global\perksacola\bottle\open\openmn_00.LN65.pc.snd.wav,,loaded,bus_fx,grp_ambience,snp_ambience,,19.234,0,75,75,50,225,350,allon,default,allon,default,8,8,priority,oldest,-100,100,25,50,0.25,1,3d,front,nonlooping,,1,0,25,75,92,0.4,no,yes,none,0,,no,,,yes,no,no,0,0,yes,no,,0,,no,no,no
evt_perk_deny,raw\sound\evt\zombie_global\perksacola\bottle\deny_00.LN55.pc.snd.wav,,loaded,bus_fx,grp_ambience,snp_ambience,,60,0,75,75,50,225,350,allon,default,allon,default,6,8,priority,oldest,-100,100,25,50,0.25,1,3d,default,nonlooping,,1,0,25,75,92,0.4,no,yes,none,0,,no,,,yes,no,no,0,0,yes,no,,0,,no,no,no
evt_perk_swallow,raw\sound\evt\zombie_global\perksacola\bottle\swallow\swallowmn_00.LN65.pc.snd.wav,,loaded,bus_fx,grp_ambience,snp_ambience,,19.234,0,75,75,50,225,350,allon,default,allon,default,8,8,priority,oldest,-100,100,25,50,0.25,1,3d,front,nonlooping,,1,0,25,75,92,0.4,no,yes,none,0,,no,,,yes,no,no,0,0,yes,no,,0,,no,no,no
evt_belch,raw\sound\evt\zombie_global\perksacola\bottle\belch\belchmn_00.LN65.pc.snd.wav,,loaded,bus_fx,grp_ambience,snp_ambience,,19.234,0,75,75,50,225,350,allon,default,allon,default,8,8,priority,oldest,-100,100,25,50,0.25,1,3d,front,nonlooping,,1,0,25,75,92,0.4,no,yes,none,0,,no,,,yes,no,no,0,0,yes,no,,0,,no,no,no
evt_bottle_break,raw\sound\evt\zombie_global\perksacola\bottle\break\breakmn_00.LN65.pc.snd.wav,,loaded,bus_fx,grp_ambience,snp_ambience,,19.234,0,75,75,50,225,350,allon,default,allon,default,8,8,priority,oldest,-100,100,25,50,0.25,1,3d,front,nonlooping,,1,500,25,75,92,0.4,no,yes,none,0,,no,,,yes,no,no,0,0,yes,no,,0,,no,no,no
evt_bottle_dispense,raw\sound\evt\zombie_global\perksacola\bottle\dispensemn_00.LN55.pc.snd.wav,,loaded,bus_fx,grp_ambience,snp_ambience,,60,0,75,75,50,225,350,allon,default,allon,default,6,8,priority,oldest,-100,100,25,50,0.25,1,3d,default,nonlooping,,1,0,25,75,92,0.4,no,yes,none,0,,no,,,yes,no,no,0,0,yes,no,,0,,no,no,no
zmb_zombie_head_gib,raw\sound\fly\gibs\zombie\head\zombie_head_00.LN55.pc.snd.wav,,loaded,bus_hdrfx,grp_hdrfx,snp_hdrfx,,60,0,83,83,250,1250,1500,allon,default,allon,default,8,8,priority,oldest,-281,315,10,15,0.25,1,3d,default,nonlooping,,1,0,50,125,98,0.25,no,yes,none,0,,no,,,yes,no,no,0,0,yes,no,,0,,no,no,no
zmb_zombie_head_gib,raw\sound\fly\gibs\zombie\head\zombie_head_01.LN55.pc.snd.wav,,loaded,bus_hdrfx,grp_hdrfx,snp_hdrfx,,60,0,83,83,250,1250,1500,allon,default,allon,default,8,8,priority,oldest,-281,315,10,15,0.25,1,3d,default,nonlooping,,1,0,50,125,98,0.25,no,yes,none,0,,no,,,yes,no,no,0,0,yes,no,,0,,no,no,no
zmb_zombie_head_gib,raw\sound\fly\gibs\zombie\head\zombie_head_02.LN55.pc.snd.wav,,loaded,bus_hdrfx,grp_hdrfx,snp_hdrfx,,60,0,83,83,250,1250,1500,allon,default,allon,default,8,8,priority,oldest,-281,315,10,15,0.25,1,3d,default,nonlooping,,1,0,50,125,98,0.25,no,yes,none,0,,no,,,yes,no,no,0,0,yes,no,,0,,no,no,no
zmb_zombie_spawn,raw\sound\evt\zombie_global\spawn\dirt\dirt_00.LN55.pc.snd.wav,,loaded,bus_hdrfx,grp_hdrfx,snp_hdrfx,,60,0,86,86,250,1000,1125,allon,default,allon,default,3,8,priority,oldest,0,0,40,60,0.25,1,3d,default,nonlooping,,1,0,0,0,0,0.1,no,yes,none,0,,no,,,yes,no,no,0,0,yes,no,,0,,no,no,no
zmb_zombie_spawn,raw\sound\evt\zombie_global\spawn\dirt\dirt_01.LN55.pc.snd.wav,,loaded,bus_hdrfx,grp_hdrfx,snp_hdrfx,,60,0,86,86,250,1000,1125,allon,default,allon,default,3,8,priority,oldest,0,0,40,60,0.25,1,3d,default,nonlooping,,1,0,0,0,0,0.1,no,yes,none,0,,no,,,yes,no,no,0,0,yes,no,,0,,no,no,no
evt_player_swiped,raw\sound\zmb\plr\swipe\swipe_00.LN65.pc.snd.wav,,loaded,bus_hdrfx,grp_hdrfx,snp_evt_2d,,19.234,0,90,90,25,125,250,allon,default,allon,default,8,8,priority,oldest,0,300,95,100,0,1,2d,front,nonlooping,,1,0,0,0,0,0,no,yes,none,0,,no,,,yes,no,no,0,0,yes,no,,0,,no,no,no
evt_player_swiped,raw\sound\zmb\plr\swipe\swipe_01.LN65.pc.snd.wav,,loaded,bus_hdrfx,grp_hdrfx,snp_evt_2d,,19.234,0,90,90,25,125,250,allon,default,allon,default,8,8,priority,oldest,0,300,95,100,0,1,2d,front,nonlooping,,1,0,0,0,0,0,no,yes,none,0,,no,,,yes,no,no,0,0,yes,no,,0,,no,no,no
evt_player_swiped,raw\sound\zmb\plr\swipe\swipe_04.LN65.pc.snd.wav,,loaded,bus_hdrfx,grp_hdrfx,snp_evt_2d,,19.234,0,90,90,25,125,250,allon,default,allon,default,8,8,priority,oldest,0,300,95,100,0,1,2d,front,nonlooping,,1,0,0,0,0,0,no,yes,none,0,,no,,,yes,no,no,0,0,yes,no,,0,,no,no,no
mus_zombie_round_over,raw\sound\mus\zombie\zombie_global\mus_zombie_round_over.SN65.pc.snd.flac,,streamed,bus_music,grp_music,snp_music,,0,0,89,89,0,5000,5000,allon,default,allon,default,8,8,priority,oldest,0,0,100,100,0,1,2d,music_all,nonlooping,,1,0,0,0,0,0.25,no,yes,none,0,,no,,,yes,yes,no,0,0,yes,no,,0,,no,no,no
mus_zombie_round_start,raw\sound\mus\zombie\zombie_global\mus_zombie_round_start.SN65.pc.snd.flac,,streamed,bus_music,grp_music,snp_music,,0,0,89,89,0,5000,5000,allon,default,allon,default,8,8,priority,oldest,0,0,100,100,0,1,2d,music_all,nonlooping,,1,0,0,0,0,0.25,no,yes,none,0,,no,,,yes,yes,no,0,0,yes,no,,0,,no,no,no
mus_zombie_splash_screen,raw\sound\mus\zombie\zombie_global\mus_zombie_splash_screen.SN65.pc.snd.flac,,streamed,bus_music,grp_music,snp_music,,0,0,83,83,0,5000,5000,allon,default,allon,default,8,8,priority,oldest,0,0,100,100,0,1,2d,music_all,nonlooping,,1,0,0,0,0,0.25,no,yes,none,0,,no,,,yes,yes,no,0,0,yes,no,,0,,no,no,no
mus_zombie_wave_loop,raw\sound\mus\zombie\zombie_global\makin_stealth.SL65.pc.snd.flac,,streamed,bus_music,grp_music,snp_music,,0,0,73,73,0,5000,5000,allon,default,allon,default,1,8,oldest,oldest,0,0,100,100,0,1,2d,music_all,looping,,1,0,0,0,0,0.25,no,yes,none,0,,no,,,yes,yes,no,0,0,yes,no,,0,,no,no,no
zmb_vocals_zombie_ambience,raw\sound\vox\zmb\standard\amb\amb_00.LN55.pc.snd.wav,,loaded,bus_voice,grp_voice,snp_voice,,75,0,74,77,50,2250,2500,allon,default,allon,default,6,1,priority,reject,-300,300,30,60,0.25,1,3d,default,nonlooping,,1,0,0,0,0,0.75,no,yes,none,0,,no,,,yes,no,no,0,0,yes,yes,,0,,no,no,no
zmb_vocals_zombie_ambience,raw\sound\vox\zmb\standard\amb\amb_01.LN55.pc.snd.wav,,loaded,bus_voice,grp_voice,snp_voice,,75,0,74,77,50,2250,2500,allon,default,allon,default,6,1,priority,reject,-300,300,30,60,0.25,1,3d,default,nonlooping,,1,0,0,0,0,0.75,no,yes,none,0,,no,,,yes,no,no,0,0,yes,yes,,0,,no,no,no
zmb_vocals_zombie_ambience,raw\sound\vox\zmb\standard\amb\amb_02.LN55.pc.snd.wav,,loaded,bus_voice,grp_voice,snp_voice,,75,0,74,77,50,2250,2500,allon,default,allon,default,6,1,priority,reject,-300,300,30,60,0.25,1,3d,default,nonlooping,,1,0,0,0,0,0.75,no,yes,none,0,,no,,,yes,no,no,0,0,yes,yes,,0,,no,no,no
zmb_vocals_zombie_ambience,raw\sound\vox\zmb\standard\amb\amb_03.LN55.pc.snd.wav,,loaded,bus_voice,grp_voice,snp_voice,,75,0,74,77,50,2250,2500,allon,default,allon,default,6,1,priority,reject,-300,300,30,60,0.25,1,3d,default,nonlooping,,1,0,0,0,0,0.75,no,yes,none,0,,no,,,yes,no,no,0,0,yes,yes,,0,,no,no,no
zmb_vocals_zombie_ambience,raw\sound\vox\zmb\standard\amb\amb_04.LN55.pc.snd.wav,,loaded,bus_voice,grp_voice,snp_voice,,75,0,74,77,50,2250,2500,allon,default,allon,default,6,1,priority,reject,-300,300,30,60,0.25,1,3d,default,nonlooping,,1,0,0,0,0,0.75,no,yes,none,0,,no,,,yes,no,no,0,0,yes,yes,,0,,no,no,no
zmb_vocals_zombie_ambience,raw\sound\vox\zmb\standard\amb\amb_05.LN55.pc.snd.wav,,loaded,bus_voice,grp_voice,snp_voice,,75,0,74,77,50,2250,2500,allon,default,allon,default,6,1,priority,reject,-300,300,30,60,0.25,1,3d,default,nonlooping,,1,0,0,0,0,0.75,no,yes,none,0,,no,,,yes,no,no,0,0,yes,yes,,0,,no,no,no
zmb_vocals_zombie_ambience_loud,raw\sound\vox\zmb\standard\amb\amb_00.LN55.pc.snd.wav,,loaded,bus_voice,grp_voice,snp_voice,,75,0,84,88,75,3250,4000,allon,default,allon,default,6,1,priority,reject,-300,300,30,60,0.25,1,3d,default,nonlooping,,1,0,0,0,0,0.45,no,no,none,0,,no,,,yes,no,no,0,0,yes,yes,,0,,no,no,no
zmb_vocals_zombie_ambience_loud,raw\sound\vox\zmb\standard\amb\amb_01.LN55.pc.snd.wav,,loaded,bus_voice,grp_voice,snp_voice,,75,0,84,88,75,3250,4000,allon,default,allon,default,6,1,priority,reject,-300,300,30,60,0.25,1,3d,default,nonlooping,,1,0,0,0,0,0.45,no,no,none,0,,no,,,yes,no,no,0,0,yes,yes,,0,,no,no,no
zmb_vocals_zombie_ambience_loud,raw\sound\vox\zmb\standard\amb\amb_02.LN55.pc.snd.wav,,loaded,bus_voice,grp_voice,snp_voice,,75,0,84,88,75,3250,4000,allon,default,allon,default,6,1,priority,reject,-300,300,30,60,0.25,1,3d,default,nonlooping,,1,0,0,0,0,0.45,no,no,none,0,,no,,,yes,no,no,0,0,yes,yes,,0,,no,no,no
zmb_vocals_zombie_ambience_loud,raw\sound\vox\zmb\standard\amb\amb_03.LN55.pc.snd.wav,,loaded,bus_voice,grp_voice,snp_voice,,75,0,84,88,75,3250,4000,allon,default,allon,default,6,1,priority,reject,-300,300,30,60,0.25,1,3d,default,nonlooping,,1,0,0,0,0,0.45,no,no,none,0,,no,,,yes,no,no,0,0,yes,yes,,0,,no,no,no
zmb_vocals_zombie_ambience_loud,raw\sound\vox\zmb\standard\amb\amb_04.LN55.pc.snd.wav,,loaded,bus_voice,grp_voice,snp_voice,,75,0,84,88,75,3250,4000,allon,default,allon,default,6,1,priority,reject,-300,300,30,60,0.25,1,3d,default,nonlooping,,1,0,0,0,0,0.45,no,no,none,0,,no,,,yes,no,no,0,0,yes,yes,,0,,no,no,no
zmb_vocals_zombie_ambience_loud,raw\sound\vox\zmb\standard\amb\amb_05.LN55.pc.snd.wav,,loaded,bus_voice,grp_voice,snp_voice,,75,0,84,88,75,3250,4000,allon,default,allon,default,6,1,priority,reject,-300,300,30,60,0.25,1,3d,default,nonlooping,,1,0,0,0,0,0.45,no,no,none,0,,no,,,yes,no,no,0,0,yes,yes,,0,,no,no,no
zmb_attack_whoosh,raw\sound\fly\melee\zmb\swing\swing_00.LN55.pc.snd.wav,,loaded,bus_fx,grp_ambience,snp_ambience,,60,0,82,82,75,275,325,allon,default,allon,default,6,8,priority,oldest,-50,50,10,50,0,1,3d,default,nonlooping,,1,0,0,0,0,0.1,no,yes,none,0,,no,,,yes,no,no,0,0,yes,no,,0,,no,no,no
zmb_attack_whoosh,raw\sound\fly\melee\zmb\swing\swing_01.LN55.pc.snd.wav,,loaded,bus_fx,grp_ambience,snp_ambience,,60,0,82,82,75,275,325,allon,default,allon,default,6,8,priority,oldest,-50,50,10,50,0,1,3d,default,nonlooping,,1,0,0,0,0,0.1,no,yes,none,0,,no,,,yes,no,no,0,0,yes,no,,0,,no,no,no
zmb_attack_whoosh,raw\sound\fly\melee\zmb\swing\swing_02.LN55.pc.snd.wav,,loaded,bus_fx,grp_ambience,snp_ambience,,60,0,82,82,75,275,325,allon,default,allon,default,6,8,priority,oldest,-50,50,10,50,0,1,3d,default,nonlooping,,1,0,0,0,0,0.1,no,yes,none,0,,no,,,yes,no,no,0,0,yes,no,,0,,no,no,no
evt_laststand_in,raw\sound\chr\pain\pain_loops\new_pain\damage_out.LN65.pc.snd.wav,,loaded,bus_hdrfx,grp_hdrfx,snp_dying,@c51ddf6b,0,0,75,75,0,5000,5000,allon,default,allon,default,8,8,priority,oldest,0,0,100,100,0.25,1,2d,front_halfback,nonlooping,,1,0,0,0,0,0.25,no,yes,none,0,,no,,,yes,no,no,0,0,yes,no,,0,,no,no,no
evt_laststand_loop,raw\sound\evt\zombie_global\laststand\laststand_loop.SL65.pc.snd.flac,,streamed,bus_hdrfx,grp_hdrfx,snp_dying,@c51ddf6b,0,0,90,90,0,5000,5000,allon,default,allon,default,8,8,priority,oldest,0,0,100,100,0.25,1,2d,front_halfback,looping,,1,0,0,0,0,0.25,no,yes,none,0,,no,,,yes,no,no,0,0,yes,no,,0,,no,no,no
zmb_meteor_activate,raw\sound\evt\zombie_global\meteor\meteor_affirm.LN65.pc.snd.wav,,loaded,bus_hdrfx,grp_hdrfx,snp_hdrfx,,88,0,85,85,50,250,350,allon,default,allon,default,8,8,priority,oldest,0,0,95,100,0,1,2d,front,nonlooping,,1,0,0,0,0,0.45,no,yes,none,0,,no,,,yes,no,no,0,0,yes,no,,0,,no,no,no
zmb_meteor_loop,raw\sound\evt\zombie_global\meteor\meteor_loop.SL55.pc.snd.flac,,streamed,bus_fx,grp_ambience,snp_ambience,,60,0,74,74,50,250,275,allon,default,allon,default,7,8,priority,oldest,0,0,10,50,0,1,3d,default,looping,,1,0,0,0,0,0.1,no,yes,none,0,,no,,,no,no,no,0,0,yes,no,,0,,no,no,no
zmb_weap_wall,raw\sound\evt\zombie_global\weap_wall\buy\buy_00.LN55.pc.snd.wav,,loaded,bus_hdrfx,grp_hdrfx,snp_hdrfx,,60,0,90,90,125,1250,2000,allon,default,allon,default,3,8,oldest,oldest,0,0,40,60,0.25,1,3d,all,nonlooping,,1,0,0,0,0,0.1,no,yes,none,0,,no,,,yes,no,no,0,0,yes,no,,0,,no,no,no
zmb_whoosh,raw\sound\evt\zombie_global\box\whoosh\whoosh_00.LN55.pc.snd.wav,zmb_box_spin,loaded,bus_hdrfx,grp_hdrfx,snp_hdrfx,,60,0,94,94,250,1250,2000,allon,default,allon,default,1,8,oldest,oldest,-50,50,40,60,0.25,1,3d,default,nonlooping,,1,2450,25,125,97,0.1,no,yes,none,0,,no,,,yes,no,no,0,0,yes,no,,0,,no,no,no
zmb_vocals_zombie_attack,raw\sound\vox\zmb\standard\attack\attack_00.LN55.pc.snd.wav,,loaded,bus_voice,grp_voice,snp_voice,,72,0,77,79,75,500,750,allon,default,allon,default,5,1,priority,reject,-300,300,70,90,0.25,1,3d,default,nonlooping,,1,0,25,75,94,0.75,no,no,none,0,,no,,,yes,no,no,0,0,yes,yes,,0,,no,no,no
zmb_vocals_zombie_attack,raw\sound\vox\zmb\standard\attack\attack_01.LN55.pc.snd.wav,,loaded,bus_voice,grp_voice,snp_voice,,72,0,77,79,75,500,750,allon,default,allon,default,5,1,priority,reject,-300,300,70,90,0.25,1,3d,default,nonlooping,,1,0,25,75,94,0.75,no,no,none,0,,no,,,yes,no,no,0,0,yes,yes,,0,,no,no,no
zmb_vocals_zombie_attack,raw\sound\vox\zmb\standard\attack\attack_02.LN55.pc.snd.wav,,loaded,bus_voice,grp_voice,snp_voice,,72,0,77,79,75,500,750,allon,default,allon,default,5,1,priority,reject,-300,300,70,90,0.25,1,3d,default,nonlooping,,1,0,25,75,94,0.75,no,no,none,0,,no,,,yes,no,no,0,0,yes,yes,,0,,no,no,no
zmb_vocals_zombie_attack,raw\sound\vox\zmb\standard\attack\attack_03.LN55.pc.snd.wav,,loaded,bus_voice,grp_voice,snp_voice,,72,0,77,79,75,500,750,allon,default,allon,default,5,1,priority,reject,-300,300,70,90,0.25,1,3d,default,nonlooping,,1,0,25,75,94,0.75,no,no,none,0,,no,,,yes,no,no,0,0,yes,yes,,0,,no,no,no
zmb_vocals_zombie_attack,raw\sound\vox\zmb\standard\attack\attack_04.LN55.pc.snd.wav,,loaded,bus_voice,grp_voice,snp_voice,,72,0,77,79,75,500,750,allon,default,allon,default,5,1,priority,reject,-300,300,70,90,0.25,1,3d,default,nonlooping,,1,0,25,75,94,0.75,no,no,none,0,,no,,,yes,no,no,0,0,yes,yes,,0,,no,no,no
zmb_vocals_zombie_attack,raw\sound\vox\zmb\standard\attack\attack_05.LN55.pc.snd.wav,,loaded,bus_voice,grp_voice,snp_voice,,72,0,77,79,75,500,750,allon,default,allon,default,5,1,priority,reject,-300,300,70,90,0.25,1,3d,default,nonlooping,,1,0,25,75,94,0.75,no,no,none,0,,no,,,yes,no,no,0,0,yes,yes,,0,,no,no,no
zmb_vocals_zombie_attack,raw\sound\vox\zmb\standard\attack\attack_06.LN55.pc.snd.wav,,loaded,bus_voice,grp_voice,snp_voice,,72,0,77,79,75,500,750,allon,default,allon,default,5,1,priority,reject,-300,300,70,90,0.25,1,3d,default,nonlooping,,1,0,25,75,94,0.75,no,no,none,0,,no,,,yes,no,no,0,0,yes,yes,,0,,no,no,no
zmb_vocals_zombie_attack,raw\sound\vox\zmb\standard\attack\attack_07.LN55.pc.snd.wav,,loaded,bus_voice,grp_voice,snp_voice,,72,0,77,79,75,500,750,allon,default,allon,default,5,1,priority,reject,-300,300,70,90,0.25,1,3d,default,nonlooping,,1,0,25,75,94,0.75,no,no,none,0,,no,,,yes,no,no,0,0,yes,yes,,0,,no,no,no
zmb_vocals_zombie_attack,raw\sound\vox\zmb\standard\attack\attack_08.LN55.pc.snd.wav,,loaded,bus_voice,grp_voice,snp_voice,,72,0,77,79,75,500,750,allon,default,allon,default,5,1,priority,reject,-300,300,70,90,0.25,1,3d,default,nonlooping,,1,0,25,75,94,0.75,no,no,none,0,,no,,,yes,no,no,0,0,yes,yes,,0,,no,no,no
zmb_vocals_zombie_attack,raw\sound\vox\zmb\standard\attack\attack_09.LN55.pc.snd.wav,,loaded,bus_voice,grp_voice,snp_voice,,72,0,77,79,75,500,750,allon,default,allon,default,5,1,priority,reject,-300,300,70,90,0.25,1,3d,default,nonlooping,,1,0,25,75,94,0.75,no,no,none,0,,no,,,yes,no,no,0,0,yes,yes,,0,,no,no,no
zmb_vocals_zombie_attack,raw\sound\vox\zmb\standard\attack\attack_10.LN55.pc.snd.wav,,loaded,bus_voice,grp_voice,snp_voice,,72,0,77,79,75,500,750,allon,default,allon,default,5,1,priority,reject,-300,300,70,90,0.25,1,3d,default,nonlooping,,1,0,25,75,94,0.75,no,no,none,0,,no,,,yes,no,no,0,0,yes,yes,,0,,no,no,no
zmb_vocals_zombie_attack,raw\sound\vox\zmb\standard\attack\attack_11.LN55.pc.snd.wav,,loaded,bus_voice,grp_voice,snp_voice,,72,0,77,79,75,500,750,allon,default,allon,default,5,1,priority,reject,-300,300,70,90,0.25,1,3d,default,nonlooping,,1,0,25,75,94,0.75,no,no,none,0,,no,,,yes,no,no,0,0,yes,yes,,0,,no,no,no
zmb_vocals_zombie_attack,raw\sound\vox\zmb\standard\attack\attack_12.LN55.pc.snd.wav,,loaded,bus_voice,grp_voice,snp_voice,,72,0,77,79,75,500,750,allon,default,allon,default,5,1,priority,reject,-300,300,70,90,0.25,1,3d,default,nonlooping,,1,0,25,75,94,0.75,no,no,none,0,,no,,,yes,no,no,0,0,yes,yes,,0,,no,no,no
zmb_vocals_zombie_attack,raw\sound\vox\zmb\standard\attack\attack_13.LN55.pc.snd.wav,,loaded,bus_voice,grp_voice,snp_voice,,72,0,77,79,75,500,750,allon,default,allon,default,5,1,priority,reject,-300,300,70,90,0.25,1,3d,default,nonlooping,,1,0,25,75,94,0.75,no,no,none,0,,no,,,yes,no,no,0,0,yes,yes,,0,,no,no,no
zmb_vocals_zombie_attack,raw\sound\vox\zmb\standard\attack\attack_14.LN55.pc.snd.wav,,loaded,bus_voice,grp_voice,snp_voice,,72,0,77,79,75,500,750,allon,default,allon,default,5,1,priority,reject,-300,300,70,90,0.25,1,3d,default,nonlooping,,1,0,25,75,94,0.75,no,no,none,0,,no,,,yes,no,no,0,0,yes,yes,,0,,no,no,no
zmb_vocals_zombie_attack,raw\sound\vox\zmb\standard\attack\attack_15.LN55.pc.snd.wav,,loaded,bus_voice,grp_voice,snp_voice,,72,0,77,79,75,500,750,allon,default,allon,default,5,1,priority,reject,-300,300,70,90,0.25,1,3d,default,nonlooping,,1,0,25,75,94,0.75,no,no,none,0,,no,,,yes,no,no,0,0,yes,yes,,0,,no,no,no
zmb_vocals_zombie_behind,raw\sound\vox\zmb\standard\behind\behind_00.LN55.pc.snd.wav,,loaded,bus_fx,grp_voice,snp_ambience,,72,0,84,84,50,250,275,allon,default,allon,default,2,1,priority,reject,-300,300,70,90,0.25,1,3d,default,nonlooping,,1,0,25,75,90,0,no,no,none,0,,no,,,yes,no,no,0,0,yes,yes,,0,,no,no,no
zmb_vocals_zombie_behind,raw\sound\vox\zmb\standard\behind\behind_01.LN55.pc.snd.wav,,loaded,bus_fx,grp_voice,snp_ambience,,72,0,84,84,50,250,275,allon,default,allon,default,2,1,priority,reject,-300,300,70,90,0.25,1,3d,default,nonlooping,,1,0,25,75,90,0,no,no,none,0,,no,,,yes,no,no,0,0,yes,yes,,0,,no,no,no
zmb_vocals_zombie_behind,raw\sound\vox\zmb\standard\behind\behind_02.LN55.pc.snd.wav,,loaded,bus_fx,grp_voice,snp_ambience,,72,0,84,84,50,250,275,allon,default,allon,default,2,1,priority,reject,-300,300,70,90,0.25,1,3d,default,nonlooping,,1,0,25,75,90,0,no,no,none,0,,no,,,yes,no,no,0,0,yes,yes,,0,,no,no,no
zmb_vocals_zombie_behind,raw\sound\vox\zmb\standard\behind\behind_03.LN55.pc.snd.wav,,loaded,bus_fx,grp_voice,snp_ambience,,72,0,84,84,50,250,275,allon,default,allon,default,2,1,priority,reject,-300,300,70,90,0.25,1,3d,default,nonlooping,,1,0,25,75,90,0,no,no,none,0,,no,,,yes,no,no,0,0,yes,yes,,0,,no,no,no
zmb_vocals_zombie_behind,raw\sound\vox\zmb\standard\behind\behind_04.LN55.pc.snd.wav,,loaded,bus_fx,grp_voice,snp_ambience,,72,0,84,84,50,250,275,allon,default,allon,default,2,1,priority,reject,-300,300,70,90,0.25,1,3d,default,nonlooping,,1,0,25,75,90,0,no,no,none,0,,no,,,yes,no,no,0,0,yes,yes,,0,,no,no,no
zmb_vocals_zombie_crawler,raw\sound\vox\zmb\standard\crawl\crawl_00.LN55.pc.snd.wav,,loaded,bus_voice,grp_voice,snp_voice,,72,0,78,80,250,2250,2500,allon,default,allon,default,6,1,priority,reject,-300,300,30,60,0.25,1,3d,default,nonlooping,,1,0,0,0,0,0.75,no,no,none,0,,no,,,yes,no,no,0,0,yes,yes,,0,,no,no,no
zmb_vocals_zombie_crawler,raw\sound\vox\zmb\standard\crawl\crawl_01.LN55.pc.snd.wav,,loaded,bus_voice,grp_voice,snp_voice,,72,0,78,80,250,2250,2500,allon,default,allon,default,6,1,priority,reject,-300,300,30,60,0.25,1,3d,default,nonlooping,,1,0,0,0,0,0.75,no,no,none,0,,no,,,yes,no,no,0,0,yes,yes,,0,,no,no,no
zmb_vocals_zombie_crawler,raw\sound\vox\zmb\standard\crawl\crawl_02.LN55.pc.snd.wav,,loaded,bus_voice,grp_voice,snp_voice,,72,0,78,80,250,2250,2500,allon,default,allon,default,6,1,priority,reject,-300,300,30,60,0.25,1,3d,default,nonlooping,,1,0,0,0,0,0.75,no,no,none,0,,no,,,yes,no,no,0,0,yes,yes,,0,,no,no,no
zmb_vocals_zombie_crawler,raw\sound\vox\zmb\standard\crawl\crawl_03.LN55.pc.snd.wav,,loaded,bus_voice,grp_voice,snp_voice,,72,0,78,80,250,2250,2500,allon,default,allon,default,6,1,priority,reject,-300,300,30,60,0.25,1,3d,default,nonlooping,,1,0,0,0,0,0.75,no,no,none,0,,no,,,yes,no,no,0,0,yes,yes,,0,,no,no,no
zmb_vocals_zombie_crawler,raw\sound\vox\zmb\standard\crawl\crawl_04.LN55.pc.snd.wav,,loaded,bus_voice,grp_voice,snp_voice,,72,0,78,80,250,2250,2500,allon,default,allon,default,6,1,priority,reject,-300,300,30,60,0.25,1,3d,default,nonlooping,,1,0,0,0,0,0.75,no,no,none,0,,no,,,yes,no,no,0,0,yes,yes,,0,,no,no,no
zmb_vocals_zombie_crawler,raw\sound\vox\zmb\standard\crawl\crawl_05.LN55.pc.snd.wav,,loaded,bus_voice,grp_voice,snp_voice,,72,0,78,80,250,2250,2500,allon,default,allon,default,6,1,priority,reject,-300,300,30,60,0.25,1,3d,default,nonlooping,,1,0,0,0,0,0.75,no,no,none,0,,no,,,yes,no,no,0,0,yes,yes,,0,,no,no,no
zmb_vocals_zombie_crawler_loud,raw\sound\vox\zmb\standard\crawl\crawl_00.LN55.pc.snd.wav,,loaded,bus_voice,grp_voice,snp_voice,,75,0,84,88,75,3250,4000,allon,default,allon,default,6,1,priority,reject,-300,300,30,60,0.25,1,3d,default,nonlooping,,1,0,0,0,0,0.45,no,no,none,0,,no,,,yes,no,no,0,0,yes,yes,,0,,no,no,no
zmb_vocals_zombie_crawler_loud,raw\sound\vox\zmb\standard\crawl\crawl_01.LN55.pc.snd.wav,,loaded,bus_voice,grp_voice,snp_voice,,75,0,84,88,75,3250,4000,allon,default,allon,default,6,1,priority,reject,-300,300,30,60,0.25,1,3d,default,nonlooping,,1,0,0,0,0,0.45,no,no,none,0,,no,,,yes,no,no,0,0,yes,yes,,0,,no,no,no
zmb_vocals_zombie_crawler_loud,raw\sound\vox\zmb\standard\crawl\crawl_02.LN55.pc.snd.wav,,loaded,bus_voice,grp_voice,snp_voice,,75,0,84,88,75,3250,4000,allon,default,allon,default,6,1,priority,reject,-300,300,30,60,0.25,1,3d,default,nonlooping,,1,0,0,0,0,0.45,no,no,none,0,,no,,,yes,no,no,0,0,yes,yes,,0,,no,no,no
zmb_vocals_zombie_crawler_loud,raw\sound\vox\zmb\standard\crawl\crawl_03.LN55.pc.snd.wav,,loaded,bus_voice,grp_voice,snp_voice,,75,0,84,88,75,3250,4000,allon,default,allon,default,6,1,priority,reject,-300,300,30,60,0.25,1,3d,default,nonlooping,,1,0,0,0,0,0.45,no,no,none,0,,no,,,yes,no,no,0,0,yes,yes,,0,,no,no,no
zmb_vocals_zombie_crawler_loud,raw\sound\vox\zmb\standard\crawl\crawl_04.LN55.pc.snd.wav,,loaded,bus_voice,grp_voice,snp_voice,,75,0,84,88,75,3250,4000,allon,default,allon,default,6,1,priority,reject,-300,300,30,60,0.25,1,3d,default,nonlooping,,1,0,0,0,0,0.45,no,no,none,0,,no,,,yes,no,no,0,0,yes,yes,,0,,no,no,no
zmb_vocals_zombie_crawler_loud,raw\sound\vox\zmb\standard\crawl\crawl_05.LN55.pc.snd.wav,,loaded,bus_voice,grp_voice,snp_voice,,75,0,84,88,75,3250,4000,allon,default,allon,default,6,1,priority,reject,-300,300,30,60,0.25,1,3d,default,nonlooping,,1,0,0,0,0,0.45,no,no,none,0,,no,,,yes,no,no,0,0,yes,yes,,0,,no,no,no
zmb_vocals_zombie_death,raw\sound\vox\zmb\standard\death\death_00.LN55.pc.snd.wav,,loaded,bus_voice,grp_voice,snp_voice,,72,0,79,82,75,500,750,allon,default,allon,default,6,1,priority,reject,-300,300,30,60,0.25,1,3d,default,nonlooping,,1,0,0,0,0,0.75,no,no,none,0,,no,,,yes,no,no,0,0,yes,no,,0,,no,no,no
zmb_vocals_zombie_death,raw\sound\vox\zmb\standard\death\death_01.LN55.pc.snd.wav,,loaded,bus_voice,grp_voice,snp_voice,,72,0,79,82,75,500,750,allon,default,allon,default,6,1,priority,reject,-300,300,30,60,0.25,1,3d,default,nonlooping,,1,0,0,0,0,0.75,no,no,none,0,,no,,,yes,no,no,0,0,yes,no,,0,,no,no,no
zmb_vocals_zombie_death,raw\sound\vox\zmb\standard\death\death_02.LN55.pc.snd.wav,,loaded,bus_voice,grp_voice,snp_voice,,72,0,79,82,75,500,750,allon,default,allon,default,6,1,priority,reject,-300,300,30,60,0.25,1,3d,default,nonlooping,,1,0,0,0,0,0.75,no,no,none,0,,no,,,yes,no,no,0,0,yes,no,,0,,no,no,no
zmb_vocals_zombie_death,raw\sound\vox\zmb\standard\death\death_03.LN55.pc.snd.wav,,loaded,bus_voice,grp_voice,snp_voice,,72,0,79,82,75,500,750,allon,default,allon,default,6,1,priority,reject,-300,300,30,60,0.25,1,3d,default,nonlooping,,1,0,0,0,0,0.75,no,no,none,0,,no,,,yes,no,no,0,0,yes,no,,0,,no,no,no
zmb_vocals_zombie_death,raw\sound\vox\zmb\standard\death\death_04.LN55.pc.snd.wav,,loaded,bus_voice,grp_voice,snp_voice,,72,0,79,82,75,500,750,allon,default,allon,default,6,1,priority,reject,-300,300,30,60,0.25,1,3d,default,nonlooping,,1,0,0,0,0,0.75,no,no,none,0,,no,,,yes,no,no,0,0,yes,no,,0,,no,no,no
zmb_vocals_zombie_death,raw\sound\vox\zmb\standard\death\death_05.LN55.pc.snd.wav,,loaded,bus_voice,grp_voice,snp_voice,,72,0,79,82,75,500,750,allon,default,allon,default,6,1,priority,reject,-300,300,30,60,0.25,1,3d,default,nonlooping,,1,0,0,0,0,0.75,no,no,none,0,,no,,,yes,no,no,0,0,yes,no,,0,,no,no,no
zmb_vocals_zombie_death,raw\sound\vox\zmb\standard\death\death_06.LN55.pc.snd.wav,,loaded,bus_voice,grp_voice,snp_voice,,72,0,79,82,75,500,750,allon,default,allon,default,6,1,priority,reject,-300,300,30,60,0.25,1,3d,default,nonlooping,,1,0,0,0,0,0.75,no,no,none,0,,no,,,yes,no,no,0,0,yes,no,,0,,no,no,no
zmb_vocals_zombie_death,raw\sound\vox\zmb\standard\death\death_07.LN55.pc.snd.wav,,loaded,bus_voice,grp_voice,snp_voice,,72,0,79,82,75,500,750,allon,default,allon,default,6,1,priority,reject,-300,300,30,60,0.25,1,3d,default,nonlooping,,1,0,0,0,0,0.75,no,no,none,0,,no,,,yes,no,no,0,0,yes,no,,0,,no,no,no
zmb_vocals_zombie_death,raw\sound\vox\zmb\standard\death\death_08.LN55.pc.snd.wav,,loaded,bus_voice,grp_voice,snp_voice,,72,0,79,82,75,500,750,allon,default,allon,default,6,1,priority,reject,-300,300,30,60,0.25,1,3d,default,nonlooping,,1,0,0,0,0,0.75,no,no,none,0,,no,,,yes,no,no,0,0,yes,no,,0,,no,no,no
zmb_vocals_zombie_death,raw\sound\vox\zmb\standard\death\death_09.LN55.pc.snd.wav,,loaded,bus_voice,grp_voice,snp_voice,,72,0,79,82,75,500,750,allon,default,allon,default,6,1,priority,reject,-300,300,30,60,0.25,1,3d,default,nonlooping,,1,0,0,0,0,0.75,no,no,none,0,,no,,,yes,no,no,0,0,yes,no,,0,,no,no,no
zmb_vocals_zombie_death,raw\sound\vox\zmb\standard\death\death_10.LN55.pc.snd.wav,,loaded,bus_voice,grp_voice,snp_voice,,72,0,79,82,75,500,750,allon,default,allon,default,6,1,priority,reject,-300,300,30,60,0.25,1,3d,default,nonlooping,,1,0,0,0,0,0.75,no,no,none,0,,no,,,yes,no,no,0,0,yes,no,,0,,no,no,no
zmb_vocals_zombie_sprint,raw\sound\vox\zmb\standard\sprint\sprint_00.LN55.pc.snd.wav,,loaded,bus_voice,grp_voice,snp_voice,,75,0,74,77,25,1500,1750,allon,default,allon,default,3,1,priority,reject,-300,300,30,60,0.25,1,3d,default,nonlooping,,1,0,25,75,98,0.5,no,no,none,0,,no,,,yes,no,no,0,0,yes,yes,,0,,no,no,no
zmb_vocals_zombie_sprint,raw\sound\vox\zmb\standard\sprint\sprint_01.LN55.pc.snd.wav,,loaded,bus_voice,grp_voice,snp_voice,,75,0,74,77,25,1500,1750,allon,default,allon,default,3,1,priority,reject,-300,300,30,60,0.25,1,3d,default,nonlooping,,1,0,25,75,98,0.5,no,no,none,0,,no,,,yes,no,no,0,0,yes,yes,,0,,no,no,no
zmb_vocals_zombie_sprint,raw\sound\vox\zmb\standard\sprint\sprint_02.LN55.pc.snd.wav,,loaded,bus_voice,grp_voice,snp_voice,,75,0,74,77,25,1500,1750,allon,default,allon,default,3,1,priority,reject,-300,300,30,60,0.25,1,3d,default,nonlooping,,1,0,25,75,98,0.5,no,no,none,0,,no,,,yes,no,no,0,0,yes,yes,,0,,no,no,no
zmb_vocals_zombie_sprint,raw\sound\vox\zmb\standard\sprint\sprint_03.LN55.pc.snd.wav,,loaded,bus_voice,grp_voice,snp_voice,,75,0,74,77,25,1500,1750,allon,default,allon,default,3,1,priority,reject,-300,300,30,60,0.25,1,3d,default,nonlooping,,1,0,25,75,98,0.5,no,no,none,0,,no,,,yes,no,no,0,0,yes,yes,,0,,no,no,no
zmb_vocals_zombie_sprint,raw\sound\vox\zmb\standard\sprint\sprint_04.LN55.pc.snd.wav,,loaded,bus_voice,grp_voice,snp_voice,,75,0,74,77,25,1500,1750,allon,default,allon,default,3,1,priority,reject,-300,300,30,60,0.25,1,3d,default,nonlooping,,1,0,25,75,98,0.5,no,no,none,0,,no,,,yes,no,no,0,0,yes,yes,,0,,no,no,no
zmb_vocals_zombie_sprint,raw\sound\vox\zmb\standard\sprint\sprint_05.LN55.pc.snd.wav,,loaded,bus_voice,grp_voice,snp_voice,,75,0,74,77,25,1500,1750,allon,default,allon,default,3,1,priority,reject,-300,300,30,60,0.25,1,3d,default,nonlooping,,1,0,25,75,98,0.5,no,no,none,0,,no,,,yes,no,no,0,0,yes,yes,,0,,no,no,no
zmb_vocals_zombie_sprint,raw\sound\vox\zmb\standard\sprint\sprint_06.LN55.pc.snd.wav,,loaded,bus_voice,grp_voice,snp_voice,,75,0,74,77,25,1500,1750,allon,default,allon,default,3,1,priority,reject,-300,300,30,60,0.25,1,3d,default,nonlooping,,1,0,25,75,98,0.5,no,no,none,0,,no,,,yes,no,no,0,0,yes,yes,,0,,no,no,no
zmb_vocals_zombie_sprint,raw\sound\vox\zmb\standard\sprint\sprint_07.LN55.pc.snd.wav,,loaded,bus_voice,grp_voice,snp_voice,,75,0,74,77,25,1500,1750,allon,default,allon,default,3,1,priority,reject,-300,300,30,60,0.25,1,3d,default,nonlooping,,1,0,25,75,98,0.5,no,no,none,0,,no,,,yes,no,no,0,0,yes,yes,,0,,no,no,no
zmb_vocals_zombie_sprint,raw\sound\vox\zmb\standard\sprint\sprint_08.LN55.pc.snd.wav,,loaded,bus_voice,grp_voice,snp_voice,,75,0,74,77,25,1500,1750,allon,default,allon,default,3,1,priority,reject,-300,300,30,60,0.25,1,3d,default,nonlooping,,1,0,25,75,98,0.5,no,no,none,0,,no,,,yes,no,no,0,0,yes,yes,,0,,no,no,no
zmb_vocals_zombie_sprint_loud,raw\sound\vox\zmb\standard\sprint\sprint_00.LN55.pc.snd.wav,,loaded,bus_voice,grp_voice,snp_voice,,75,0,84,88,75,3250,4000,allon,default,allon,default,3,1,priority,reject,-300,300,30,60,0.25,1,3d,default,nonlooping,,1,0,25,75,98,0.3,no,no,none,0,,no,,,yes,no,no,0,0,yes,yes,,0,,no,no,no
zmb_vocals_zombie_sprint_loud,raw\sound\vox\zmb\standard\sprint\sprint_01.LN55.pc.snd.wav,,loaded,bus_voice,grp_voice,snp_voice,,75,0,84,88,75,3250,4000,allon,default,allon,default,3,1,priority,reject,-300,300,30,60,0.25,1,3d,default,nonlooping,,1,0,25,75,98,0.3,no,no,none,0,,no,,,yes,no,no,0,0,yes,yes,,0,,no,no,no
zmb_vocals_zombie_sprint_loud,raw\sound\vox\zmb\standard\sprint\sprint_02.LN55.pc.snd.wav,,loaded,bus_voice,grp_voice,snp_voice,,75,0,84,88,75,3250,4000,allon,default,allon,default,3,1,priority,reject,-300,300,30,60,0.25,1,3d,default,nonlooping,,1,0,25,75,98,0.3,no,no,none,0,,no,,,yes,no,no,0,0,yes,yes,,0,,no,no,no
zmb_vocals_zombie_sprint_loud,raw\sound\vox\zmb\standard\sprint\sprint_03.LN55.pc.snd.wav,,loaded,bus_voice,grp_voice,snp_voice,,75,0,84,88,75,3250,4000,allon,default,allon,default,3,1,priority,reject,-300,300,30,60,0.25,1,3d,default,nonlooping,,1,0,25,75,98,0.3,no,no,none,0,,no,,,yes,no,no,0,0,yes,yes,,0,,no,no,no
zmb_vocals_zombie_sprint_loud,raw\sound\vox\zmb\standard\sprint\sprint_04.LN55.pc.snd.wav,,loaded,bus_voice,grp_voice,snp_voice,,75,0,84,88,75,3250,4000,allon,default,allon,default,3,1,priority,reject,-300,300,30,60,0.25,1,3d,default,nonlooping,,1,0,25,75,98,0.3,no,no,none,0,,no,,,yes,no,no,0,0,yes,yes,,0,,no,no,no
zmb_vocals_zombie_sprint_loud,raw\sound\vox\zmb\standard\sprint\sprint_05.LN55.pc.snd.wav,,loaded,bus_voice,grp_voice,snp_voice,,75,0,84,88,75,3250,4000,allon,default,allon,default,3,1,priority,reject,-300,300,30,60,0.25,1,3d,default,nonlooping,,1,0,25,75,98,0.3,no,no,none,0,,no,,,yes,no,no,0,0,yes,yes,,0,,no,no,no
zmb_vocals_zombie_sprint_loud,raw\sound\vox\zmb\standard\sprint\sprint_06.LN55.pc.snd.wav,,loaded,bus_voice,grp_voice,snp_voice,,75,0,84,88,75,3250,4000,allon,default,allon,default,3,1,priority,reject,-300,300,30,60,0.25,1,3d,default,nonlooping,,1,0,25,75,98,0.3,no,no,none,0,,no,,,yes,no,no,0,0,yes,yes,,0,,no,no,no
zmb_vocals_zombie_sprint_loud,raw\sound\vox\zmb\standard\sprint\sprint_07.LN55.pc.snd.wav,,loaded,bus_voice,grp_voice,snp_voice,,75,0,84,88,75,3250,4000,allon,default,allon,default,3,1,priority,reject,-300,300,30,60,0.25,1,3d,default,nonlooping,,1,0,25,75,98,0.3,no,no,none,0,,no,,,yes,no,no,0,0,yes,yes,,0,,no,no,no
zmb_vocals_zombie_sprint_loud,raw\sound\vox\zmb\standard\sprint\sprint_08.LN55.pc.snd.wav,,loaded,bus_voice,grp_voice,snp_voice,,75,0,84,88,75,3250,4000,allon,default,allon,default,3,1,priority,reject,-300,300,30,60,0.25,1,3d,default,nonlooping,,1,0,25,75,98,0.3,no,no,none,0,,no,,,yes,no,no,0,0,yes,yes,,0,,no,no,no
zmb_vocals_zombie_taunt,raw\sound\vox\zmb\standard\taunt\taunt_00.LN55.pc.snd.wav,,loaded,bus_voice,grp_voice,snp_voice,,72,0,78,81,25,500,600,allon,default,allon,default,3,1,priority,reject,-300,300,30,60,0.25,1,3d,default,nonlooping,,1,0,0,0,0,0.75,no,no,none,0,,no,,,yes,no,no,0,0,yes,yes,,0,,no,no,no
zmb_vocals_zombie_taunt,raw\sound\vox\zmb\standard\taunt\taunt_01.LN55.pc.snd.wav,,loaded,bus_voice,grp_voice,snp_voice,,72,0,78,81,25,500,600,allon,default,allon,default,3,1,priority,reject,-300,300,30,60,0.25,1,3d,default,nonlooping,,1,0,0,0,0,0.75,no,no,none,0,,no,,,yes,no,no,0,0,yes,yes,,0,,no,no,no
zmb_vocals_zombie_taunt,raw\sound\vox\zmb\standard\taunt\taunt_02.LN55.pc.snd.wav,,loaded,bus_voice,grp_voice,snp_voice,,72,0,78,81,25,500,600,allon,default,allon,default,3,1,priority,reject,-300,300,30,60,0.25,1,3d,default,nonlooping,,1,0,0,0,0,0.75,no,no,none,0,,no,,,yes,no,no,0,0,yes,yes,,0,,no,no,no
zmb_vocals_zombie_taunt,raw\sound\vox\zmb\standard\taunt\taunt_03.LN55.pc.snd.wav,,loaded,bus_voice,grp_voice,snp_voice,,72,0,78,81,25,500,600,allon,default,allon,default,3,1,priority,reject,-300,300,30,60,0.25,1,3d,default,nonlooping,,1,0,0,0,0,0.75,no,no,none,0,,no,,,yes,no,no,0,0,yes,yes,,0,,no,no,no
zmb_vocals_zombie_taunt,raw\sound\vox\zmb\standard\taunt\taunt_04.LN55.pc.snd.wav,,loaded,bus_voice,grp_voice,snp_voice,,72,0,78,81,25,500,600,allon,default,allon,default,3,1,priority,reject,-300,300,30,60,0.25,1,3d,default,nonlooping,,1,0,0,0,0,0.75,no,no,none,0,,no,,,yes,no,no,0,0,yes,yes,,0,,no,no,no
zmb_vocals_zombie_taunt,raw\sound\vox\zmb\standard\taunt\taunt_05.LN55.pc.snd.wav,,loaded,bus_voice,grp_voice,snp_voice,,72,0,78,81,25,500,600,allon,default,allon,default,3,1,priority,reject,-300,300,30,60,0.25,1,3d,default,nonlooping,,1,0,0,0,0,0.75,no,no,none,0,,no,,,yes,no,no,0,0,yes,yes,,0,,no,no,no
zmb_vocals_zombie_taunt,raw\sound\vox\zmb\standard\taunt\taunt_06.LN55.pc.snd.wav,,loaded,bus_voice,grp_voice,snp_voice,,72,0,78,81,25,500,600,allon,default,allon,default,3,1,priority,reject,-300,300,30,60,0.25,1,3d,default,nonlooping,,1,0,0,0,0,0.75,no,no,none,0,,no,,,yes,no,no,0,0,yes,yes,,0,,no,no,no
zmb_vocals_zombie_teardown,raw\sound\vox\zmb\standard\attack\attack_00.LN55.pc.snd.wav,,loaded,bus_voice,grp_voice,snp_voice,,72,0,74,77,25,1000,1075,allon,default,allon,default,5,1,priority,reject,-300,300,70,90,0.25,1,3d,default,nonlooping,,1,0,0,0,0,0.75,no,no,none,0,,no,,,yes,no,no,0,0,yes,yes,,0,,no,no,no
zmb_vocals_zombie_teardown,raw\sound\vox\zmb\standard\attack\attack_01.LN55.pc.snd.wav,,loaded,bus_voice,grp_voice,snp_voice,,72,0,74,77,25,1000,1075,allon,default,allon,default,5,1,priority,reject,-300,300,70,90,0.25,1,3d,default,nonlooping,,1,0,0,0,0,0.75,no,no,none,0,,no,,,yes,no,no,0,0,yes,yes,,0,,no,no,no
zmb_vocals_zombie_teardown,raw\sound\vox\zmb\standard\attack\attack_02.LN55.pc.snd.wav,,loaded,bus_voice,grp_voice,snp_voice,,72,0,74,77,25,1000,1075,allon,default,allon,default,5,1,priority,reject,-300,300,70,90,0.25,1,3d,default,nonlooping,,1,0,0,0,0,0.75,no,no,none,0,,no,,,yes,no,no,0,0,yes,yes,,0,,no,no,no
zmb_vocals_zombie_teardown,raw\sound\vox\zmb\standard\attack\attack_03.LN55.pc.snd.wav,,loaded,bus_voice,grp_voice,snp_voice,,72,0,74,77,25,1000,1075,allon,default,allon,default,5,1,priority,reject,-300,300,70,90,0.25,1,3d,default,nonlooping,,1,0,0,0,0,0.75,no,no,none,0,,no,,,yes,no,no,0,0,yes,yes,,0,,no,no,no
zmb_vocals_zombie_teardown,raw\sound\vox\zmb\standard\attack\attack_04.LN55.pc.snd.wav,,loaded,bus_voice,grp_voice,snp_voice,,72,0,74,77,25,1000,1075,allon,default,allon,default,5,1,priority,reject,-300,300,70,90,0.25,1,3d,default,nonlooping,,1,0,0,0,0,0.75,no,no,none,0,,no,,,yes,no,no,0,0,yes,yes,,0,,no,no,no
zmb_vocals_zombie_teardown,raw\sound\vox\zmb\standard\attack\attack_05.LN55.pc.snd.wav,,loaded,bus_voice,grp_voice,snp_voice,,72,0,74,77,25,1000,1075,allon,default,allon,default,5,1,priority,reject,-300,300,70,90,0.25,1,3d,default,nonlooping,,1,0,0,0,0,0.75,no,no,none,0,,no,,,yes,no,no,0,0,yes,yes,,0,,no,no,no
zmb_vocals_zombie_teardown,raw\sound\vox\zmb\standard\attack\attack_06.LN55.pc.snd.wav,,loaded,bus_voice,grp_voice,snp_voice,,72,0,74,77,25,1000,1075,allon,default,allon,default,5,1,priority,reject,-300,300,70,90,0.25,1,3d,default,nonlooping,,1,0,0,0,0,0.75,no,no,none,0,,no,,,yes,no,no,0,0,yes,yes,,0,,no,no,no
zmb_vocals_zombie_teardown,raw\sound\vox\zmb\standard\attack\attack_07.LN55.pc.snd.wav,,loaded,bus_voice,grp_voice,snp_voice,,72,0,74,77,25,1000,1075,allon,default,allon,default,5,1,priority,reject,-300,300,70,90,0.25,1,3d,default,nonlooping,,1,0,0,0,0,0.75,no,no,none,0,,no,,,yes,no,no,0,0,yes,yes,,0,,no,no,no
zmb_vocals_zombie_teardown,raw\sound\vox\zmb\standard\attack\attack_08.LN55.pc.snd.wav,,loaded,bus_voice,grp_voice,snp_voice,,72,0,74,77,25,1000,1075,allon,default,allon,default,5,1,priority,reject,-300,300,70,90,0.25,1,3d,default,nonlooping,,1,0,0,0,0,0.75,no,no,none,0,,no,,,yes,no,no,0,0,yes,yes,,0,,no,no,no
zmb_vocals_zombie_teardown,raw\sound\vox\zmb\standard\attack\attack_09.LN55.pc.snd.wav,,loaded,bus_voice,grp_voice,snp_voice,,72,0,74,77,25,1000,1075,allon,default,allon,default,5,1,priority,reject,-300,300,70,90,0.25,1,3d,default,nonlooping,,1,0,0,0,0,0.75,no,no,none,0,,no,,,yes,no,no,0,0,yes,yes,,0,,no,no,no
zmb_vocals_zombie_teardown,raw\sound\vox\zmb\standard\attack\attack_10.LN55.pc.snd.wav,,loaded,bus_voice,grp_voice,snp_voice,,72,0,74,77,25,1000,1075,allon,default,allon,default,5,1,priority,reject,-300,300,70,90,0.25,1,3d,default,nonlooping,,1,0,0,0,0,0.75,no,no,none,0,,no,,,yes,no,no,0,0,yes,yes,,0,,no,no,no
zmb_vocals_zombie_teardown,raw\sound\vox\zmb\standard\attack\attack_11.LN55.pc.snd.wav,,loaded,bus_voice,grp_voice,snp_voice,,72,0,74,77,25,1000,1075,allon,default,allon,default,5,1,priority,reject,-300,300,70,90,0.25,1,3d,default,nonlooping,,1,0,0,0,0,0.75,no,no,none,0,,no,,,yes,no,no,0,0,yes,yes,,0,,no,no,no
zmb_vocals_zombie_teardown,raw\sound\vox\zmb\standard\attack\attack_12.LN55.pc.snd.wav,,loaded,bus_voice,grp_voice,snp_voice,,72,0,74,77,25,1000,1075,allon,default,allon,default,5,1,priority,reject,-300,300,70,90,0.25,1,3d,default,nonlooping,,1,0,0,0,0,0.75,no,no,none,0,,no,,,yes,no,no,0,0,yes,yes,,0,,no,no,no
zmb_vocals_zombie_teardown,raw\sound\vox\zmb\standard\attack\attack_13.LN55.pc.snd.wav,,loaded,bus_voice,grp_voice,snp_voice,,72,0,74,77,25,1000,1075,allon,default,allon,default,5,1,priority,reject,-300,300,70,90,0.25,1,3d,default,nonlooping,,1,0,0,0,0,0.75,no,no,none,0,,no,,,yes,no,no,0,0,yes,yes,,0,,no,no,no
zmb_vocals_zombie_teardown,raw\sound\vox\zmb\standard\attack\attack_14.LN55.pc.snd.wav,,loaded,bus_voice,grp_voice,snp_voice,,72,0,74,77,25,1000,1075,allon,default,allon,default,5,1,priority,reject,-300,300,70,90,0.25,1,3d,default,nonlooping,,1,0,0,0,0,0.75,no,no,none,0,,no,,,yes,no,no,0,0,yes,yes,,0,,no,no,no
zmb_vocals_zombie_teardown,raw\sound\vox\zmb\standard\attack\attack_15.LN55.pc.snd.wav,,loaded,bus_voice,grp_voice,snp_voice,,72,0,74,77,25,1000,1075,allon,default,allon,default,5,1,priority,reject,-300,300,70,90,0.25,1,3d,default,nonlooping,,1,0,0,0,0,0.75,no,no,none,0,,no,,,yes,no,no,0,0,yes,yes,,0,,no,no,no
zmb_vocals_zombie_teardown_loud,raw\sound\vox\zmb\standard\attack\attack_00.LN55.pc.snd.wav,,loaded,bus_voice,grp_voice,snp_voice,,75,0,84,88,75,3250,4000,allon,default,allon,default,5,1,priority,reject,-300,300,70,90,0.25,1,3d,default,nonlooping,,1,0,0,0,0,0.45,no,no,none,0,,no,,,yes,no,no,0,0,yes,yes,,0,,no,no,no
zmb_vocals_zombie_teardown_loud,raw\sound\vox\zmb\standard\attack\attack_01.LN55.pc.snd.wav,,loaded,bus_voice,grp_voice,snp_voice,,75,0,84,88,75,3250,4000,allon,default,allon,default,5,1,priority,reject,-300,300,70,90,0.25,1,3d,default,nonlooping,,1,0,0,0,0,0.45,no,no,none,0,,no,,,yes,no,no,0,0,yes,yes,,0,,no,no,no
zmb_vocals_zombie_teardown_loud,raw\sound\vox\zmb\standard\attack\attack_02.LN55.pc.snd.wav,,loaded,bus_voice,grp_voice,snp_voice,,75,0,84,88,75,3250,4000,allon,default,allon,default,5,1,priority,reject,-300,300,70,90,0.25,1,3d,default,nonlooping,,1,0,0,0,0,0.45,no,no,none,0,,no,,,yes,no,no,0,0,yes,yes,,0,,no,no,no
zmb_vocals_zombie_teardown_loud,raw\sound\vox\zmb\standard\attack\attack_03.LN55.pc.snd.wav,,loaded,bus_voice,grp_voice,snp_voice,,75,0,84,88,75,3250,4000,allon,default,allon,default,5,1,priority,reject,-300,300,70,90,0.25,1,3d,default,nonlooping,,1,0,0,0,0,0.45,no,no,none,0,,no,,,yes,no,no,0,0,yes,yes,,0,,no,no,no
zmb_vocals_zombie_teardown_loud,raw\sound\vox\zmb\standard\attack\attack_04.LN55.pc.snd.wav,,loaded,bus_voice,grp_voice,snp_voice,,75,0,84,88,75,3250,4000,allon,default,allon,default,5,1,priority,reject,-300,300,70,90,0.25,1,3d,default,nonlooping,,1,0,0,0,0,0.45,no,no,none,0,,no,,,yes,no,no,0,0,yes,yes,,0,,no,no,no
zmb_vocals_zombie_teardown_loud,raw\sound\vox\zmb\standard\attack\attack_05.LN55.pc.snd.wav,,loaded,bus_voice,grp_voice,snp_voice,,75,0,84,88,75,3250,4000,allon,default,allon,default,5,1,priority,reject,-300,300,70,90,0.25,1,3d,default,nonlooping,,1,0,0,0,0,0.45,no,no,none,0,,no,,,yes,no,no,0,0,yes,yes,,0,,no,no,no
zmb_vocals_zombie_teardown_loud,raw\sound\vox\zmb\standard\attack\attack_06.LN55.pc.snd.wav,,loaded,bus_voice,grp_voice,snp_voice,,75,0,84,88,75,3250,4000,allon,default,allon,default,5,1,priority,reject,-300,300,70,90,0.25,1,3d,default,nonlooping,,1,0,0,0,0,0.45,no,no,none,0,,no,,,yes,no,no,0,0,yes,yes,,0,,no,no,no
zmb_vocals_zombie_teardown_loud,raw\sound\vox\zmb\standard\attack\attack_07.LN55.pc.snd.wav,,loaded,bus_voice,grp_voice,snp_voice,,75,0,84,88,75,3250,4000,allon,default,allon,default,5,1,priority,reject,-300,300,70,90,0.25,1,3d,default,nonlooping,,1,0,0,0,0,0.45,no,no,none,0,,no,,,yes,no,no,0,0,yes,yes,,0,,no,no,no
zmb_vocals_zombie_teardown_loud,raw\sound\vox\zmb\standard\attack\attack_08.LN55.pc.snd.wav,,loaded,bus_voice,grp_voice,snp_voice,,75,0,84,88,75,3250,4000,allon,default,allon,default,5,1,priority,reject,-300,300,70,90,0.25,1,3d,default,nonlooping,,1,0,0,0,0,0.45,no,no,none,0,,no,,,yes,no,no,0,0,yes,yes,,0,,no,no,no
zmb_vocals_zombie_teardown_loud,raw\sound\vox\zmb\standard\attack\attack_09.LN55.pc.snd.wav,,loaded,bus_voice,grp_voice,snp_voice,,75,0,84,88,75,3250,4000,allon,default,allon,default,5,1,priority,reject,-300,300,70,90,0.25,1,3d,default,nonlooping,,1,0,0,0,0,0.45,no,no,none,0,,no,,,yes,no,no,0,0,yes,yes,,0,,no,no,no
zmb_vocals_zombie_teardown_loud,raw\sound\vox\zmb\standard\attack\attack_10.LN55.pc.snd.wav,,loaded,bus_voice,grp_voice,snp_voice,,75,0,84,88,75,3250,4000,allon,default,allon,default,5,1,priority,reject,-300,300,70,90,0.25,1,3d,default,nonlooping,,1,0,0,0,0,0.45,no,no,none,0,,no,,,yes,no,no,0,0,yes,yes,,0,,no,no,no
zmb_vocals_zombie_teardown_loud,raw\sound\vox\zmb\standard\attack\attack_11.LN55.pc.snd.wav,,loaded,bus_voice,grp_voice,snp_voice,,75,0,84,88,75,3250,4000,allon,default,allon,default,5,1,priority,reject,-300,300,70,90,0.25,1,3d,default,nonlooping,,1,0,0,0,0,0.45,no,no,none,0,,no,,,yes,no,no,0,0,yes,yes,,0,,no,no,no
zmb_vocals_zombie_teardown_loud,raw\sound\vox\zmb\standard\attack\attack_12.LN55.pc.snd.wav,,loaded,bus_voice,grp_voice,snp_voice,,75,0,84,88,75,3250,4000,allon,default,allon,default,5,1,priority,reject,-300,300,70,90,0.25,1,3d,default,nonlooping,,1,0,0,0,0,0.45,no,no,none,0,,no,,,yes,no,no,0,0,yes,yes,,0,,no,no,no
zmb_vocals_zombie_teardown_loud,raw\sound\vox\zmb\standard\attack\attack_13.LN55.pc.snd.wav,,loaded,bus_voice,grp_voice,snp_voice,,75,0,84,88,75,3250,4000,allon,default,allon,default,5,1,priority,reject,-300,300,70,90,0.25,1,3d,default,nonlooping,,1,0,0,0,0,0.45,no,no,none,0,,no,,,yes,no,no,0,0,yes,yes,,0,,no,no,no
zmb_vocals_zombie_teardown_loud,raw\sound\vox\zmb\standard\attack\attack_14.LN55.pc.snd.wav,,loaded,bus_voice,grp_voice,snp_voice,,75,0,84,88,75,3250,4000,allon,default,allon,default,5,1,priority,reject,-300,300,70,90,0.25,1,3d,default,nonlooping,,1,0,0,0,0,0.45,no,no,none,0,,no,,,yes,no,no,0,0,yes,yes,,0,,no,no,no
zmb_vocals_zombie_teardown_loud,raw\sound\vox\zmb\standard\attack\attack_15.LN55.pc.snd.wav,,loaded,bus_voice,grp_voice,snp_voice,,75,0,84,88,75,3250,4000,allon,default,allon,default,5,1,priority,reject,-300,300,70,90,0.25,1,3d,default,nonlooping,,1,0,0,0,0,0.45,no,no,none,0,,no,,,yes,no,no,0,0,yes,yes,,0,,no,no,no
zmb_zombie_end_inert,raw\sound\vox\zmb\standard\elec\elec_00.LN55.pc.snd.wav,,loaded,bus_hdrfx,grp_hdrfx,snp_hdrfx,,40,0,86,86,50,2250,2500,allon,default,allon,default,6,8,priority,oldest,-200,200,95,100,0.25,1,3d,default,nonlooping,,1,0,0,0,0,0.25,no,yes,none,0,,no,,,yes,no,no,0,0,yes,no,,0,,no,no,no
zmb_zombie_end_inert,raw\sound\vox\zmb\standard\elec\elec_01.LN55.pc.snd.wav,,loaded,bus_hdrfx,grp_hdrfx,snp_hdrfx,,40,0,86,86,50,2250,2500,allon,default,allon,default,6,8,priority,oldest,-200,200,95,100,0.25,1,3d,default,nonlooping,,1,0,0,0,0,0.25,no,yes,none,0,,no,,,yes,no,no,0,0,yes,no,,0,,no,no,no
zmb_zombie_end_inert,raw\sound\vox\zmb\standard\elec\elec_02.LN55.pc.snd.wav,,loaded,bus_hdrfx,grp_hdrfx,snp_hdrfx,,40,0,86,86,50,2250,2500,allon,default,allon,default,6,8,priority,oldest,-200,200,95,100,0.25,1,3d,default,nonlooping,,1,0,0,0,0,0.25,no,yes,none,0,,no,,,yes,no,no,0,0,yes,no,,0,,no,no,no
zmb_zombie_end_inert,raw\sound\vox\zmb\standard\elec\elec_03.LN55.pc.snd.wav,,loaded,bus_hdrfx,grp_hdrfx,snp_hdrfx,,40,0,86,86,50,2250,2500,allon,default,allon,default,6,8,priority,oldest,-200,200,95,100,0.25,1,3d,default,nonlooping,,1,0,0,0,0,0.25,no,yes,none,0,,no,,,yes,no,no,0,0,yes,no,,0,,no,no,no
zmb_zombie_end_inert,raw\sound\vox\zmb\standard\elec\elec_04.LN55.pc.snd.wav,,loaded,bus_hdrfx,grp_hdrfx,snp_hdrfx,,40,0,86,86,50,2250,2500,allon,default,allon,default,6,8,priority,oldest,-200,200,95,100,0.25,1,3d,default,nonlooping,,1,0,0,0,0,0.25,no,yes,none,0,,no,,,yes,no,no,0,0,yes,no,,0,,no,no,no
zmb_zombie_end_inert,raw\sound\vox\zmb\standard\elec\elec_05.LN55.pc.snd.wav,,loaded,bus_hdrfx,grp_hdrfx,snp_hdrfx,,40,0,86,86,50,2250,2500,allon,default,allon,default,6,8,priority,oldest,-200,200,95,100,0.25,1,3d,default,nonlooping,,1,0,0,0,0,0.25,no,yes,none,0,,no,,,yes,no,no,0,0,yes,no,,0,,no,no,no
fly_gear_run_plr,raw\sound\fly\footsteps\gear_weight\fly_gear_weight_00.LN65.pc.snd.wav,fly_weight_run_plr,loaded,bus_fx,grp_foley,snp_foley,,0,0,45,47,0,5000,5000,allon,default,allon,default,2,8,oldest,oldest,-150,150,70,70,0,1,2d,front,nonlooping,,1,10,0,0,0,0.25,no,yes,none,0,,no,,,yes,no,no,0,0,yes,no,,0,,no,no,no
fly_gear_run_plr,raw\sound\fly\footsteps\gear_weight\fly_gear_weight_01.LN65.pc.snd.wav,fly_weight_run_plr,loaded,bus_fx,grp_foley,snp_foley,,0,0,45,47,0,5000,5000,allon,default,allon,default,2,8,oldest,oldest,-150,150,70,70,0,1,2d,front,nonlooping,,1,10,0,0,0,0.25,no,yes,none,0,,no,,,yes,no,no,0,0,yes,no,,0,,no,no,no
fly_gear_sprint_plr,raw\sound\fly\footsteps\gear_weight\fly_gear_weight_00.LN65.pc.snd.wav,fly_weight_sprint_plr,loaded,bus_fx,grp_foley,snp_foley,,0,0,66,71,0,5000,5000,allon,default,allon,default,2,8,oldest,oldest,-200,200,70,70,0,1,2d,front,nonlooping,,1,10,0,0,0,0.25,no,yes,none,0,,no,,,yes,no,no,0,0,yes,no,,0,,no,no,no
fly_gear_sprint_plr,raw\sound\fly\footsteps\gear_weight\fly_gear_weight_01.LN65.pc.snd.wav,fly_weight_sprint_plr,loaded,bus_fx,grp_foley,snp_foley,,0,0,66,71,0,5000,5000,allon,default,allon,default,2,8,oldest,oldest,-200,200,70,70,0,1,2d,front,nonlooping,,1,10,0,0,0,0.25,no,yes,none,0,,no,,,yes,no,no,0,0,yes,no,,0,,no,no,no
fly_body_scoot_plr,raw\sound\fly\footsteps\prone\drag\drag_00.LN65.pc.snd.wav,,loaded,bus_fx,grp_foley,snp_foley,,60,0,60,63,0,5000,5000,allon,default,allon,default,2,8,oldest,oldest,-80,70,70,70,0,1,2d,front,nonlooping,,1,200,0,0,0,0.25,no,yes,none,0,,no,,,yes,no,no,0,0,yes,no,,0,,no,no,no
fly_body_scoot_plr,raw\sound\fly\footsteps\prone\drag\drag_01.LN65.pc.snd.wav,,loaded,bus_fx,grp_foley,snp_foley,,60,0,60,63,0,5000,5000,allon,default,allon,default,2,8,oldest,oldest,-80,70,70,70,0,1,2d,front,nonlooping,,1,200,0,0,0,0.25,no,yes,none,0,,no,,,yes,no,no,0,0,yes,no,,0,,no,no,no
fly_body_scoot_plr,raw\sound\fly\footsteps\prone\drag\drag_02.LN65.pc.snd.wav,,loaded,bus_fx,grp_foley,snp_foley,,60,0,60,63,0,5000,5000,allon,default,allon,default,2,8,oldest,oldest,-80,70,70,70,0,1,2d,front,nonlooping,,1,200,0,0,0,0.25,no,yes,none,0,,no,,,yes,no,no,0,0,yes,no,,0,,no,no,no
fly_cloth_land_plr,raw\sound\fly\footsteps\cloth\new\cloth_set_00.LN65.pc.snd.wav,,loaded,bus_fx,grp_foley,snp_foley,,73,0,77,77,0,5000,5000,allon,default,allon,default,4,8,oldest,oldest,-200,200,70,70,0,1,2d,front,nonlooping,,1,0,0,0,0,0.25,no,yes,none,0,,no,,,yes,no,no,0,0,yes,no,,0,,no,no,no
fly_cloth_land_plr,raw\sound\fly\footsteps\cloth\new\cloth_set_01.LN65.pc.snd.wav,,loaded,bus_fx,grp_foley,snp_foley,,73,0,77,77,0,5000,5000,allon,default,allon,default,4,8,oldest,oldest,-200,200,70,70,0,1,2d,front,nonlooping,,1,0,0,0,0,0.25,no,yes,none,0,,no,,,yes,no,no,0,0,yes,no,,0,,no,no,no
fly_cloth_land_plr,raw\sound\fly\footsteps\cloth\new\cloth_set_02.LN65.pc.snd.wav,,loaded,bus_fx,grp_foley,snp_foley,,73,0,77,77,0,5000,5000,allon,default,allon,default,4,8,oldest,oldest,-200,200,70,70,0,1,2d,front,nonlooping,,1,0,0,0,0,0.25,no,yes,none,0,,no,,,yes,no,no,0,0,yes,no,,0,,no,no,no
fly_cloth_land_plr,raw\sound\fly\footsteps\cloth\new\cloth_set_03.LN65.pc.snd.wav,,loaded,bus_fx,grp_foley,snp_foley,,73,0,77,77,0,5000,5000,allon,default,allon,default,4,8,oldest,oldest,-200,200,70,70,0,1,2d,front,nonlooping,,1,0,0,0,0,0.25,no,yes,none,0,,no,,,yes,no,no,0,0,yes,no,,0,,no,no,no
fly_cloth_land_plr,raw\sound\fly\footsteps\cloth\new\cloth_set_04.LN65.pc.snd.wav,,loaded,bus_fx,grp_foley,snp_foley,,73,0,77,77,0,5000,5000,allon,default,allon,default,4,8,oldest,oldest,-200,200,70,70,0,1,2d,front,nonlooping,,1,0,0,0,0,0.25,no,yes,none,0,,no,,,yes,no,no,0,0,yes,no,,0,,no,no,no
fly_cloth_land_plr,raw\sound\fly\footsteps\cloth\new\cloth_set_05.LN65.pc.snd.wav,,loaded,bus_fx,grp_foley,snp_foley,,73,0,77,77,0,5000,5000,allon,default,allon,default,4,8,oldest,oldest,-200,200,70,70,0,1,2d,front,nonlooping,,1,0,0,0,0,0.25,no,yes,none,0,,no,,,yes,no,no,0,0,yes,no,,0,,no,no,no
fly_cloth_land_plr,raw\sound\fly\footsteps\cloth\new\cloth_set_06.LN65.pc.snd.wav,,loaded,bus_fx,grp_foley,snp_foley,,73,0,77,77,0,5000,5000,allon,default,allon,default,4,8,oldest,oldest,-200,200,70,70,0,1,2d,front,nonlooping,,1,0,0,0,0,0.25,no,yes,none,0,,no,,,yes,no,no,0,0,yes,no,,0,,no,no,no
fly_cloth_plr,raw\sound\fly\footsteps\cloth\new\cloth_set_00.LN65.pc.snd.wav,,loaded,bus_fx,grp_foley,snp_foley,,73,0,42,50,0,5000,5000,allon,default,allon,default,4,8,oldest,oldest,-50,50,70,70,0,1,2d,front,nonlooping,,1,25,0,0,0,0.25,no,yes,none,0,,no,,,yes,no,no,0,0,yes,no,,0,,no,no,no
fly_cloth_plr,raw\sound\fly\footsteps\cloth\new\cloth_set_01.LN65.pc.snd.wav,,loaded,bus_fx,grp_foley,snp_foley,,73,0,42,50,0,5000,5000,allon,default,allon,default,4,8,oldest,oldest,-50,50,70,70,0,1,2d,front,nonlooping,,1,25,0,0,0,0.25,no,yes,none,0,,no,,,yes,no,no,0,0,yes,no,,0,,no,no,no
fly_cloth_plr,raw\sound\fly\footsteps\cloth\new\cloth_set_02.LN65.pc.snd.wav,,loaded,bus_fx,grp_foley,snp_foley,,73,0,42,50,0,5000,5000,allon,default,allon,default,4,8,oldest,oldest,-50,50,70,70,0,1,2d,front,nonlooping,,1,25,0,0,0,0.25,no,yes,none,0,,no,,,yes,no,no,0,0,yes,no,,0,,no,no,no
fly_cloth_plr,raw\sound\fly\footsteps\cloth\new\cloth_set_03.LN65.pc.snd.wav,,loaded,bus_fx,grp_foley,snp_foley,,73,0,42,50,0,5000,5000,allon,default,allon,default,4,8,oldest,oldest,-50,50,70,70,0,1,2d,front,nonlooping,,1,25,0,0,0,0.25,no,yes,none,0,,no,,,yes,no,no,0,0,yes,no,,0,,no,no,no
fly_cloth_plr,raw\sound\fly\footsteps\cloth\new\cloth_set_04.LN65.pc.snd.wav,,loaded,bus_fx,grp_foley,snp_foley,,73,0,42,50,0,5000,5000,allon,default,allon,default,4,8,oldest,oldest,-50,50,70,70,0,1,2d,front,nonlooping,,1,25,0,0,0,0.25,no,yes,none,0,,no,,,yes,no,no,0,0,yes,no,,0,,no,no,no
fly_cloth_plr,raw\sound\fly\footsteps\cloth\new\cloth_set_05.LN65.pc.snd.wav,,loaded,bus_fx,grp_foley,snp_foley,,73,0,42,50,0,5000,5000,allon,default,allon,default,4,8,oldest,oldest,-50,50,70,70,0,1,2d,front,nonlooping,,1,25,0,0,0,0.25,no,yes,none,0,,no,,,yes,no,no,0,0,yes,no,,0,,no,no,no
fly_cloth_plr,raw\sound\fly\footsteps\cloth\new\cloth_set_06.LN65.pc.snd.wav,,loaded,bus_fx,grp_foley,snp_foley,,73,0,42,50,0,5000,5000,allon,default,allon,default,4,8,oldest,oldest,-50,50,70,70,0,1,2d,front,nonlooping,,1,25,0,0,0,0.25,no,yes,none,0,,no,,,yes,no,no,0,0,yes,no,,0,,no,no,no
fly_cloth_run_plr,raw\sound\fly\footsteps\cloth\new\cloth_set_00.LN65.pc.snd.wav,,loaded,bus_fx,grp_foley,snp_foley,,73,0,66,70,0,5000,5000,allon,default,allon,default,4,8,oldest,oldest,-150,150,70,70,0,1,2d,front,nonlooping,,1,25,0,0,0,0.25,no,yes,none,0,,no,,,yes,no,no,0,0,yes,no,,0,,no,no,no
fly_cloth_run_plr,raw\sound\fly\footsteps\cloth\new\cloth_set_01.LN65.pc.snd.wav,,loaded,bus_fx,grp_foley,snp_foley,,73,0,66,70,0,5000,5000,allon,default,allon,default,4,8,oldest,oldest,-150,150,70,70,0,1,2d,front,nonlooping,,1,25,0,0,0,0.25,no,yes,none,0,,no,,,yes,no,no,0,0,yes,no,,0,,no,no,no
fly_cloth_run_plr,raw\sound\fly\footsteps\cloth\new\cloth_set_02.LN65.pc.snd.wav,,loaded,bus_fx,grp_foley,snp_foley,,73,0,66,70,0,5000,5000,allon,default,allon,default,4,8,oldest,oldest,-150,150,70,70,0,1,2d,front,nonlooping,,1,25,0,0,0,0.25,no,yes,none,0,,no,,,yes,no,no,0,0,yes,no,,0,,no,no,no
fly_cloth_run_plr,raw\sound\fly\footsteps\cloth\new\cloth_set_03.LN65.pc.snd.wav,,loaded,bus_fx,grp_foley,snp_foley,,73,0,66,70,0,5000,5000,allon,default,allon,default,4,8,oldest,oldest,-150,150,70,70,0,1,2d,front,nonlooping,,1,25,0,0,0,0.25,no,yes,none,0,,no,,,yes,no,no,0,0,yes,no,,0,,no,no,no
fly_cloth_run_plr,raw\sound\fly\footsteps\cloth\new\cloth_set_04.LN65.pc.snd.wav,,loaded,bus_fx,grp_foley,snp_foley,,73,0,66,70,0,5000,5000,allon,default,allon,default,4,8,oldest,oldest,-150,150,70,70,0,1,2d,front,nonlooping,,1,25,0,0,0,0.25,no,yes,none,0,,no,,,yes,no,no,0,0,yes,no,,0,,no,no,no
fly_cloth_run_plr,raw\sound\fly\footsteps\cloth\new\cloth_set_05.LN65.pc.snd.wav,,loaded,bus_fx,grp_foley,snp_foley,,73,0,66,70,0,5000,5000,allon,default,allon,default,4,8,oldest,oldest,-150,150,70,70,0,1,2d,front,nonlooping,,1,25,0,0,0,0.25,no,yes,none,0,,no,,,yes,no,no,0,0,yes,no,,0,,no,no,no
fly_cloth_run_plr,raw\sound\fly\footsteps\cloth\new\cloth_set_06.LN65.pc.snd.wav,,loaded,bus_fx,grp_foley,snp_foley,,73,0,66,70,0,5000,5000,allon,default,allon,default,4,8,oldest,oldest,-150,150,70,70,0,1,2d,front,nonlooping,,1,25,0,0,0,0.25,no,yes,none,0,,no,,,yes,no,no,0,0,yes,no,,0,,no,no,no
fly_cloth_sprint_plr,raw\sound\fly\footsteps\cloth\new\cloth_set_00.LN65.pc.snd.wav,,loaded,bus_fx,grp_foley,snp_foley,,73,0,75,80,0,5000,5000,allon,default,allon,default,4,8,oldest,oldest,-200,200,70,70,0,1,2d,front,nonlooping,,1,25,0,0,0,0.25,no,yes,none,0,,no,,,yes,no,no,0,0,yes,no,,0,,no,no,no
fly_cloth_sprint_plr,raw\sound\fly\footsteps\cloth\new\cloth_set_01.LN65.pc.snd.wav,,loaded,bus_fx,grp_foley,snp_foley,,73,0,75,80,0,5000,5000,allon,default,allon,default,4,8,oldest,oldest,-200,200,70,70,0,1,2d,front,nonlooping,,1,25,0,0,0,0.25,no,yes,none,0,,no,,,yes,no,no,0,0,yes,no,,0,,no,no,no
fly_cloth_sprint_plr,raw\sound\fly\footsteps\cloth\new\cloth_set_02.LN65.pc.snd.wav,,loaded,bus_fx,grp_foley,snp_foley,,73,0,75,80,0,5000,5000,allon,default,allon,default,4,8,oldest,oldest,-200,200,70,70,0,1,2d,front,nonlooping,,1,25,0,0,0,0.25,no,yes,none,0,,no,,,yes,no,no,0,0,yes,no,,0,,no,no,no
fly_cloth_sprint_plr,raw\sound\fly\footsteps\cloth\new\cloth_set_03.LN65.pc.snd.wav,,loaded,bus_fx,grp_foley,snp_foley,,73,0,75,80,0,5000,5000,allon,default,allon,default,4,8,oldest,oldest,-200,200,70,70,0,1,2d,front,nonlooping,,1,25,0,0,0,0.25,no,yes,none,0,,no,,,yes,no,no,0,0,yes,no,,0,,no,no,no
fly_cloth_sprint_plr,raw\sound\fly\footsteps\cloth\new\cloth_set_04.LN65.pc.snd.wav,,loaded,bus_fx,grp_foley,snp_foley,,73,0,75,80,0,5000,5000,allon,default,allon,default,4,8,oldest,oldest,-200,200,70,70,0,1,2d,front,nonlooping,,1,25,0,0,0,0.25,no,yes,none,0,,no,,,yes,no,no,0,0,yes,no,,0,,no,no,no
fly_cloth_sprint_plr,raw\sound\fly\footsteps\cloth\new\cloth_set_05.LN65.pc.snd.wav,,loaded,bus_fx,grp_foley,snp_foley,,73,0,75,80,0,5000,5000,allon,default,allon,default,4,8,oldest,oldest,-200,200,70,70,0,1,2d,front,nonlooping,,1,25,0,0,0,0.25,no,yes,none,0,,no,,,yes,no,no,0,0,yes,no,,0,,no,no,no
fly_cloth_sprint_plr,raw\sound\fly\footsteps\cloth\new\cloth_set_06.LN65.pc.snd.wav,,loaded,bus_fx,grp_foley,snp_foley,,73,0,75,80,0,5000,5000,allon,default,allon,default,4,8,oldest,oldest,-200,200,70,70,0,1,2d,front,nonlooping,,1,25,0,0,0,0.25,no,yes,none,0,,no,,,yes,no,no,0,0,yes,no,,0,,no,no,no
fly_gear_run_plr,raw\sound\fly\footsteps\gear_weight\fly_gear_weight_00.LN65.pc.snd.wav,fly_weight_run_plr,loaded,bus_fx,grp_foley,snp_foley,,0,0,45,47,0,5000,5000,allon,default,allon,default,2,8,oldest,oldest,-150,150,70,70,0,1,2d,front,nonlooping,,1,10,0,0,0,0.25,no,yes,none,0,,no,,,yes,no,no,0,0,yes,no,,0,,no,no,no
fly_gear_run_plr,raw\sound\fly\footsteps\gear_weight\fly_gear_weight_01.LN65.pc.snd.wav,fly_weight_run_plr,loaded,bus_fx,grp_foley,snp_foley,,0,0,45,47,0,5000,5000,allon,default,allon,default,2,8,oldest,oldest,-150,150,70,70,0,1,2d,front,nonlooping,,1,10,0,0,0,0.25,no,yes,none,0,,no,,,yes,no,no,0,0,yes,no,,0,,no,no,no
fly_gear_sprint_plr,raw\sound\fly\footsteps\gear_weight\fly_gear_weight_00.LN65.pc.snd.wav,fly_weight_sprint_plr,loaded,bus_fx,grp_foley,snp_foley,,0,0,66,71,0,5000,5000,allon,default,allon,default,2,8,oldest,oldest,-200,200,70,70,0,1,2d,front,nonlooping,,1,10,0,0,0,0.25,no,yes,none,0,,no,,,yes,no,no,0,0,yes,no,,0,,no,no,no
fly_gear_sprint_plr,raw\sound\fly\footsteps\gear_weight\fly_gear_weight_01.LN65.pc.snd.wav,fly_weight_sprint_plr,loaded,bus_fx,grp_foley,snp_foley,,0,0,66,71,0,5000,5000,allon,default,allon,default,2,8,oldest,oldest,-200,200,70,70,0,1,2d,front,nonlooping,,1,10,0,0,0,0.25,no,yes,none,0,,no,,,yes,no,no,0,0,yes,no,,0,,no,no,no
fly_impact_land_player,raw\sound\fly\footsteps\impact\impact_00.LN65.pc.snd.wav,fly_cloth_land_plr,loaded,bus_fx,grp_foley,snp_foley,,50,0,75,75,0,5000,5000,allon,default,allon,default,2,8,oldest,oldest,-200,200,70,70,0,1,2d,front,nonlooping,,1,10,0,0,0,0.25,no,yes,none,0,,no,,,yes,no,no,0,0,yes,no,,0,,no,no,no
fly_impact_land_player,raw\sound\fly\footsteps\impact\impact_01.LN65.pc.snd.wav,fly_cloth_land_plr,loaded,bus_fx,grp_foley,snp_foley,,50,0,75,75,0,5000,5000,allon,default,allon,default,2,8,oldest,oldest,-200,200,70,70,0,1,2d,front,nonlooping,,1,10,0,0,0,0.25,no,yes,none,0,,no,,,yes,no,no,0,0,yes,no,,0,,no,no,no
fly_impact_land_player,raw\sound\fly\footsteps\impact\impact_02.LN65.pc.snd.wav,fly_cloth_land_plr,loaded,bus_fx,grp_foley,snp_foley,,50,0,75,75,0,5000,5000,allon,default,allon,default,2,8,oldest,oldest,-200,200,70,70,0,1,2d,front,nonlooping,,1,10,0,0,0,0.25,no,yes,none,0,,no,,,yes,no,no,0,0,yes,no,,0,,no,no,no
fly_impact_land_player,raw\sound\fly\footsteps\impact\impact_03.LN65.pc.snd.wav,fly_cloth_land_plr,loaded,bus_fx,grp_foley,snp_foley,,50,0,75,75,0,5000,5000,allon,default,allon,default,2,8,oldest,oldest,-200,200,70,70,0,1,2d,front,nonlooping,,1,10,0,0,0,0.25,no,yes,none,0,,no,,,yes,no,no,0,0,yes,no,,0,,no,no,no
fly_impact_land_player,raw\sound\fly\footsteps\impact\impact_04.LN65.pc.snd.wav,fly_cloth_land_plr,loaded,bus_fx,grp_foley,snp_foley,,50,0,75,75,0,5000,5000,allon,default,allon,default,2,8,oldest,oldest,-200,200,70,70,0,1,2d,front,nonlooping,,1,10,0,0,0,0.25,no,yes,none,0,,no,,,yes,no,no,0,0,yes,no,,0,,no,no,no
fly_impact_land_player,raw\sound\fly\footsteps\impact\impact_05.LN65.pc.snd.wav,fly_cloth_land_plr,loaded,bus_fx,grp_foley,snp_foley,,50,0,75,75,0,5000,5000,allon,default,allon,default,2,8,oldest,oldest,-200,200,70,70,0,1,2d,front,nonlooping,,1,10,0,0,0,0.25,no,yes,none,0,,no,,,yes,no,no,0,0,yes,no,,0,,no,no,no
fly_impact_plr,raw\sound\fly\footsteps\impact\impact_00.LN65.pc.snd.wav,fly_cloth_plr,loaded,bus_fx,grp_foley,snp_foley,,19.234,0,45,50,0,5000,5000,allon,default,allon,default,2,8,oldest,oldest,-160,160,70,70,0,1,2d,front,nonlooping,,1,10,0,0,0,0.25,no,yes,none,0,,no,,,yes,no,no,0,0,yes,no,,0,,no,no,no
fly_impact_plr,raw\sound\fly\footsteps\impact\impact_01.LN65.pc.snd.wav,fly_cloth_plr,loaded,bus_fx,grp_foley,snp_foley,,19.234,0,45,50,0,5000,5000,allon,default,allon,default,2,8,oldest,oldest,-160,160,70,70,0,1,2d,front,nonlooping,,1,10,0,0,0,0.25,no,yes,none,0,,no,,,yes,no,no,0,0,yes,no,,0,,no,no,no
fly_impact_plr,raw\sound\fly\footsteps\impact\impact_02.LN65.pc.snd.wav,fly_cloth_plr,loaded,bus_fx,grp_foley,snp_foley,,19.234,0,45,50,0,5000,5000,allon,default,allon,default,2,8,oldest,oldest,-160,160,70,70,0,1,2d,front,nonlooping,,1,10,0,0,0,0.25,no,yes,none,0,,no,,,yes,no,no,0,0,yes,no,,0,,no,no,no
fly_impact_plr,raw\sound\fly\footsteps\impact\impact_03.LN65.pc.snd.wav,fly_cloth_plr,loaded,bus_fx,grp_foley,snp_foley,,19.234,0,45,50,0,5000,5000,allon,default,allon,default,2,8,oldest,oldest,-160,160,70,70,0,1,2d,front,nonlooping,,1,10,0,0,0,0.25,no,yes,none,0,,no,,,yes,no,no,0,0,yes,no,,0,,no,no,no
fly_impact_plr,raw\sound\fly\footsteps\impact\impact_04.LN65.pc.snd.wav,fly_cloth_plr,loaded,bus_fx,grp_foley,snp_foley,,19.234,0,45,50,0,5000,5000,allon,default,allon,default,2,8,oldest,oldest,-160,160,70,70,0,1,2d,front,nonlooping,,1,10,0,0,0,0.25,no,yes,none,0,,no,,,yes,no,no,0,0,yes,no,,0,,no,no,no
fly_impact_plr,raw\sound\fly\footsteps\impact\impact_05.LN65.pc.snd.wav,fly_cloth_plr,loaded,bus_fx,grp_foley,snp_foley,,19.234,0,45,50,0,5000,5000,allon,default,allon,default,2,8,oldest,oldest,-160,160,70,70,0,1,2d,front,nonlooping,,1,10,0,0,0,0.25,no,yes,none,0,,no,,,yes,no,no,0,0,yes,no,,0,,no,no,no
fly_impact_run_plr,raw\sound\fly\footsteps\impact\impact_00.LN65.pc.snd.wav,fly_cloth_run_plr,loaded,bus_fx,grp_foley,snp_foley,,40,0,55,58,0,5000,5000,allon,default,allon,default,2,8,oldest,oldest,-20,20,70,70,0,1,2d,front,nonlooping,,1,10,0,0,0,0.25,no,yes,none,0,,no,,,yes,no,no,0,0,yes,no,,0,,no,no,no
fly_impact_run_plr,raw\sound\fly\footsteps\impact\impact_01.LN65.pc.snd.wav,fly_cloth_run_plr,loaded,bus_fx,grp_foley,snp_foley,,40,0,55,58,0,5000,5000,allon,default,allon,default,2,8,oldest,oldest,-20,20,70,70,0,1,2d,front,nonlooping,,1,10,0,0,0,0.25,no,yes,none,0,,no,,,yes,no,no,0,0,yes,no,,0,,no,no,no
fly_impact_run_plr,raw\sound\fly\footsteps\impact\impact_02.LN65.pc.snd.wav,fly_cloth_run_plr,loaded,bus_fx,grp_foley,snp_foley,,40,0,55,58,0,5000,5000,allon,default,allon,default,2,8,oldest,oldest,-20,20,70,70,0,1,2d,front,nonlooping,,1,10,0,0,0,0.25,no,yes,none,0,,no,,,yes,no,no,0,0,yes,no,,0,,no,no,no
fly_impact_run_plr,raw\sound\fly\footsteps\impact\impact_03.LN65.pc.snd.wav,fly_cloth_run_plr,loaded,bus_fx,grp_foley,snp_foley,,40,0,55,58,0,5000,5000,allon,default,allon,default,2,8,oldest,oldest,-20,20,70,70,0,1,2d,front,nonlooping,,1,10,0,0,0,0.25,no,yes,none,0,,no,,,yes,no,no,0,0,yes,no,,0,,no,no,no
fly_impact_run_plr,raw\sound\fly\footsteps\impact\impact_04.LN65.pc.snd.wav,fly_cloth_run_plr,loaded,bus_fx,grp_foley,snp_foley,,40,0,55,58,0,5000,5000,allon,default,allon,default,2,8,oldest,oldest,-20,20,70,70,0,1,2d,front,nonlooping,,1,10,0,0,0,0.25,no,yes,none,0,,no,,,yes,no,no,0,0,yes,no,,0,,no,no,no
fly_impact_run_plr,raw\sound\fly\footsteps\impact\impact_05.LN65.pc.snd.wav,fly_cloth_run_plr,loaded,bus_fx,grp_foley,snp_foley,,40,0,55,58,0,5000,5000,allon,default,allon,default,2,8,oldest,oldest,-20,20,70,70,0,1,2d,front,nonlooping,,1,10,0,0,0,0.25,no,yes,none,0,,no,,,yes,no,no,0,0,yes,no,,0,,no,no,no
fly_impact_sprint_plr,raw\sound\fly\footsteps\impact\impact_00.LN65.pc.snd.wav,fly_cloth_sprint_plr,loaded,bus_fx,grp_foley,snp_foley,,50,0,63,66,0,5000,5000,allon,default,allon,default,2,8,oldest,oldest,-20,20,70,70,0,1,2d,front,nonlooping,,1,10,0,0,0,0.25,no,yes,none,0,,no,,,yes,no,no,0,0,yes,no,,0,,no,no,no
fly_impact_sprint_plr,raw\sound\fly\footsteps\impact\impact_01.LN65.pc.snd.wav,fly_cloth_sprint_plr,loaded,bus_fx,grp_foley,snp_foley,,50,0,63,66,0,5000,5000,allon,default,allon,default,2,8,oldest,oldest,-20,20,70,70,0,1,2d,front,nonlooping,,1,10,0,0,0,0.25,no,yes,none,0,,no,,,yes,no,no,0,0,yes,no,,0,,no,no,no
fly_impact_sprint_plr,raw\sound\fly\footsteps\impact\impact_02.LN65.pc.snd.wav,fly_cloth_sprint_plr,loaded,bus_fx,grp_foley,snp_foley,,50,0,63,66,0,5000,5000,allon,default,allon,default,2,8,oldest,oldest,-20,20,70,70,0,1,2d,front,nonlooping,,1,10,0,0,0,0.25,no,yes,none,0,,no,,,yes,no,no,0,0,yes,no,,0,,no,no,no
fly_impact_sprint_plr,raw\sound\fly\footsteps\impact\impact_03.LN65.pc.snd.wav,fly_cloth_sprint_plr,loaded,bus_fx,grp_foley,snp_foley,,50,0,63,66,0,5000,5000,allon,default,allon,default,2,8,oldest,oldest,-20,20,70,70,0,1,2d,front,nonlooping,,1,10,0,0,0,0.25,no,yes,none,0,,no,,,yes,no,no,0,0,yes,no,,0,,no,no,no
fly_impact_sprint_plr,raw\sound\fly\footsteps\impact\impact_04.LN65.pc.snd.wav,fly_cloth_sprint_plr,loaded,bus_fx,grp_foley,snp_foley,,50,0,63,66,0,5000,5000,allon,default,allon,default,2,8,oldest,oldest,-20,20,70,70,0,1,2d,front,nonlooping,,1,10,0,0,0,0.25,no,yes,none,0,,no,,,yes,no,no,0,0,yes,no,,0,,no,no,no
fly_impact_sprint_plr,raw\sound\fly\footsteps\impact\impact_05.LN65.pc.snd.wav,fly_cloth_sprint_plr,loaded,bus_fx,grp_foley,snp_foley,,50,0,63,66,0,5000,5000,allon,default,allon,default,2,8,oldest,oldest,-20,20,70,70,0,1,2d,front,nonlooping,,1,10,0,0,0,0.25,no,yes,none,0,,no,,,yes,no,no,0,0,yes,no,,0,,no,no,no
fly_land_damage_plr,raw\sound\fly\footsteps\land\damage\fall_damage_00.SN60.pc.snd.flac,,streamed,bus_fx,grp_voice,snp_voice,,70,0,80,80,50,250,4000,allon,default,rev65,default,1,8,reject,oldest,0,0,40,70,0,1,3d,default,nonlooping,,1,0,50,200,80,0.5,no,no,none,0,,no,,,yes,no,no,0,0,yes,yes,,0,,no,no,no
fly_land_plr_asphalt,raw\sound\fly\footsteps\run\concrete\concrete_run_00.LN65.pc.snd.wav,fly_land_plr_asphalt_sec,loaded,bus_fx,grp_foley,snp_foley,,50,0,74,77,0,5000,5000,allon,default,allon,default,2,8,oldest,oldest,-200,200,70,70,0,1,2d,front,nonlooping,,1,10,0,0,0,0.25,no,yes,none,0,,no,,,yes,no,no,0,0,yes,no,,0,,no,no,no
fly_land_plr_asphalt,raw\sound\fly\footsteps\run\concrete\concrete_run_01.LN65.pc.snd.wav,fly_land_plr_asphalt_sec,loaded,bus_fx,grp_foley,snp_foley,,50,0,74,77,0,5000,5000,allon,default,allon,default,2,8,oldest,oldest,-200,200,70,70,0,1,2d,front,nonlooping,,1,10,0,0,0,0.25,no,yes,none,0,,no,,,yes,no,no,0,0,yes,no,,0,,no,no,no
fly_land_plr_asphalt,raw\sound\fly\footsteps\run\concrete\concrete_run_02.LN65.pc.snd.wav,fly_land_plr_asphalt_sec,loaded,bus_fx,grp_foley,snp_foley,,50,0,74,77,0,5000,5000,allon,default,allon,default,2,8,oldest,oldest,-200,200,70,70,0,1,2d,front,nonlooping,,1,10,0,0,0,0.25,no,yes,none,0,,no,,,yes,no,no,0,0,yes,no,,0,,no,no,no
fly_land_plr_asphalt,raw\sound\fly\footsteps\run\concrete\concrete_run_03.LN65.pc.snd.wav,fly_land_plr_asphalt_sec,loaded,bus_fx,grp_foley,snp_foley,,50,0,74,77,0,5000,5000,allon,default,allon,default,2,8,oldest,oldest,-200,200,70,70,0,1,2d,front,nonlooping,,1,10,0,0,0,0.25,no,yes,none,0,,no,,,yes,no,no,0,0,yes,no,,0,,no,no,no
fly_land_plr_asphalt,raw\sound\fly\footsteps\run\concrete\concrete_run_04.LN65.pc.snd.wav,fly_land_plr_asphalt_sec,loaded,bus_fx,grp_foley,snp_foley,,50,0,74,77,0,5000,5000,allon,default,allon,default,2,8,oldest,oldest,-200,200,70,70,0,1,2d,front,nonlooping,,1,10,0,0,0,0.25,no,yes,none,0,,no,,,yes,no,no,0,0,yes,no,,0,,no,no,no
fly_land_plr_asphalt,raw\sound\fly\footsteps\run\concrete\concrete_run_05.LN65.pc.snd.wav,fly_land_plr_asphalt_sec,loaded,bus_fx,grp_foley,snp_foley,,50,0,74,77,0,5000,5000,allon,default,allon,default,2,8,oldest,oldest,-200,200,70,70,0,1,2d,front,nonlooping,,1,10,0,0,0,0.25,no,yes,none,0,,no,,,yes,no,no,0,0,yes,no,,0,,no,no,no
fly_land_plr_asphalt_sec,raw\sound\fly\footsteps\run\concrete\concrete_run_00.LN65.pc.snd.wav,fly_gear_land_player,loaded,bus_fx,grp_foley,snp_foley,,40,0,62,65,0,5000,5000,allon,default,allon,default,2,8,oldest,oldest,-170,170,70,70,0,1,2d,front,nonlooping,,1,120,0,0,0,0.25,no,yes,none,0,,no,,,yes,no,no,0,0,yes,no,,0,,no,no,no
fly_land_plr_asphalt_sec,raw\sound\fly\footsteps\run\concrete\concrete_run_01.LN65.pc.snd.wav,fly_gear_land_player,loaded,bus_fx,grp_foley,snp_foley,,40,0,62,65,0,5000,5000,allon,default,allon,default,2,8,oldest,oldest,-170,170,70,70,0,1,2d,front,nonlooping,,1,120,0,0,0,0.25,no,yes,none,0,,no,,,yes,no,no,0,0,yes,no,,0,,no,no,no
fly_land_plr_asphalt_sec,raw\sound\fly\footsteps\run\concrete\concrete_run_02.LN65.pc.snd.wav,fly_gear_land_player,loaded,bus_fx,grp_foley,snp_foley,,40,0,62,65,0,5000,5000,allon,default,allon,default,2,8,oldest,oldest,-170,170,70,70,0,1,2d,front,nonlooping,,1,120,0,0,0,0.25,no,yes,none,0,,no,,,yes,no,no,0,0,yes,no,,0,,no,no,no
fly_land_plr_asphalt_sec,raw\sound\fly\footsteps\run\concrete\concrete_run_03.LN65.pc.snd.wav,fly_gear_land_player,loaded,bus_fx,grp_foley,snp_foley,,40,0,62,65,0,5000,5000,allon,default,allon,default,2,8,oldest,oldest,-170,170,70,70,0,1,2d,front,nonlooping,,1,120,0,0,0,0.25,no,yes,none,0,,no,,,yes,no,no,0,0,yes,no,,0,,no,no,no
fly_land_plr_asphalt_sec,raw\sound\fly\footsteps\run\concrete\concrete_run_04.LN65.pc.snd.wav,fly_gear_land_player,loaded,bus_fx,grp_foley,snp_foley,,40,0,62,65,0,5000,5000,allon,default,allon,default,2,8,oldest,oldest,-170,170,70,70,0,1,2d,front,nonlooping,,1,120,0,0,0,0.25,no,yes,none,0,,no,,,yes,no,no,0,0,yes,no,,0,,no,no,no
fly_land_plr_asphalt_sec,raw\sound\fly\footsteps\run\concrete\concrete_run_05.LN65.pc.snd.wav,fly_gear_land_player,loaded,bus_fx,grp_foley,snp_foley,,40,0,62,65,0,5000,5000,allon,default,allon,default,2,8,oldest,oldest,-170,170,70,70,0,1,2d,front,nonlooping,,1,120,0,0,0,0.25,no,yes,none,0,,no,,,yes,no,no,0,0,yes,no,,0,,no,no,no
fly_land_plr_bark,raw\sound\fly\footsteps\run\concrete\concrete_run_00.LN65.pc.snd.wav,fly_land_plr_bark_sec,loaded,bus_fx,grp_foley,snp_foley,,50,0,74,77,0,5000,5000,allon,default,allon,default,2,8,oldest,oldest,-200,200,70,70,0,1,2d,front,nonlooping,,1,10,0,0,0,0.25,no,yes,none,0,,no,,,yes,no,no,0,0,yes,no,,0,,no,no,no
fly_land_plr_bark,raw\sound\fly\footsteps\run\concrete\concrete_run_01.LN65.pc.snd.wav,fly_land_plr_bark_sec,loaded,bus_fx,grp_foley,snp_foley,,50,0,74,77,0,5000,5000,allon,default,allon,default,2,8,oldest,oldest,-200,200,70,70,0,1,2d,front,nonlooping,,1,10,0,0,0,0.25,no,yes,none,0,,no,,,yes,no,no,0,0,yes,no,,0,,no,no,no
fly_land_plr_bark,raw\sound\fly\footsteps\run\concrete\concrete_run_02.LN65.pc.snd.wav,fly_land_plr_bark_sec,loaded,bus_fx,grp_foley,snp_foley,,50,0,74,77,0,5000,5000,allon,default,allon,default,2,8,oldest,oldest,-200,200,70,70,0,1,2d,front,nonlooping,,1,10,0,0,0,0.25,no,yes,none,0,,no,,,yes,no,no,0,0,yes,no,,0,,no,no,no
fly_land_plr_bark,raw\sound\fly\footsteps\run\concrete\concrete_run_03.LN65.pc.snd.wav,fly_land_plr_bark_sec,loaded,bus_fx,grp_foley,snp_foley,,50,0,74,77,0,5000,5000,allon,default,allon,default,2,8,oldest,oldest,-200,200,70,70,0,1,2d,front,nonlooping,,1,10,0,0,0,0.25,no,yes,none,0,,no,,,yes,no,no,0,0,yes,no,,0,,no,no,no
fly_land_plr_bark,raw\sound\fly\footsteps\run\concrete\concrete_run_04.LN65.pc.snd.wav,fly_land_plr_bark_sec,loaded,bus_fx,grp_foley,snp_foley,,50,0,74,77,0,5000,5000,allon,default,allon,default,2,8,oldest,oldest,-200,200,70,70,0,1,2d,front,nonlooping,,1,10,0,0,0,0.25,no,yes,none,0,,no,,,yes,no,no,0,0,yes,no,,0,,no,no,no
fly_land_plr_bark,raw\sound\fly\footsteps\run\concrete\concrete_run_05.LN65.pc.snd.wav,fly_land_plr_bark_sec,loaded,bus_fx,grp_foley,snp_foley,,50,0,74,77,0,5000,5000,allon,default,allon,default,2,8,oldest,oldest,-200,200,70,70,0,1,2d,front,nonlooping,,1,10,0,0,0,0.25,no,yes,none,0,,no,,,yes,no,no,0,0,yes,no,,0,,no,no,no
fly_land_plr_bark_sec,raw\sound\fly\footsteps\run\concrete\concrete_run_00.LN65.pc.snd.wav,fly_gear_land_player,loaded,bus_fx,grp_foley,snp_foley,,40,0,62,65,0,5000,5000,allon,default,allon,default,2,8,oldest,oldest,-170,170,70,70,0,1,2d,front,nonlooping,,1,120,0,0,0,0.25,no,yes,none,0,,no,,,yes,no,no,0,0,yes,no,,0,,no,no,no
fly_land_plr_bark_sec,raw\sound\fly\footsteps\run\concrete\concrete_run_01.LN65.pc.snd.wav,fly_gear_land_player,loaded,bus_fx,grp_foley,snp_foley,,40,0,62,65,0,5000,5000,allon,default,allon,default,2,8,oldest,oldest,-170,170,70,70,0,1,2d,front,nonlooping,,1,120,0,0,0,0.25,no,yes,none,0,,no,,,yes,no,no,0,0,yes,no,,0,,no,no,no
fly_land_plr_bark_sec,raw\sound\fly\footsteps\run\concrete\concrete_run_02.LN65.pc.snd.wav,fly_gear_land_player,loaded,bus_fx,grp_foley,snp_foley,,40,0,62,65,0,5000,5000,allon,default,allon,default,2,8,oldest,oldest,-170,170,70,70,0,1,2d,front,nonlooping,,1,120,0,0,0,0.25,no,yes,none,0,,no,,,yes,no,no,0,0,yes,no,,0,,no,no,no
fly_land_plr_bark_sec,raw\sound\fly\footsteps\run\concrete\concrete_run_03.LN65.pc.snd.wav,fly_gear_land_player,loaded,bus_fx,grp_foley,snp_foley,,40,0,62,65,0,5000,5000,allon,default,allon,default,2,8,oldest,oldest,-170,170,70,70,0,1,2d,front,nonlooping,,1,120,0,0,0,0.25,no,yes,none,0,,no,,,yes,no,no,0,0,yes,no,,0,,no,no,no
fly_land_plr_bark_sec,raw\sound\fly\footsteps\run\concrete\concrete_run_04.LN65.pc.snd.wav,fly_gear_land_player,loaded,bus_fx,grp_foley,snp_foley,,40,0,62,65,0,5000,5000,allon,default,allon,default,2,8,oldest,oldest,-170,170,70,70,0,1,2d,front,nonlooping,,1,120,0,0,0,0.25,no,yes,none,0,,no,,,yes,no,no,0,0,yes,no,,0,,no,no,no
fly_land_plr_bark_sec,raw\sound\fly\footsteps\run\concrete\concrete_run_05.LN65.pc.snd.wav,fly_gear_land_player,loaded,bus_fx,grp_foley,snp_foley,,40,0,62,65,0,5000,5000,allon,default,allon,default,2,8,oldest,oldest,-170,170,70,70,0,1,2d,front,nonlooping,,1,120,0,0,0,0.25,no,yes,none,0,,no,,,yes,no,no,0,0,yes,no,,0,,no,no,no
fly_land_plr_brick,raw\sound\fly\footsteps\run\concrete\concrete_run_00.LN65.pc.snd.wav,fly_land_plr_brick_sec,loaded,bus_fx,grp_foley,snp_foley,,50,0,74,77,0,5000,5000,allon,default,allon,default,2,8,oldest,oldest,-200,200,70,70,0,1,2d,front,nonlooping,,1,10,0,0,0,0.25,no,yes,none,0,,no,,,yes,no,no,0,0,yes,no,,0,,no,no,no
fly_land_plr_brick,raw\sound\fly\footsteps\run\concrete\concrete_run_01.LN65.pc.snd.wav,fly_land_plr_brick_sec,loaded,bus_fx,grp_foley,snp_foley,,50,0,74,77,0,5000,5000,allon,default,allon,default,2,8,oldest,oldest,-200,200,70,70,0,1,2d,front,nonlooping,,1,10,0,0,0,0.25,no,yes,none,0,,no,,,yes,no,no,0,0,yes,no,,0,,no,no,no
fly_land_plr_brick,raw\sound\fly\footsteps\run\concrete\concrete_run_02.LN65.pc.snd.wav,fly_land_plr_brick_sec,loaded,bus_fx,grp_foley,snp_foley,,50,0,74,77,0,5000,5000,allon,default,allon,default,2,8,oldest,oldest,-200,200,70,70,0,1,2d,front,nonlooping,,1,10,0,0,0,0.25,no,yes,none,0,,no,,,yes,no,no,0,0,yes,no,,0,,no,no,no
fly_land_plr_brick,raw\sound\fly\footsteps\run\concrete\concrete_run_03.LN65.pc.snd.wav,fly_land_plr_brick_sec,loaded,bus_fx,grp_foley,snp_foley,,50,0,74,77,0,5000,5000,allon,default,allon,default,2,8,oldest,oldest,-200,200,70,70,0,1,2d,front,nonlooping,,1,10,0,0,0,0.25,no,yes,none,0,,no,,,yes,no,no,0,0,yes,no,,0,,no,no,no
fly_land_plr_brick,raw\sound\fly\footsteps\run\concrete\concrete_run_04.LN65.pc.snd.wav,fly_land_plr_brick_sec,loaded,bus_fx,grp_foley,snp_foley,,50,0,74,77,0,5000,5000,allon,default,allon,default,2,8,oldest,oldest,-200,200,70,70,0,1,2d,front,nonlooping,,1,10,0,0,0,0.25,no,yes,none,0,,no,,,yes,no,no,0,0,yes,no,,0,,no,no,no
fly_land_plr_brick,raw\sound\fly\footsteps\run\concrete\concrete_run_05.LN65.pc.snd.wav,fly_land_plr_brick_sec,loaded,bus_fx,grp_foley,snp_foley,,50,0,74,77,0,5000,5000,allon,default,allon,default,2,8,oldest,oldest,-200,200,70,70,0,1,2d,front,nonlooping,,1,10,0,0,0,0.25,no,yes,none,0,,no,,,yes,no,no,0,0,yes,no,,0,,no,no,no
fly_land_plr_brick_sec,raw\sound\fly\footsteps\run\concrete\concrete_run_00.LN65.pc.snd.wav,fly_gear_land_player,loaded,bus_fx,grp_foley,snp_foley,,40,0,62,65,0,5000,5000,allon,default,allon,default,2,8,oldest,oldest,-170,170,70,70,0,1,2d,front,nonlooping,,1,120,0,0,0,0.25,no,yes,none,0,,no,,,yes,no,no,0,0,yes,no,,0,,no,no,no
fly_land_plr_brick_sec,raw\sound\fly\footsteps\run\concrete\concrete_run_01.LN65.pc.snd.wav,fly_gear_land_player,loaded,bus_fx,grp_foley,snp_foley,,40,0,62,65,0,5000,5000,allon,default,allon,default,2,8,oldest,oldest,-170,170,70,70,0,1,2d,front,nonlooping,,1,120,0,0,0,0.25,no,yes,none,0,,no,,,yes,no,no,0,0,yes,no,,0,,no,no,no
fly_land_plr_brick_sec,raw\sound\fly\footsteps\run\concrete\concrete_run_02.LN65.pc.snd.wav,fly_gear_land_player,loaded,bus_fx,grp_foley,snp_foley,,40,0,62,65,0,5000,5000,allon,default,allon,default,2,8,oldest,oldest,-170,170,70,70,0,1,2d,front,nonlooping,,1,120,0,0,0,0.25,no,yes,none,0,,no,,,yes,no,no,0,0,yes,no,,0,,no,no,no
fly_land_plr_brick_sec,raw\sound\fly\footsteps\run\concrete\concrete_run_03.LN65.pc.snd.wav,fly_gear_land_player,loaded,bus_fx,grp_foley,snp_foley,,40,0,62,65,0,5000,5000,allon,default,allon,default,2,8,oldest,oldest,-170,170,70,70,0,1,2d,front,nonlooping,,1,120,0,0,0,0.25,no,yes,none,0,,no,,,yes,no,no,0,0,yes,no,,0,,no,no,no
fly_land_plr_brick_sec,raw\sound\fly\footsteps\run\concrete\concrete_run_04.LN65.pc.snd.wav,fly_gear_land_player,loaded,bus_fx,grp_foley,snp_foley,,40,0,62,65,0,5000,5000,allon,default,allon,default,2,8,oldest,oldest,-170,170,70,70,0,1,2d,front,nonlooping,,1,120,0,0,0,0.25,no,yes,none,0,,no,,,yes,no,no,0,0,yes,no,,0,,no,no,no
fly_land_plr_brick_sec,raw\sound\fly\footsteps\run\concrete\concrete_run_05.LN65.pc.snd.wav,fly_gear_land_player,loaded,bus_fx,grp_foley,snp_foley,,40,0,62,65,0,5000,5000,allon,default,allon,default,2,8,oldest,oldest,-170,170,70,70,0,1,2d,front,nonlooping,,1,120,0,0,0,0.25,no,yes,none,0,,no,,,yes,no,no,0,0,yes,no,,0,,no,no,no
fly_land_plr_carpet,raw\sound\fly\footsteps\run\carpet\carpet_run_00.LN65.pc.snd.wav,fly_land_plr_carpet_sec,loaded,bus_fx,grp_foley,snp_foley,,50,0,74,77,0,5000,5000,allon,default,allon,default,2,8,oldest,oldest,-200,200,70,70,0,1,2d,front,nonlooping,,1,10,0,0,0,0.25,no,yes,none,0,,no,,,yes,no,no,0,0,yes,no,,0,,no,no,no
fly_land_plr_carpet,raw\sound\fly\footsteps\run\carpet\carpet_run_01.LN65.pc.snd.wav,fly_land_plr_carpet_sec,loaded,bus_fx,grp_foley,snp_foley,,50,0,74,77,0,5000,5000,allon,default,allon,default,2,8,oldest,oldest,-200,200,70,70,0,1,2d,front,nonlooping,,1,10,0,0,0,0.25,no,yes,none,0,,no,,,yes,no,no,0,0,yes,no,,0,,no,no,no
fly_land_plr_carpet,raw\sound\fly\footsteps\run\carpet\carpet_run_02.LN65.pc.snd.wav,fly_land_plr_carpet_sec,loaded,bus_fx,grp_foley,snp_foley,,50,0,74,77,0,5000,5000,allon,default,allon,default,2,8,oldest,oldest,-200,200,70,70,0,1,2d,front,nonlooping,,1,10,0,0,0,0.25,no,yes,none,0,,no,,,yes,no,no,0,0,yes,no,,0,,no,no,no
fly_land_plr_carpet,raw\sound\fly\footsteps\run\carpet\carpet_run_03.LN65.pc.snd.wav,fly_land_plr_carpet_sec,loaded,bus_fx,grp_foley,snp_foley,,50,0,74,77,0,5000,5000,allon,default,allon,default,2,8,oldest,oldest,-200,200,70,70,0,1,2d,front,nonlooping,,1,10,0,0,0,0.25,no,yes,none,0,,no,,,yes,no,no,0,0,yes,no,,0,,no,no,no
fly_land_plr_carpet,raw\sound\fly\footsteps\run\carpet\carpet_run_04.LN65.pc.snd.wav,fly_land_plr_carpet_sec,loaded,bus_fx,grp_foley,snp_foley,,50,0,74,77,0,5000,5000,allon,default,allon,default,2,8,oldest,oldest,-200,200,70,70,0,1,2d,front,nonlooping,,1,10,0,0,0,0.25,no,yes,none,0,,no,,,yes,no,no,0,0,yes,no,,0,,no,no,no
fly_land_plr_carpet,raw\sound\fly\footsteps\run\carpet\carpet_run_05.LN65.pc.snd.wav,fly_land_plr_carpet_sec,loaded,bus_fx,grp_foley,snp_foley,,50,0,74,77,0,5000,5000,allon,default,allon,default,2,8,oldest,oldest,-200,200,70,70,0,1,2d,front,nonlooping,,1,10,0,0,0,0.25,no,yes,none,0,,no,,,yes,no,no,0,0,yes,no,,0,,no,no,no
fly_land_plr_carpet,raw\sound\fly\footsteps\run\carpet\carpet_run_06.LN65.pc.snd.wav,fly_land_plr_carpet_sec,loaded,bus_fx,grp_foley,snp_foley,,50,0,74,77,0,5000,5000,allon,default,allon,default,2,8,oldest,oldest,-200,200,70,70,0,1,2d,front,nonlooping,,1,10,0,0,0,0.25,no,yes,none,0,,no,,,yes,no,no,0,0,yes,no,,0,,no,no,no
fly_land_plr_carpet_sec,raw\sound\fly\footsteps\run\carpet\carpet_run_00.LN65.pc.snd.wav,fly_gear_land_player,loaded,bus_fx,grp_foley,snp_foley,,40,0,62,65,0,5000,5000,allon,default,allon,default,2,8,oldest,oldest,-170,170,70,70,0,1,2d,front,nonlooping,,1,120,0,0,0,0.25,no,yes,none,0,,no,,,yes,no,no,0,0,yes,no,,0,,no,no,no
fly_land_plr_carpet_sec,raw\sound\fly\footsteps\run\carpet\carpet_run_01.LN65.pc.snd.wav,fly_gear_land_player,loaded,bus_fx,grp_foley,snp_foley,,40,0,62,65,0,5000,5000,allon,default,allon,default,2,8,oldest,oldest,-170,170,70,70,0,1,2d,front,nonlooping,,1,120,0,0,0,0.25,no,yes,none,0,,no,,,yes,no,no,0,0,yes,no,,0,,no,no,no
fly_land_plr_carpet_sec,raw\sound\fly\footsteps\run\carpet\carpet_run_02.LN65.pc.snd.wav,fly_gear_land_player,loaded,bus_fx,grp_foley,snp_foley,,40,0,62,65,0,5000,5000,allon,default,allon,default,2,8,oldest,oldest,-170,170,70,70,0,1,2d,front,nonlooping,,1,120,0,0,0,0.25,no,yes,none,0,,no,,,yes,no,no,0,0,yes,no,,0,,no,no,no
fly_land_plr_carpet_sec,raw\sound\fly\footsteps\run\carpet\carpet_run_03.LN65.pc.snd.wav,fly_gear_land_player,loaded,bus_fx,grp_foley,snp_foley,,40,0,62,65,0,5000,5000,allon,default,allon,default,2,8,oldest,oldest,-170,170,70,70,0,1,2d,front,nonlooping,,1,120,0,0,0,0.25,no,yes,none,0,,no,,,yes,no,no,0,0,yes,no,,0,,no,no,no
fly_land_plr_carpet_sec,raw\sound\fly\footsteps\run\carpet\carpet_run_04.LN65.pc.snd.wav,fly_gear_land_player,loaded,bus_fx,grp_foley,snp_foley,,40,0,62,65,0,5000,5000,allon,default,allon,default,2,8,oldest,oldest,-170,170,70,70,0,1,2d,front,nonlooping,,1,120,0,0,0,0.25,no,yes,none,0,,no,,,yes,no,no,0,0,yes,no,,0,,no,no,no
fly_land_plr_carpet_sec,raw\sound\fly\footsteps\run\carpet\carpet_run_05.LN65.pc.snd.wav,fly_gear_land_player,loaded,bus_fx,grp_foley,snp_foley,,40,0,62,65,0,5000,5000,allon,default,allon,default,2,8,oldest,oldest,-170,170,70,70,0,1,2d,front,nonlooping,,1,120,0,0,0,0.25,no,yes,none,0,,no,,,yes,no,no,0,0,yes,no,,0,,no,no,no
fly_land_plr_carpet_sec,raw\sound\fly\footsteps\run\carpet\carpet_run_06.LN65.pc.snd.wav,fly_gear_land_player,loaded,bus_fx,grp_foley,snp_foley,,40,0,62,65,0,5000,5000,allon,default,allon,default,2,8,oldest,oldest,-170,170,70,70,0,1,2d,front,nonlooping,,1,120,0,0,0,0.25,no,yes,none,0,,no,,,yes,no,no,0,0,yes,no,,0,,no,no,no
fly_land_plr_ceramic,raw\sound\fly\footsteps\run\concrete\concrete_run_00.LN65.pc.snd.wav,fly_land_plr_ceramic_sec,loaded,bus_fx,grp_foley,snp_foley,,50,0,74,77,0,5000,5000,allon,default,allon,default,2,8,oldest,oldest,-200,200,70,70,0,1,2d,front,nonlooping,,1,10,0,0,0,0.25,no,yes,none,0,,no,,,yes,no,no,0,0,yes,no,,0,,no,no,no
fly_land_plr_ceramic,raw\sound\fly\footsteps\run\concrete\concrete_run_01.LN65.pc.snd.wav,fly_land_plr_ceramic_sec,loaded,bus_fx,grp_foley,snp_foley,,50,0,74,77,0,5000,5000,allon,default,allon,default,2,8,oldest,oldest,-200,200,70,70,0,1,2d,front,nonlooping,,1,10,0,0,0,0.25,no,yes,none,0,,no,,,yes,no,no,0,0,yes,no,,0,,no,no,no
fly_land_plr_ceramic,raw\sound\fly\footsteps\run\concrete\concrete_run_02.LN65.pc.snd.wav,fly_land_plr_ceramic_sec,loaded,bus_fx,grp_foley,snp_foley,,50,0,74,77,0,5000,5000,allon,default,allon,default,2,8,oldest,oldest,-200,200,70,70,0,1,2d,front,nonlooping,,1,10,0,0,0,0.25,no,yes,none,0,,no,,,yes,no,no,0,0,yes,no,,0,,no,no,no
fly_land_plr_ceramic,raw\sound\fly\footsteps\run\concrete\concrete_run_03.LN65.pc.snd.wav,fly_land_plr_ceramic_sec,loaded,bus_fx,grp_foley,snp_foley,,50,0,74,77,0,5000,5000,allon,default,allon,default,2,8,oldest,oldest,-200,200,70,70,0,1,2d,front,nonlooping,,1,10,0,0,0,0.25,no,yes,none,0,,no,,,yes,no,no,0,0,yes,no,,0,,no,no,no
fly_land_plr_ceramic,raw\sound\fly\footsteps\run\concrete\concrete_run_04.LN65.pc.snd.wav,fly_land_plr_ceramic_sec,loaded,bus_fx,grp_foley,snp_foley,,50,0,74,77,0,5000,5000,allon,default,allon,default,2,8,oldest,oldest,-200,200,70,70,0,1,2d,front,nonlooping,,1,10,0,0,0,0.25,no,yes,none,0,,no,,,yes,no,no,0,0,yes,no,,0,,no,no,no
fly_land_plr_ceramic,raw\sound\fly\footsteps\run\concrete\concrete_run_05.LN65.pc.snd.wav,fly_land_plr_ceramic_sec,loaded,bus_fx,grp_foley,snp_foley,,50,0,74,77,0,5000,5000,allon,default,allon,default,2,8,oldest,oldest,-200,200,70,70,0,1,2d,front,nonlooping,,1,10,0,0,0,0.25,no,yes,none,0,,no,,,yes,no,no,0,0,yes,no,,0,,no,no,no
fly_land_plr_ceramic_sec,raw\sound\fly\footsteps\run\concrete\concrete_run_00.LN65.pc.snd.wav,fly_gear_land_player,loaded,bus_fx,grp_foley,snp_foley,,40,0,62,65,0,5000,5000,allon,default,allon,default,2,8,oldest,oldest,-170,170,70,70,0,1,2d,front,nonlooping,,1,120,0,0,0,0.25,no,yes,none,0,,no,,,yes,no,no,0,0,yes,no,,0,,no,no,no
fly_land_plr_ceramic_sec,raw\sound\fly\footsteps\run\concrete\concrete_run_01.LN65.pc.snd.wav,fly_gear_land_player,loaded,bus_fx,grp_foley,snp_foley,,40,0,62,65,0,5000,5000,allon,default,allon,default,2,8,oldest,oldest,-170,170,70,70,0,1,2d,front,nonlooping,,1,120,0,0,0,0.25,no,yes,none,0,,no,,,yes,no,no,0,0,yes,no,,0,,no,no,no
fly_land_plr_ceramic_sec,raw\sound\fly\footsteps\run\concrete\concrete_run_02.LN65.pc.snd.wav,fly_gear_land_player,loaded,bus_fx,grp_foley,snp_foley,,40,0,62,65,0,5000,5000,allon,default,allon,default,2,8,oldest,oldest,-170,170,70,70,0,1,2d,front,nonlooping,,1,120,0,0,0,0.25,no,yes,none,0,,no,,,yes,no,no,0,0,yes,no,,0,,no,no,no
fly_land_plr_ceramic_sec,raw\sound\fly\footsteps\run\concrete\concrete_run_03.LN65.pc.snd.wav,fly_gear_land_player,loaded,bus_fx,grp_foley,snp_foley,,40,0,62,65,0,5000,5000,allon,default,allon,default,2,8,oldest,oldest,-170,170,70,70,0,1,2d,front,nonlooping,,1,120,0,0,0,0.25,no,yes,none,0,,no,,,yes,no,no,0,0,yes,no,,0,,no,no,no
fly_land_plr_ceramic_sec,raw\sound\fly\footsteps\run\concrete\concrete_run_04.LN65.pc.snd.wav,fly_gear_land_player,loaded,bus_fx,grp_foley,snp_foley,,40,0,62,65,0,5000,5000,allon,default,allon,default,2,8,oldest,oldest,-170,170,70,70,0,1,2d,front,nonlooping,,1,120,0,0,0,0.25,no,yes,none,0,,no,,,yes,no,no,0,0,yes,no,,0,,no,no,no
fly_land_plr_ceramic_sec,raw\sound\fly\footsteps\run\concrete\concrete_run_05.LN65.pc.snd.wav,fly_gear_land_player,loaded,bus_fx,grp_foley,snp_foley,,40,0,62,65,0,5000,5000,allon,default,allon,default,2,8,oldest,oldest,-170,170,70,70,0,1,2d,front,nonlooping,,1,120,0,0,0,0.25,no,yes,none,0,,no,,,yes,no,no,0,0,yes,no,,0,,no,no,no
fly_land_plr_cloth,raw\sound\fly\footsteps\run\carpet\carpet_run_00.LN65.pc.snd.wav,fly_land_plr_cloth_sec,loaded,bus_fx,grp_foley,snp_foley,,50,0,74,77,0,5000,5000,allon,default,allon,default,2,8,oldest,oldest,-200,200,70,70,0,1,2d,front,nonlooping,,1,10,0,0,0,0.25,no,yes,none,0,,no,,,yes,no,no,0,0,yes,no,,0,,no,no,no
fly_land_plr_cloth,raw\sound\fly\footsteps\run\carpet\carpet_run_01.LN65.pc.snd.wav,fly_land_plr_cloth_sec,loaded,bus_fx,grp_foley,snp_foley,,50,0,74,77,0,5000,5000,allon,default,allon,default,2,8,oldest,oldest,-200,200,70,70,0,1,2d,front,nonlooping,,1,10,0,0,0,0.25,no,yes,none,0,,no,,,yes,no,no,0,0,yes,no,,0,,no,no,no
fly_land_plr_cloth,raw\sound\fly\footsteps\run\carpet\carpet_run_02.LN65.pc.snd.wav,fly_land_plr_cloth_sec,loaded,bus_fx,grp_foley,snp_foley,,50,0,74,77,0,5000,5000,allon,default,allon,default,2,8,oldest,oldest,-200,200,70,70,0,1,2d,front,nonlooping,,1,10,0,0,0,0.25,no,yes,none,0,,no,,,yes,no,no,0,0,yes,no,,0,,no,no,no
fly_land_plr_cloth,raw\sound\fly\footsteps\run\carpet\carpet_run_03.LN65.pc.snd.wav,fly_land_plr_cloth_sec,loaded,bus_fx,grp_foley,snp_foley,,50,0,74,77,0,5000,5000,allon,default,allon,default,2,8,oldest,oldest,-200,200,70,70,0,1,2d,front,nonlooping,,1,10,0,0,0,0.25,no,yes,none,0,,no,,,yes,no,no,0,0,yes,no,,0,,no,no,no
fly_land_plr_cloth,raw\sound\fly\footsteps\run\carpet\carpet_run_04.LN65.pc.snd.wav,fly_land_plr_cloth_sec,loaded,bus_fx,grp_foley,snp_foley,,50,0,74,77,0,5000,5000,allon,default,allon,default,2,8,oldest,oldest,-200,200,70,70,0,1,2d,front,nonlooping,,1,10,0,0,0,0.25,no,yes,none,0,,no,,,yes,no,no,0,0,yes,no,,0,,no,no,no
fly_land_plr_cloth,raw\sound\fly\footsteps\run\carpet\carpet_run_05.LN65.pc.snd.wav,fly_land_plr_cloth_sec,loaded,bus_fx,grp_foley,snp_foley,,50,0,74,77,0,5000,5000,allon,default,allon,default,2,8,oldest,oldest,-200,200,70,70,0,1,2d,front,nonlooping,,1,10,0,0,0,0.25,no,yes,none,0,,no,,,yes,no,no,0,0,yes,no,,0,,no,no,no
fly_land_plr_cloth,raw\sound\fly\footsteps\run\carpet\carpet_run_06.LN65.pc.snd.wav,fly_land_plr_cloth_sec,loaded,bus_fx,grp_foley,snp_foley,,50,0,74,77,0,5000,5000,allon,default,allon,default,2,8,oldest,oldest,-200,200,70,70,0,1,2d,front,nonlooping,,1,10,0,0,0,0.25,no,yes,none,0,,no,,,yes,no,no,0,0,yes,no,,0,,no,no,no
fly_land_plr_cloth_sec,raw\sound\fly\footsteps\run\carpet\carpet_run_00.LN65.pc.snd.wav,fly_gear_land_player,loaded,bus_fx,grp_foley,snp_foley,,40,0,62,65,0,5000,5000,allon,default,allon,default,2,8,oldest,oldest,-170,170,70,70,0,1,2d,front,nonlooping,,1,120,0,0,0,0.25,no,yes,none,0,,no,,,yes,no,no,0,0,yes,no,,0,,no,no,no
fly_land_plr_cloth_sec,raw\sound\fly\footsteps\run\carpet\carpet_run_01.LN65.pc.snd.wav,fly_gear_land_player,loaded,bus_fx,grp_foley,snp_foley,,40,0,62,65,0,5000,5000,allon,default,allon,default,2,8,oldest,oldest,-170,170,70,70,0,1,2d,front,nonlooping,,1,120,0,0,0,0.25,no,yes,none,0,,no,,,yes,no,no,0,0,yes,no,,0,,no,no,no
fly_land_plr_cloth_sec,raw\sound\fly\footsteps\run\carpet\carpet_run_02.LN65.pc.snd.wav,fly_gear_land_player,loaded,bus_fx,grp_foley,snp_foley,,40,0,62,65,0,5000,5000,allon,default,allon,default,2,8,oldest,oldest,-170,170,70,70,0,1,2d,front,nonlooping,,1,120,0,0,0,0.25,no,yes,none,0,,no,,,yes,no,no,0,0,yes,no,,0,,no,no,no
fly_land_plr_cloth_sec,raw\sound\fly\footsteps\run\carpet\carpet_run_03.LN65.pc.snd.wav,fly_gear_land_player,loaded,bus_fx,grp_foley,snp_foley,,40,0,62,65,0,5000,5000,allon,default,allon,default,2,8,oldest,oldest,-170,170,70,70,0,1,2d,front,nonlooping,,1,120,0,0,0,0.25,no,yes,none,0,,no,,,yes,no,no,0,0,yes,no,,0,,no,no,no
fly_land_plr_cloth_sec,raw\sound\fly\footsteps\run\carpet\carpet_run_04.LN65.pc.snd.wav,fly_gear_land_player,loaded,bus_fx,grp_foley,snp_foley,,40,0,62,65,0,5000,5000,allon,default,allon,default,2,8,oldest,oldest,-170,170,70,70,0,1,2d,front,nonlooping,,1,120,0,0,0,0.25,no,yes,none,0,,no,,,yes,no,no,0,0,yes,no,,0,,no,no,no
fly_land_plr_cloth_sec,raw\sound\fly\footsteps\run\carpet\carpet_run_05.LN65.pc.snd.wav,fly_gear_land_player,loaded,bus_fx,grp_foley,snp_foley,,40,0,62,65,0,5000,5000,allon,default,allon,default,2,8,oldest,oldest,-170,170,70,70,0,1,2d,front,nonlooping,,1,120,0,0,0,0.25,no,yes,none,0,,no,,,yes,no,no,0,0,yes,no,,0,,no,no,no
fly_land_plr_cloth_sec,raw\sound\fly\footsteps\run\carpet\carpet_run_06.LN65.pc.snd.wav,fly_gear_land_player,loaded,bus_fx,grp_foley,snp_foley,,40,0,62,65,0,5000,5000,allon,default,allon,default,2,8,oldest,oldest,-170,170,70,70,0,1,2d,front,nonlooping,,1,120,0,0,0,0.25,no,yes,none,0,,no,,,yes,no,no,0,0,yes,no,,0,,no,no,no
fly_land_plr_concrete,raw\sound\fly\footsteps\run\concrete\concrete_run_00.LN65.pc.snd.wav,fly_land_plr_concrete_sec,loaded,bus_fx,grp_foley,snp_foley,,50,0,74,77,0,5000,5000,allon,default,allon,default,2,8,oldest,oldest,-200,200,70,70,0,1,2d,front,nonlooping,,1,10,0,0,0,0.25,no,yes,none,0,,no,,,yes,no,no,0,0,yes,no,,0,,no,no,no
fly_land_plr_concrete,raw\sound\fly\footsteps\run\concrete\concrete_run_01.LN65.pc.snd.wav,fly_land_plr_concrete_sec,loaded,bus_fx,grp_foley,snp_foley,,50,0,74,77,0,5000,5000,allon,default,allon,default,2,8,oldest,oldest,-200,200,70,70,0,1,2d,front,nonlooping,,1,10,0,0,0,0.25,no,yes,none,0,,no,,,yes,no,no,0,0,yes,no,,0,,no,no,no
fly_land_plr_concrete,raw\sound\fly\footsteps\run\concrete\concrete_run_02.LN65.pc.snd.wav,fly_land_plr_concrete_sec,loaded,bus_fx,grp_foley,snp_foley,,50,0,74,77,0,5000,5000,allon,default,allon,default,2,8,oldest,oldest,-200,200,70,70,0,1,2d,front,nonlooping,,1,10,0,0,0,0.25,no,yes,none,0,,no,,,yes,no,no,0,0,yes,no,,0,,no,no,no
fly_land_plr_concrete,raw\sound\fly\footsteps\run\concrete\concrete_run_03.LN65.pc.snd.wav,fly_land_plr_concrete_sec,loaded,bus_fx,grp_foley,snp_foley,,50,0,74,77,0,5000,5000,allon,default,allon,default,2,8,oldest,oldest,-200,200,70,70,0,1,2d,front,nonlooping,,1,10,0,0,0,0.25,no,yes,none,0,,no,,,yes,no,no,0,0,yes,no,,0,,no,no,no
fly_land_plr_concrete,raw\sound\fly\footsteps\run\concrete\concrete_run_04.LN65.pc.snd.wav,fly_land_plr_concrete_sec,loaded,bus_fx,grp_foley,snp_foley,,50,0,74,77,0,5000,5000,allon,default,allon,default,2,8,oldest,oldest,-200,200,70,70,0,1,2d,front,nonlooping,,1,10,0,0,0,0.25,no,yes,none,0,,no,,,yes,no,no,0,0,yes,no,,0,,no,no,no
fly_land_plr_concrete,raw\sound\fly\footsteps\run\concrete\concrete_run_05.LN65.pc.snd.wav,fly_land_plr_concrete_sec,loaded,bus_fx,grp_foley,snp_foley,,50,0,74,77,0,5000,5000,allon,default,allon,default,2,8,oldest,oldest,-200,200,70,70,0,1,2d,front,nonlooping,,1,10,0,0,0,0.25,no,yes,none,0,,no,,,yes,no,no,0,0,yes,no,,0,,no,no,no
fly_land_plr_concrete_sec,raw\sound\fly\footsteps\run\concrete\concrete_run_00.LN65.pc.snd.wav,fly_gear_land_player,loaded,bus_fx,grp_foley,snp_foley,,40,0,62,65,0,5000,5000,allon,default,allon,default,2,8,oldest,oldest,-170,170,70,70,0,1,2d,front,nonlooping,,1,120,0,0,0,0.25,no,yes,none,0,,no,,,yes,no,no,0,0,yes,no,,0,,no,no,no
fly_land_plr_concrete_sec,raw\sound\fly\footsteps\run\concrete\concrete_run_01.LN65.pc.snd.wav,fly_gear_land_player,loaded,bus_fx,grp_foley,snp_foley,,40,0,62,65,0,5000,5000,allon,default,allon,default,2,8,oldest,oldest,-170,170,70,70,0,1,2d,front,nonlooping,,1,120,0,0,0,0.25,no,yes,none,0,,no,,,yes,no,no,0,0,yes,no,,0,,no,no,no
fly_land_plr_concrete_sec,raw\sound\fly\footsteps\run\concrete\concrete_run_02.LN65.pc.snd.wav,fly_gear_land_player,loaded,bus_fx,grp_foley,snp_foley,,40,0,62,65,0,5000,5000,allon,default,allon,default,2,8,oldest,oldest,-170,170,70,70,0,1,2d,front,nonlooping,,1,120,0,0,0,0.25,no,yes,none,0,,no,,,yes,no,no,0,0,yes,no,,0,,no,no,no
fly_land_plr_concrete_sec,raw\sound\fly\footsteps\run\concrete\concrete_run_03.LN65.pc.snd.wav,fly_gear_land_player,loaded,bus_fx,grp_foley,snp_foley,,40,0,62,65,0,5000,5000,allon,default,allon,default,2,8,oldest,oldest,-170,170,70,70,0,1,2d,front,nonlooping,,1,120,0,0,0,0.25,no,yes,none,0,,no,,,yes,no,no,0,0,yes,no,,0,,no,no,no
fly_land_plr_concrete_sec,raw\sound\fly\footsteps\run\concrete\concrete_run_04.LN65.pc.snd.wav,fly_gear_land_player,loaded,bus_fx,grp_foley,snp_foley,,40,0,62,65,0,5000,5000,allon,default,allon,default,2,8,oldest,oldest,-170,170,70,70,0,1,2d,front,nonlooping,,1,120,0,0,0,0.25,no,yes,none,0,,no,,,yes,no,no,0,0,yes,no,,0,,no,no,no
fly_land_plr_concrete_sec,raw\sound\fly\footsteps\run\concrete\concrete_run_05.LN65.pc.snd.wav,fly_gear_land_player,loaded,bus_fx,grp_foley,snp_foley,,40,0,62,65,0,5000,5000,allon,default,allon,default,2,8,oldest,oldest,-170,170,70,70,0,1,2d,front,nonlooping,,1,120,0,0,0,0.25,no,yes,none,0,,no,,,yes,no,no,0,0,yes,no,,0,,no,no,no
fly_land_plr_cushion,raw\sound\fly\footsteps\run\carpet\carpet_run_00.LN65.pc.snd.wav,fly_land_plr_cushion_sec,loaded,bus_fx,grp_foley,snp_foley,,50,0,74,77,0,5000,5000,allon,default,allon,default,2,8,oldest,oldest,-200,200,70,70,0,1,2d,front,nonlooping,,1,10,0,0,0,0.25,no,yes,none,0,,no,,,yes,no,no,0,0,yes,no,,0,,no,no,no
fly_land_plr_cushion,raw\sound\fly\footsteps\run\carpet\carpet_run_01.LN65.pc.snd.wav,fly_land_plr_cushion_sec,loaded,bus_fx,grp_foley,snp_foley,,50,0,74,77,0,5000,5000,allon,default,allon,default,2,8,oldest,oldest,-200,200,70,70,0,1,2d,front,nonlooping,,1,10,0,0,0,0.25,no,yes,none,0,,no,,,yes,no,no,0,0,yes,no,,0,,no,no,no
fly_land_plr_cushion,raw\sound\fly\footsteps\run\carpet\carpet_run_02.LN65.pc.snd.wav,fly_land_plr_cushion_sec,loaded,bus_fx,grp_foley,snp_foley,,50,0,74,77,0,5000,5000,allon,default,allon,default,2,8,oldest,oldest,-200,200,70,70,0,1,2d,front,nonlooping,,1,10,0,0,0,0.25,no,yes,none,0,,no,,,yes,no,no,0,0,yes,no,,0,,no,no,no
fly_land_plr_cushion,raw\sound\fly\footsteps\run\carpet\carpet_run_03.LN65.pc.snd.wav,fly_land_plr_cushion_sec,loaded,bus_fx,grp_foley,snp_foley,,50,0,74,77,0,5000,5000,allon,default,allon,default,2,8,oldest,oldest,-200,200,70,70,0,1,2d,front,nonlooping,,1,10,0,0,0,0.25,no,yes,none,0,,no,,,yes,no,no,0,0,yes,no,,0,,no,no,no
fly_land_plr_cushion,raw\sound\fly\footsteps\run\carpet\carpet_run_04.LN65.pc.snd.wav,fly_land_plr_cushion_sec,loaded,bus_fx,grp_foley,snp_foley,,50,0,74,77,0,5000,5000,allon,default,allon,default,2,8,oldest,oldest,-200,200,70,70,0,1,2d,front,nonlooping,,1,10,0,0,0,0.25,no,yes,none,0,,no,,,yes,no,no,0,0,yes,no,,0,,no,no,no
fly_land_plr_cushion,raw\sound\fly\footsteps\run\carpet\carpet_run_05.LN65.pc.snd.wav,fly_land_plr_cushion_sec,loaded,bus_fx,grp_foley,snp_foley,,50,0,74,77,0,5000,5000,allon,default,allon,default,2,8,oldest,oldest,-200,200,70,70,0,1,2d,front,nonlooping,,1,10,0,0,0,0.25,no,yes,none,0,,no,,,yes,no,no,0,0,yes,no,,0,,no,no,no
fly_land_plr_cushion,raw\sound\fly\footsteps\run\carpet\carpet_run_06.LN65.pc.snd.wav,fly_land_plr_cushion_sec,loaded,bus_fx,grp_foley,snp_foley,,50,0,74,77,0,5000,5000,allon,default,allon,default,2,8,oldest,oldest,-200,200,70,70,0,1,2d,front,nonlooping,,1,10,0,0,0,0.25,no,yes,none,0,,no,,,yes,no,no,0,0,yes,no,,0,,no,no,no
fly_land_plr_cushion_sec,raw\sound\fly\footsteps\run\carpet\carpet_run_00.LN65.pc.snd.wav,fly_gear_land_player,loaded,bus_fx,grp_foley,snp_foley,,40,0,62,65,0,5000,5000,allon,default,allon,default,2,8,oldest,oldest,-170,170,70,70,0,1,2d,front,nonlooping,,1,120,0,0,0,0.25,no,yes,none,0,,no,,,yes,no,no,0,0,yes,no,,0,,no,no,no
fly_land_plr_cushion_sec,raw\sound\fly\footsteps\run\carpet\carpet_run_01.LN65.pc.snd.wav,fly_gear_land_player,loaded,bus_fx,grp_foley,snp_foley,,40,0,62,65,0,5000,5000,allon,default,allon,default,2,8,oldest,oldest,-170,170,70,70,0,1,2d,front,nonlooping,,1,120,0,0,0,0.25,no,yes,none,0,,no,,,yes,no,no,0,0,yes,no,,0,,no,no,no
fly_land_plr_cushion_sec,raw\sound\fly\footsteps\run\carpet\carpet_run_02.LN65.pc.snd.wav,fly_gear_land_player,loaded,bus_fx,grp_foley,snp_foley,,40,0,62,65,0,5000,5000,allon,default,allon,default,2,8,oldest,oldest,-170,170,70,70,0,1,2d,front,nonlooping,,1,120,0,0,0,0.25,no,yes,none,0,,no,,,yes,no,no,0,0,yes,no,,0,,no,no,no
fly_land_plr_cushion_sec,raw\sound\fly\footsteps\run\carpet\carpet_run_03.LN65.pc.snd.wav,fly_gear_land_player,loaded,bus_fx,grp_foley,snp_foley,,40,0,62,65,0,5000,5000,allon,default,allon,default,2,8,oldest,oldest,-170,170,70,70,0,1,2d,front,nonlooping,,1,120,0,0,0,0.25,no,yes,none,0,,no,,,yes,no,no,0,0,yes,no,,0,,no,no,no
fly_land_plr_cushion_sec,raw\sound\fly\footsteps\run\carpet\carpet_run_04.LN65.pc.snd.wav,fly_gear_land_player,loaded,bus_fx,grp_foley,snp_foley,,40,0,62,65,0,5000,5000,allon,default,allon,default,2,8,oldest,oldest,-170,170,70,70,0,1,2d,front,nonlooping,,1,120,0,0,0,0.25,no,yes,none,0,,no,,,yes,no,no,0,0,yes,no,,0,,no,no,no
fly_land_plr_cushion_sec,raw\sound\fly\footsteps\run\carpet\carpet_run_05.LN65.pc.snd.wav,fly_gear_land_player,loaded,bus_fx,grp_foley,snp_foley,,40,0,62,65,0,5000,5000,allon,default,allon,default,2,8,oldest,oldest,-170,170,70,70,0,1,2d,front,nonlooping,,1,120,0,0,0,0.25,no,yes,none,0,,no,,,yes,no,no,0,0,yes,no,,0,,no,no,no
fly_land_plr_cushion_sec,raw\sound\fly\footsteps\run\carpet\carpet_run_06.LN65.pc.snd.wav,fly_gear_land_player,loaded,bus_fx,grp_foley,snp_foley,,40,0,62,65,0,5000,5000,allon,default,allon,default,2,8,oldest,oldest,-170,170,70,70,0,1,2d,front,nonlooping,,1,120,0,0,0,0.25,no,yes,none,0,,no,,,yes,no,no,0,0,yes,no,,0,,no,no,no
fly_land_plr_damage,raw\sound\fly\footsteps\land\damage\fall_damage_00.LN65.pc.snd.wav,fly_land_plr_damage_sec,loaded,bus_fx,grp_foley,snp_foley,,50,0,74,77,0,5000,5000,allon,default,allon,default,2,8,oldest,oldest,-200,200,70,70,0,1,2d,front,nonlooping,,1,10,0,0,0,0.25,no,yes,none,0,,no,,,yes,no,no,0,0,yes,no,,0,,no,no,no
fly_land_plr_damage_sec,raw\sound\fly\footsteps\land\damage\fall_damage_00.LN65.pc.snd.wav,fly_gear_land_player,loaded,bus_fx,grp_foley,snp_foley,,40,0,62,65,0,5000,5000,allon,default,allon,default,2,8,oldest,oldest,-170,170,70,70,0,1,2d,front,nonlooping,,1,120,0,0,0,0.25,no,yes,none,0,,no,,,yes,no,no,0,0,yes,no,,0,,no,no,no
fly_land_plr_default,raw\sound\fly\footsteps\run\concrete\concrete_run_00.LN65.pc.snd.wav,fly_land_plr_default_sec,loaded,bus_fx,grp_foley,snp_foley,,50,0,74,77,0,5000,5000,allon,default,allon,default,2,8,oldest,oldest,-200,200,70,70,0,1,2d,front,nonlooping,,1,10,0,0,0,0.25,no,yes,none,0,,no,,,yes,no,no,0,0,yes,no,,0,,no,no,no
fly_land_plr_default,raw\sound\fly\footsteps\run\concrete\concrete_run_01.LN65.pc.snd.wav,fly_land_plr_default_sec,loaded,bus_fx,grp_foley,snp_foley,,50,0,74,77,0,5000,5000,allon,default,allon,default,2,8,oldest,oldest,-200,200,70,70,0,1,2d,front,nonlooping,,1,10,0,0,0,0.25,no,yes,none,0,,no,,,yes,no,no,0,0,yes,no,,0,,no,no,no
fly_land_plr_default,raw\sound\fly\footsteps\run\concrete\concrete_run_02.LN65.pc.snd.wav,fly_land_plr_default_sec,loaded,bus_fx,grp_foley,snp_foley,,50,0,74,77,0,5000,5000,allon,default,allon,default,2,8,oldest,oldest,-200,200,70,70,0,1,2d,front,nonlooping,,1,10,0,0,0,0.25,no,yes,none,0,,no,,,yes,no,no,0,0,yes,no,,0,,no,no,no
fly_land_plr_default,raw\sound\fly\footsteps\run\concrete\concrete_run_03.LN65.pc.snd.wav,fly_land_plr_default_sec,loaded,bus_fx,grp_foley,snp_foley,,50,0,74,77,0,5000,5000,allon,default,allon,default,2,8,oldest,oldest,-200,200,70,70,0,1,2d,front,nonlooping,,1,10,0,0,0,0.25,no,yes,none,0,,no,,,yes,no,no,0,0,yes,no,,0,,no,no,no
fly_land_plr_default,raw\sound\fly\footsteps\run\concrete\concrete_run_04.LN65.pc.snd.wav,fly_land_plr_default_sec,loaded,bus_fx,grp_foley,snp_foley,,50,0,74,77,0,5000,5000,allon,default,allon,default,2,8,oldest,oldest,-200,200,70,70,0,1,2d,front,nonlooping,,1,10,0,0,0,0.25,no,yes,none,0,,no,,,yes,no,no,0,0,yes,no,,0,,no,no,no
fly_land_plr_default,raw\sound\fly\footsteps\run\concrete\concrete_run_05.LN65.pc.snd.wav,fly_land_plr_default_sec,loaded,bus_fx,grp_foley,snp_foley,,50,0,74,77,0,5000,5000,allon,default,allon,default,2,8,oldest,oldest,-200,200,70,70,0,1,2d,front,nonlooping,,1,10,0,0,0,0.25,no,yes,none,0,,no,,,yes,no,no,0,0,yes,no,,0,,no,no,no
fly_land_plr_default_sec,raw\sound\fly\footsteps\run\concrete\concrete_run_00.LN65.pc.snd.wav,fly_gear_land_player,loaded,bus_fx,grp_foley,snp_foley,,40,0,62,65,0,5000,5000,allon,default,allon,default,2,8,oldest,oldest,-170,170,70,70,0,1,2d,front,nonlooping,,1,120,0,0,0,0.25,no,yes,none,0,,no,,,yes,no,no,0,0,yes,no,,0,,no,no,no
fly_land_plr_default_sec,raw\sound\fly\footsteps\run\concrete\concrete_run_01.LN65.pc.snd.wav,fly_gear_land_player,loaded,bus_fx,grp_foley,snp_foley,,40,0,62,65,0,5000,5000,allon,default,allon,default,2,8,oldest,oldest,-170,170,70,70,0,1,2d,front,nonlooping,,1,120,0,0,0,0.25,no,yes,none,0,,no,,,yes,no,no,0,0,yes,no,,0,,no,no,no
fly_land_plr_default_sec,raw\sound\fly\footsteps\run\concrete\concrete_run_02.LN65.pc.snd.wav,fly_gear_land_player,loaded,bus_fx,grp_foley,snp_foley,,40,0,62,65,0,5000,5000,allon,default,allon,default,2,8,oldest,oldest,-170,170,70,70,0,1,2d,front,nonlooping,,1,120,0,0,0,0.25,no,yes,none,0,,no,,,yes,no,no,0,0,yes,no,,0,,no,no,no
fly_land_plr_default_sec,raw\sound\fly\footsteps\run\concrete\concrete_run_03.LN65.pc.snd.wav,fly_gear_land_player,loaded,bus_fx,grp_foley,snp_foley,,40,0,62,65,0,5000,5000,allon,default,allon,default,2,8,oldest,oldest,-170,170,70,70,0,1,2d,front,nonlooping,,1,120,0,0,0,0.25,no,yes,none,0,,no,,,yes,no,no,0,0,yes,no,,0,,no,no,no
fly_land_plr_default_sec,raw\sound\fly\footsteps\run\concrete\concrete_run_04.LN65.pc.snd.wav,fly_gear_land_player,loaded,bus_fx,grp_foley,snp_foley,,40,0,62,65,0,5000,5000,allon,default,allon,default,2,8,oldest,oldest,-170,170,70,70,0,1,2d,front,nonlooping,,1,120,0,0,0,0.25,no,yes,none,0,,no,,,yes,no,no,0,0,yes,no,,0,,no,no,no
fly_land_plr_default_sec,raw\sound\fly\footsteps\run\concrete\concrete_run_05.LN65.pc.snd.wav,fly_gear_land_player,loaded,bus_fx,grp_foley,snp_foley,,40,0,62,65,0,5000,5000,allon,default,allon,default,2,8,oldest,oldest,-170,170,70,70,0,1,2d,front,nonlooping,,1,120,0,0,0,0.25,no,yes,none,0,,no,,,yes,no,no,0,0,yes,no,,0,,no,no,no
fly_land_plr_dirt,raw\sound\fly\footsteps\run\dirt\dirt_run_00.LN65.pc.snd.wav,fly_land_plr_dirt_sec,loaded,bus_fx,grp_foley,snp_foley,,50,0,74,77,0,5000,5000,allon,default,allon,default,2,8,oldest,oldest,-200,200,70,70,0,1,2d,front,nonlooping,,1,10,0,0,0,0.25,no,yes,none,0,,no,,,yes,no,no,0,0,yes,no,,0,,no,no,no
fly_land_plr_dirt,raw\sound\fly\footsteps\run\dirt\dirt_run_01.LN65.pc.snd.wav,fly_land_plr_dirt_sec,loaded,bus_fx,grp_foley,snp_foley,,50,0,74,77,0,5000,5000,allon,default,allon,default,2,8,oldest,oldest,-200,200,70,70,0,1,2d,front,nonlooping,,1,10,0,0,0,0.25,no,yes,none,0,,no,,,yes,no,no,0,0,yes,no,,0,,no,no,no
fly_land_plr_dirt,raw\sound\fly\footsteps\run\dirt\dirt_run_02.LN65.pc.snd.wav,fly_land_plr_dirt_sec,loaded,bus_fx,grp_foley,snp_foley,,50,0,74,77,0,5000,5000,allon,default,allon,default,2,8,oldest,oldest,-200,200,70,70,0,1,2d,front,nonlooping,,1,10,0,0,0,0.25,no,yes,none,0,,no,,,yes,no,no,0,0,yes,no,,0,,no,no,no
fly_land_plr_dirt,raw\sound\fly\footsteps\run\dirt\dirt_run_03.LN65.pc.snd.wav,fly_land_plr_dirt_sec,loaded,bus_fx,grp_foley,snp_foley,,50,0,74,77,0,5000,5000,allon,default,allon,default,2,8,oldest,oldest,-200,200,70,70,0,1,2d,front,nonlooping,,1,10,0,0,0,0.25,no,yes,none,0,,no,,,yes,no,no,0,0,yes,no,,0,,no,no,no
fly_land_plr_dirt,raw\sound\fly\footsteps\run\dirt\dirt_run_04.LN65.pc.snd.wav,fly_land_plr_dirt_sec,loaded,bus_fx,grp_foley,snp_foley,,50,0,74,77,0,5000,5000,allon,default,allon,default,2,8,oldest,oldest,-200,200,70,70,0,1,2d,front,nonlooping,,1,10,0,0,0,0.25,no,yes,none,0,,no,,,yes,no,no,0,0,yes,no,,0,,no,no,no
fly_land_plr_dirt_big,raw\sound\fly\footsteps\run\dirt\dirt_run_00.LN65.pc.snd.wav,fly_land_plr_dirt_big_sec,loaded,bus_fx,grp_foley,snp_foley,,50,0,74,77,0,5000,5000,allon,default,allon,default,2,8,oldest,oldest,-200,200,70,70,0,1,2d,front,nonlooping,,1,10,0,0,0,0.25,no,yes,none,0,,no,,,yes,no,no,0,0,yes,no,,0,,no,no,no
fly_land_plr_dirt_big,raw\sound\fly\footsteps\run\dirt\dirt_run_01.LN65.pc.snd.wav,fly_land_plr_dirt_big_sec,loaded,bus_fx,grp_foley,snp_foley,,50,0,74,77,0,5000,5000,allon,default,allon,default,2,8,oldest,oldest,-200,200,70,70,0,1,2d,front,nonlooping,,1,10,0,0,0,0.25,no,yes,none,0,,no,,,yes,no,no,0,0,yes,no,,0,,no,no,no
fly_land_plr_dirt_big,raw\sound\fly\footsteps\run\dirt\dirt_run_02.LN65.pc.snd.wav,fly_land_plr_dirt_big_sec,loaded,bus_fx,grp_foley,snp_foley,,50,0,74,77,0,5000,5000,allon,default,allon,default,2,8,oldest,oldest,-200,200,70,70,0,1,2d,front,nonlooping,,1,10,0,0,0,0.25,no,yes,none,0,,no,,,yes,no,no,0,0,yes,no,,0,,no,no,no
fly_land_plr_dirt_big,raw\sound\fly\footsteps\run\dirt\dirt_run_03.LN65.pc.snd.wav,fly_land_plr_dirt_big_sec,loaded,bus_fx,grp_foley,snp_foley,,50,0,74,77,0,5000,5000,allon,default,allon,default,2,8,oldest,oldest,-200,200,70,70,0,1,2d,front,nonlooping,,1,10,0,0,0,0.25,no,yes,none,0,,no,,,yes,no,no,0,0,yes,no,,0,,no,no,no
fly_land_plr_dirt_big,raw\sound\fly\footsteps\run\dirt\dirt_run_04.LN65.pc.snd.wav,fly_land_plr_dirt_big_sec,loaded,bus_fx,grp_foley,snp_foley,,50,0,74,77,0,5000,5000,allon,default,allon,default,2,8,oldest,oldest,-200,200,70,70,0,1,2d,front,nonlooping,,1,10,0,0,0,0.25,no,yes,none,0,,no,,,yes,no,no,0,0,yes,no,,0,,no,no,no
fly_land_plr_dirt_big_sec,raw\sound\fly\footsteps\run\dirt\dirt_run_00.LN65.pc.snd.wav,fly_gear_land_player,loaded,bus_fx,grp_foley,snp_foley,,40,0,62,65,0,5000,5000,allon,default,allon,default,2,8,oldest,oldest,-170,170,70,70,0,1,2d,front,nonlooping,,1,120,0,0,0,0.25,no,yes,none,0,,no,,,yes,no,no,0,0,yes,no,,0,,no,no,no
fly_land_plr_dirt_big_sec,raw\sound\fly\footsteps\run\dirt\dirt_run_01.LN65.pc.snd.wav,fly_gear_land_player,loaded,bus_fx,grp_foley,snp_foley,,40,0,62,65,0,5000,5000,allon,default,allon,default,2,8,oldest,oldest,-170,170,70,70,0,1,2d,front,nonlooping,,1,120,0,0,0,0.25,no,yes,none,0,,no,,,yes,no,no,0,0,yes,no,,0,,no,no,no
fly_land_plr_dirt_big_sec,raw\sound\fly\footsteps\run\dirt\dirt_run_02.LN65.pc.snd.wav,fly_gear_land_player,loaded,bus_fx,grp_foley,snp_foley,,40,0,62,65,0,5000,5000,allon,default,allon,default,2,8,oldest,oldest,-170,170,70,70,0,1,2d,front,nonlooping,,1,120,0,0,0,0.25,no,yes,none,0,,no,,,yes,no,no,0,0,yes,no,,0,,no,no,no
fly_land_plr_dirt_big_sec,raw\sound\fly\footsteps\run\dirt\dirt_run_03.LN65.pc.snd.wav,fly_gear_land_player,loaded,bus_fx,grp_foley,snp_foley,,40,0,62,65,0,5000,5000,allon,default,allon,default,2,8,oldest,oldest,-170,170,70,70,0,1,2d,front,nonlooping,,1,120,0,0,0,0.25,no,yes,none,0,,no,,,yes,no,no,0,0,yes,no,,0,,no,no,no
fly_land_plr_dirt_big_sec,raw\sound\fly\footsteps\run\dirt\dirt_run_04.LN65.pc.snd.wav,fly_gear_land_player,loaded,bus_fx,grp_foley,snp_foley,,40,0,62,65,0,5000,5000,allon,default,allon,default,2,8,oldest,oldest,-170,170,70,70,0,1,2d,front,nonlooping,,1,120,0,0,0,0.25,no,yes,none,0,,no,,,yes,no,no,0,0,yes,no,,0,,no,no,no
fly_land_plr_dirt_sec,raw\sound\fly\footsteps\run\dirt\dirt_run_00.LN65.pc.snd.wav,fly_gear_land_player,loaded,bus_fx,grp_foley,snp_foley,,40,0,62,65,0,5000,5000,allon,default,allon,default,2,8,oldest,oldest,-170,170,70,70,0,1,2d,front,nonlooping,,1,120,0,0,0,0.25,no,yes,none,0,,no,,,yes,no,no,0,0,yes,no,,0,,no,no,no
fly_land_plr_dirt_sec,raw\sound\fly\footsteps\run\dirt\dirt_run_01.LN65.pc.snd.wav,fly_gear_land_player,loaded,bus_fx,grp_foley,snp_foley,,40,0,62,65,0,5000,5000,allon,default,allon,default,2,8,oldest,oldest,-170,170,70,70,0,1,2d,front,nonlooping,,1,120,0,0,0,0.25,no,yes,none,0,,no,,,yes,no,no,0,0,yes,no,,0,,no,no,no
fly_land_plr_dirt_sec,raw\sound\fly\footsteps\run\dirt\dirt_run_02.LN65.pc.snd.wav,fly_gear_land_player,loaded,bus_fx,grp_foley,snp_foley,,40,0,62,65,0,5000,5000,allon,default,allon,default,2,8,oldest,oldest,-170,170,70,70,0,1,2d,front,nonlooping,,1,120,0,0,0,0.25,no,yes,none,0,,no,,,yes,no,no,0,0,yes,no,,0,,no,no,no
fly_land_plr_dirt_sec,raw\sound\fly\footsteps\run\dirt\dirt_run_03.LN65.pc.snd.wav,fly_gear_land_player,loaded,bus_fx,grp_foley,snp_foley,,40,0,62,65,0,5000,5000,allon,default,allon,default,2,8,oldest,oldest,-170,170,70,70,0,1,2d,front,nonlooping,,1,120,0,0,0,0.25,no,yes,none,0,,no,,,yes,no,no,0,0,yes,no,,0,,no,no,no
fly_land_plr_dirt_sec,raw\sound\fly\footsteps\run\dirt\dirt_run_04.LN65.pc.snd.wav,fly_gear_land_player,loaded,bus_fx,grp_foley,snp_foley,,40,0,62,65,0,5000,5000,allon,default,allon,default,2,8,oldest,oldest,-170,170,70,70,0,1,2d,front,nonlooping,,1,120,0,0,0,0.25,no,yes,none,0,,no,,,yes,no,no,0,0,yes,no,,0,,no,no,no
fly_land_plr_flesh,raw\sound\fly\footsteps\run\concrete\concrete_run_00.LN65.pc.snd.wav,fly_land_plr_flesh_sec,loaded,bus_fx,grp_foley,snp_foley,,50,0,74,77,0,5000,5000,allon,default,allon,default,2,8,oldest,oldest,-200,200,70,70,0,1,2d,front,nonlooping,,1,10,0,0,0,0.25,no,yes,none,0,,no,,,yes,no,no,0,0,yes,no,,0,,no,no,no
fly_land_plr_flesh,raw\sound\fly\footsteps\run\concrete\concrete_run_01.LN65.pc.snd.wav,fly_land_plr_flesh_sec,loaded,bus_fx,grp_foley,snp_foley,,50,0,74,77,0,5000,5000,allon,default,allon,default,2,8,oldest,oldest,-200,200,70,70,0,1,2d,front,nonlooping,,1,10,0,0,0,0.25,no,yes,none,0,,no,,,yes,no,no,0,0,yes,no,,0,,no,no,no
fly_land_plr_flesh,raw\sound\fly\footsteps\run\concrete\concrete_run_02.LN65.pc.snd.wav,fly_land_plr_flesh_sec,loaded,bus_fx,grp_foley,snp_foley,,50,0,74,77,0,5000,5000,allon,default,allon,default,2,8,oldest,oldest,-200,200,70,70,0,1,2d,front,nonlooping,,1,10,0,0,0,0.25,no,yes,none,0,,no,,,yes,no,no,0,0,yes,no,,0,,no,no,no
fly_land_plr_flesh,raw\sound\fly\footsteps\run\concrete\concrete_run_03.LN65.pc.snd.wav,fly_land_plr_flesh_sec,loaded,bus_fx,grp_foley,snp_foley,,50,0,74,77,0,5000,5000,allon,default,allon,default,2,8,oldest,oldest,-200,200,70,70,0,1,2d,front,nonlooping,,1,10,0,0,0,0.25,no,yes,none,0,,no,,,yes,no,no,0,0,yes,no,,0,,no,no,no
fly_land_plr_flesh,raw\sound\fly\footsteps\run\concrete\concrete_run_04.LN65.pc.snd.wav,fly_land_plr_flesh_sec,loaded,bus_fx,grp_foley,snp_foley,,50,0,74,77,0,5000,5000,allon,default,allon,default,2,8,oldest,oldest,-200,200,70,70,0,1,2d,front,nonlooping,,1,10,0,0,0,0.25,no,yes,none,0,,no,,,yes,no,no,0,0,yes,no,,0,,no,no,no
fly_land_plr_flesh,raw\sound\fly\footsteps\run\concrete\concrete_run_05.LN65.pc.snd.wav,fly_land_plr_flesh_sec,loaded,bus_fx,grp_foley,snp_foley,,50,0,74,77,0,5000,5000,allon,default,allon,default,2,8,oldest,oldest,-200,200,70,70,0,1,2d,front,nonlooping,,1,10,0,0,0,0.25,no,yes,none,0,,no,,,yes,no,no,0,0,yes,no,,0,,no,no,no
fly_land_plr_flesh_sec,raw\sound\fly\footsteps\run\concrete\concrete_run_00.LN65.pc.snd.wav,fly_gear_land_player,loaded,bus_fx,grp_foley,snp_foley,,40,0,62,65,0,5000,5000,allon,default,allon,default,2,8,oldest,oldest,-170,170,70,70,0,1,2d,front,nonlooping,,1,120,0,0,0,0.25,no,yes,none,0,,no,,,yes,no,no,0,0,yes,no,,0,,no,no,no
fly_land_plr_flesh_sec,raw\sound\fly\footsteps\run\concrete\concrete_run_01.LN65.pc.snd.wav,fly_gear_land_player,loaded,bus_fx,grp_foley,snp_foley,,40,0,62,65,0,5000,5000,allon,default,allon,default,2,8,oldest,oldest,-170,170,70,70,0,1,2d,front,nonlooping,,1,120,0,0,0,0.25,no,yes,none,0,,no,,,yes,no,no,0,0,yes,no,,0,,no,no,no
fly_land_plr_flesh_sec,raw\sound\fly\footsteps\run\concrete\concrete_run_02.LN65.pc.snd.wav,fly_gear_land_player,loaded,bus_fx,grp_foley,snp_foley,,40,0,62,65,0,5000,5000,allon,default,allon,default,2,8,oldest,oldest,-170,170,70,70,0,1,2d,front,nonlooping,,1,120,0,0,0,0.25,no,yes,none,0,,no,,,yes,no,no,0,0,yes,no,,0,,no,no,no
fly_land_plr_flesh_sec,raw\sound\fly\footsteps\run\concrete\concrete_run_03.LN65.pc.snd.wav,fly_gear_land_player,loaded,bus_fx,grp_foley,snp_foley,,40,0,62,65,0,5000,5000,allon,default,allon,default,2,8,oldest,oldest,-170,170,70,70,0,1,2d,front,nonlooping,,1,120,0,0,0,0.25,no,yes,none,0,,no,,,yes,no,no,0,0,yes,no,,0,,no,no,no
fly_land_plr_flesh_sec,raw\sound\fly\footsteps\run\concrete\concrete_run_04.LN65.pc.snd.wav,fly_gear_land_player,loaded,bus_fx,grp_foley,snp_foley,,40,0,62,65,0,5000,5000,allon,default,allon,default,2,8,oldest,oldest,-170,170,70,70,0,1,2d,front,nonlooping,,1,120,0,0,0,0.25,no,yes,none,0,,no,,,yes,no,no,0,0,yes,no,,0,,no,no,no
fly_land_plr_flesh_sec,raw\sound\fly\footsteps\run\concrete\concrete_run_05.LN65.pc.snd.wav,fly_gear_land_player,loaded,bus_fx,grp_foley,snp_foley,,40,0,62,65,0,5000,5000,allon,default,allon,default,2,8,oldest,oldest,-170,170,70,70,0,1,2d,front,nonlooping,,1,120,0,0,0,0.25,no,yes,none,0,,no,,,yes,no,no,0,0,yes,no,,0,,no,no,no
fly_land_plr_foliage,raw\sound\fly\footsteps\run\grass\grass_run_00.LN65.pc.snd.wav,fly_gear_land_player,loaded,bus_fx,grp_foley,snp_foley,,50,0,74,77,0,5000,5000,allon,default,allon,default,2,8,oldest,oldest,-200,200,70,70,0,1,2d,front,nonlooping,,1,10,0,0,0,0.25,no,yes,none,0,,no,,,yes,no,no,0,0,yes,no,,0,,no,no,no
fly_land_plr_foliage,raw\sound\fly\footsteps\run\grass\grass_run_01.LN65.pc.snd.wav,fly_gear_land_player,loaded,bus_fx,grp_foley,snp_foley,,50,0,74,77,0,5000,5000,allon,default,allon,default,2,8,oldest,oldest,-200,200,70,70,0,1,2d,front,nonlooping,,1,10,0,0,0,0.25,no,yes,none,0,,no,,,yes,no,no,0,0,yes,no,,0,,no,no,no
fly_land_plr_foliage,raw\sound\fly\footsteps\run\grass\grass_run_02.LN65.pc.snd.wav,fly_gear_land_player,loaded,bus_fx,grp_foley,snp_foley,,50,0,74,77,0,5000,5000,allon,default,allon,default,2,8,oldest,oldest,-200,200,70,70,0,1,2d,front,nonlooping,,1,10,0,0,0,0.25,no,yes,none,0,,no,,,yes,no,no,0,0,yes,no,,0,,no,no,no
fly_land_plr_foliage,raw\sound\fly\footsteps\run\grass\grass_run_03.LN65.pc.snd.wav,fly_gear_land_player,loaded,bus_fx,grp_foley,snp_foley,,50,0,74,77,0,5000,5000,allon,default,allon,default,2,8,oldest,oldest,-200,200,70,70,0,1,2d,front,nonlooping,,1,10,0,0,0,0.25,no,yes,none,0,,no,,,yes,no,no,0,0,yes,no,,0,,no,no,no
fly_land_plr_foliage,raw\sound\fly\footsteps\run\grass\grass_run_04.LN65.pc.snd.wav,fly_gear_land_player,loaded,bus_fx,grp_foley,snp_foley,,50,0,74,77,0,5000,5000,allon,default,allon,default,2,8,oldest,oldest,-200,200,70,70,0,1,2d,front,nonlooping,,1,10,0,0,0,0.25,no,yes,none,0,,no,,,yes,no,no,0,0,yes,no,,0,,no,no,no
fly_land_plr_foliage_sec,raw\sound\fly\footsteps\run\grass\grass_run_00.LN65.pc.snd.wav,fly_gear_land_player,loaded,bus_fx,grp_foley,snp_foley,,40,0,62,65,0,5000,5000,allon,default,allon,default,2,8,oldest,oldest,-170,170,70,70,0,1,2d,front,nonlooping,,1,120,0,0,0,0.25,no,yes,none,0,,no,,,yes,no,no,0,0,yes,no,,0,,no,no,no
fly_land_plr_foliage_sec,raw\sound\fly\footsteps\run\grass\grass_run_01.LN65.pc.snd.wav,fly_gear_land_player,loaded,bus_fx,grp_foley,snp_foley,,40,0,62,65,0,5000,5000,allon,default,allon,default,2,8,oldest,oldest,-170,170,70,70,0,1,2d,front,nonlooping,,1,120,0,0,0,0.25,no,yes,none,0,,no,,,yes,no,no,0,0,yes,no,,0,,no,no,no
fly_land_plr_foliage_sec,raw\sound\fly\footsteps\run\grass\grass_run_02.LN65.pc.snd.wav,fly_gear_land_player,loaded,bus_fx,grp_foley,snp_foley,,40,0,62,65,0,5000,5000,allon,default,allon,default,2,8,oldest,oldest,-170,170,70,70,0,1,2d,front,nonlooping,,1,120,0,0,0,0.25,no,yes,none,0,,no,,,yes,no,no,0,0,yes,no,,0,,no,no,no
fly_land_plr_foliage_sec,raw\sound\fly\footsteps\run\grass\grass_run_03.LN65.pc.snd.wav,fly_gear_land_player,loaded,bus_fx,grp_foley,snp_foley,,40,0,62,65,0,5000,5000,allon,default,allon,default,2,8,oldest,oldest,-170,170,70,70,0,1,2d,front,nonlooping,,1,120,0,0,0,0.25,no,yes,none,0,,no,,,yes,no,no,0,0,yes,no,,0,,no,no,no
fly_land_plr_foliage_sec,raw\sound\fly\footsteps\run\grass\grass_run_04.LN65.pc.snd.wav,fly_gear_land_player,loaded,bus_fx,grp_foley,snp_foley,,40,0,62,65,0,5000,5000,allon,default,allon,default,2,8,oldest,oldest,-170,170,70,70,0,1,2d,front,nonlooping,,1,120,0,0,0,0.25,no,yes,none,0,,no,,,yes,no,no,0,0,yes,no,,0,,no,no,no
fly_land_plr_fruit,raw\sound\fly\footsteps\run\concrete\concrete_run_00.LN65.pc.snd.wav,fly_land_plr_fruit_sec,loaded,bus_fx,grp_foley,snp_foley,,50,0,74,77,0,5000,5000,allon,default,allon,default,2,8,oldest,oldest,-200,200,70,70,0,1,2d,front,nonlooping,,1,10,0,0,0,0.25,no,yes,none,0,,no,,,yes,no,no,0,0,yes,no,,0,,no,no,no
fly_land_plr_fruit,raw\sound\fly\footsteps\run\concrete\concrete_run_01.LN65.pc.snd.wav,fly_land_plr_fruit_sec,loaded,bus_fx,grp_foley,snp_foley,,50,0,74,77,0,5000,5000,allon,default,allon,default,2,8,oldest,oldest,-200,200,70,70,0,1,2d,front,nonlooping,,1,10,0,0,0,0.25,no,yes,none,0,,no,,,yes,no,no,0,0,yes,no,,0,,no,no,no
fly_land_plr_fruit,raw\sound\fly\footsteps\run\concrete\concrete_run_02.LN65.pc.snd.wav,fly_land_plr_fruit_sec,loaded,bus_fx,grp_foley,snp_foley,,50,0,74,77,0,5000,5000,allon,default,allon,default,2,8,oldest,oldest,-200,200,70,70,0,1,2d,front,nonlooping,,1,10,0,0,0,0.25,no,yes,none,0,,no,,,yes,no,no,0,0,yes,no,,0,,no,no,no
fly_land_plr_fruit,raw\sound\fly\footsteps\run\concrete\concrete_run_03.LN65.pc.snd.wav,fly_land_plr_fruit_sec,loaded,bus_fx,grp_foley,snp_foley,,50,0,74,77,0,5000,5000,allon,default,allon,default,2,8,oldest,oldest,-200,200,70,70,0,1,2d,front,nonlooping,,1,10,0,0,0,0.25,no,yes,none,0,,no,,,yes,no,no,0,0,yes,no,,0,,no,no,no
fly_land_plr_fruit,raw\sound\fly\footsteps\run\concrete\concrete_run_04.LN65.pc.snd.wav,fly_land_plr_fruit_sec,loaded,bus_fx,grp_foley,snp_foley,,50,0,74,77,0,5000,5000,allon,default,allon,default,2,8,oldest,oldest,-200,200,70,70,0,1,2d,front,nonlooping,,1,10,0,0,0,0.25,no,yes,none,0,,no,,,yes,no,no,0,0,yes,no,,0,,no,no,no
fly_land_plr_fruit,raw\sound\fly\footsteps\run\concrete\concrete_run_05.LN65.pc.snd.wav,fly_land_plr_fruit_sec,loaded,bus_fx,grp_foley,snp_foley,,50,0,74,77,0,5000,5000,allon,default,allon,default,2,8,oldest,oldest,-200,200,70,70,0,1,2d,front,nonlooping,,1,10,0,0,0,0.25,no,yes,none,0,,no,,,yes,no,no,0,0,yes,no,,0,,no,no,no
fly_land_plr_fruit_sec,raw\sound\fly\footsteps\run\concrete\concrete_run_00.LN65.pc.snd.wav,fly_gear_land_player,loaded,bus_fx,grp_foley,snp_foley,,40,0,62,65,0,5000,5000,allon,default,allon,default,2,8,oldest,oldest,-170,170,70,70,0,1,2d,front,nonlooping,,1,120,0,0,0,0.25,no,yes,none,0,,no,,,yes,no,no,0,0,yes,no,,0,,no,no,no
fly_land_plr_fruit_sec,raw\sound\fly\footsteps\run\concrete\concrete_run_01.LN65.pc.snd.wav,fly_gear_land_player,loaded,bus_fx,grp_foley,snp_foley,,40,0,62,65,0,5000,5000,allon,default,allon,default,2,8,oldest,oldest,-170,170,70,70,0,1,2d,front,nonlooping,,1,120,0,0,0,0.25,no,yes,none,0,,no,,,yes,no,no,0,0,yes,no,,0,,no,no,no
fly_land_plr_fruit_sec,raw\sound\fly\footsteps\run\concrete\concrete_run_02.LN65.pc.snd.wav,fly_gear_land_player,loaded,bus_fx,grp_foley,snp_foley,,40,0,62,65,0,5000,5000,allon,default,allon,default,2,8,oldest,oldest,-170,170,70,70,0,1,2d,front,nonlooping,,1,120,0,0,0,0.25,no,yes,none,0,,no,,,yes,no,no,0,0,yes,no,,0,,no,no,no
fly_land_plr_fruit_sec,raw\sound\fly\footsteps\run\concrete\concrete_run_03.LN65.pc.snd.wav,fly_gear_land_player,loaded,bus_fx,grp_foley,snp_foley,,40,0,62,65,0,5000,5000,allon,default,allon,default,2,8,oldest,oldest,-170,170,70,70,0,1,2d,front,nonlooping,,1,120,0,0,0,0.25,no,yes,none,0,,no,,,yes,no,no,0,0,yes,no,,0,,no,no,no
fly_land_plr_fruit_sec,raw\sound\fly\footsteps\run\concrete\concrete_run_04.LN65.pc.snd.wav,fly_gear_land_player,loaded,bus_fx,grp_foley,snp_foley,,40,0,62,65,0,5000,5000,allon,default,allon,default,2,8,oldest,oldest,-170,170,70,70,0,1,2d,front,nonlooping,,1,120,0,0,0,0.25,no,yes,none,0,,no,,,yes,no,no,0,0,yes,no,,0,,no,no,no
fly_land_plr_fruit_sec,raw\sound\fly\footsteps\run\concrete\concrete_run_05.LN65.pc.snd.wav,fly_gear_land_player,loaded,bus_fx,grp_foley,snp_foley,,40,0,62,65,0,5000,5000,allon,default,allon,default,2,8,oldest,oldest,-170,170,70,70,0,1,2d,front,nonlooping,,1,120,0,0,0,0.25,no,yes,none,0,,no,,,yes,no,no,0,0,yes,no,,0,,no,no,no
fly_land_plr_glass,raw\sound\fly\footsteps\run\grass\grass_run_00.LN65.pc.snd.wav,fly_land_plr_glass_sec,loaded,bus_fx,grp_foley,snp_foley,,50,0,74,77,0,5000,5000,allon,default,allon,default,2,8,oldest,oldest,-200,200,70,70,0,1,2d,front,nonlooping,,1,10,0,0,0,0.25,no,yes,none,0,,no,,,yes,no,no,0,0,yes,no,,0,,no,no,no
fly_land_plr_glass,raw\sound\fly\footsteps\run\grass\grass_run_01.LN65.pc.snd.wav,fly_land_plr_glass_sec,loaded,bus_fx,grp_foley,snp_foley,,50,0,74,77,0,5000,5000,allon,default,allon,default,2,8,oldest,oldest,-200,200,70,70,0,1,2d,front,nonlooping,,1,10,0,0,0,0.25,no,yes,none,0,,no,,,yes,no,no,0,0,yes,no,,0,,no,no,no
fly_land_plr_glass,raw\sound\fly\footsteps\run\grass\grass_run_02.LN65.pc.snd.wav,fly_land_plr_glass_sec,loaded,bus_fx,grp_foley,snp_foley,,50,0,74,77,0,5000,5000,allon,default,allon,default,2,8,oldest,oldest,-200,200,70,70,0,1,2d,front,nonlooping,,1,10,0,0,0,0.25,no,yes,none,0,,no,,,yes,no,no,0,0,yes,no,,0,,no,no,no
fly_land_plr_glass,raw\sound\fly\footsteps\run\grass\grass_run_03.LN65.pc.snd.wav,fly_land_plr_glass_sec,loaded,bus_fx,grp_foley,snp_foley,,50,0,74,77,0,5000,5000,allon,default,allon,default,2,8,oldest,oldest,-200,200,70,70,0,1,2d,front,nonlooping,,1,10,0,0,0,0.25,no,yes,none,0,,no,,,yes,no,no,0,0,yes,no,,0,,no,no,no
fly_land_plr_glass,raw\sound\fly\footsteps\run\grass\grass_run_04.LN65.pc.snd.wav,fly_land_plr_glass_sec,loaded,bus_fx,grp_foley,snp_foley,,50,0,74,77,0,5000,5000,allon,default,allon,default,2,8,oldest,oldest,-200,200,70,70,0,1,2d,front,nonlooping,,1,10,0,0,0,0.25,no,yes,none,0,,no,,,yes,no,no,0,0,yes,no,,0,,no,no,no
fly_land_plr_glass_sec,raw\sound\fly\footsteps\run\grass\grass_run_00.LN65.pc.snd.wav,fly_gear_land_player,loaded,bus_fx,grp_foley,snp_foley,,40,0,62,65,0,5000,5000,allon,default,allon,default,2,8,oldest,oldest,-170,170,70,70,0,1,2d,front,nonlooping,,1,120,0,0,0,0.25,no,yes,none,0,,no,,,yes,no,no,0,0,yes,no,,0,,no,no,no
fly_land_plr_glass_sec,raw\sound\fly\footsteps\run\grass\grass_run_01.LN65.pc.snd.wav,fly_gear_land_player,loaded,bus_fx,grp_foley,snp_foley,,40,0,62,65,0,5000,5000,allon,default,allon,default,2,8,oldest,oldest,-170,170,70,70,0,1,2d,front,nonlooping,,1,120,0,0,0,0.25,no,yes,none,0,,no,,,yes,no,no,0,0,yes,no,,0,,no,no,no
fly_land_plr_glass_sec,raw\sound\fly\footsteps\run\grass\grass_run_02.LN65.pc.snd.wav,fly_gear_land_player,loaded,bus_fx,grp_foley,snp_foley,,40,0,62,65,0,5000,5000,allon,default,allon,default,2,8,oldest,oldest,-170,170,70,70,0,1,2d,front,nonlooping,,1,120,0,0,0,0.25,no,yes,none,0,,no,,,yes,no,no,0,0,yes,no,,0,,no,no,no
fly_land_plr_glass_sec,raw\sound\fly\footsteps\run\grass\grass_run_03.LN65.pc.snd.wav,fly_gear_land_player,loaded,bus_fx,grp_foley,snp_foley,,40,0,62,65,0,5000,5000,allon,default,allon,default,2,8,oldest,oldest,-170,170,70,70,0,1,2d,front,nonlooping,,1,120,0,0,0,0.25,no,yes,none,0,,no,,,yes,no,no,0,0,yes,no,,0,,no,no,no
fly_land_plr_glass_sec,raw\sound\fly\footsteps\run\grass\grass_run_04.LN65.pc.snd.wav,fly_gear_land_player,loaded,bus_fx,grp_foley,snp_foley,,40,0,62,65,0,5000,5000,allon,default,allon,default,2,8,oldest,oldest,-170,170,70,70,0,1,2d,front,nonlooping,,1,120,0,0,0,0.25,no,yes,none,0,,no,,,yes,no,no,0,0,yes,no,,0,,no,no,no
fly_land_plr_grass,raw\sound\fly\footsteps\run\grass\grass_run_00.LN65.pc.snd.wav,fly_land_plr_grass_sec,loaded,bus_fx,grp_foley,snp_foley,,50,0,74,77,0,5000,5000,allon,default,allon,default,2,8,oldest,oldest,-200,200,70,70,0,1,2d,front,nonlooping,,1,10,0,0,0,0.25,no,yes,none,0,,no,,,yes,no,no,0,0,yes,no,,0,,no,no,no
fly_land_plr_grass,raw\sound\fly\footsteps\run\grass\grass_run_01.LN65.pc.snd.wav,fly_land_plr_grass_sec,loaded,bus_fx,grp_foley,snp_foley,,50,0,74,77,0,5000,5000,allon,default,allon,default,2,8,oldest,oldest,-200,200,70,70,0,1,2d,front,nonlooping,,1,10,0,0,0,0.25,no,yes,none,0,,no,,,yes,no,no,0,0,yes,no,,0,,no,no,no
fly_land_plr_grass,raw\sound\fly\footsteps\run\grass\grass_run_02.LN65.pc.snd.wav,fly_land_plr_grass_sec,loaded,bus_fx,grp_foley,snp_foley,,50,0,74,77,0,5000,5000,allon,default,allon,default,2,8,oldest,oldest,-200,200,70,70,0,1,2d,front,nonlooping,,1,10,0,0,0,0.25,no,yes,none,0,,no,,,yes,no,no,0,0,yes,no,,0,,no,no,no
fly_land_plr_grass,raw\sound\fly\footsteps\run\grass\grass_run_03.LN65.pc.snd.wav,fly_land_plr_grass_sec,loaded,bus_fx,grp_foley,snp_foley,,50,0,74,77,0,5000,5000,allon,default,allon,default,2,8,oldest,oldest,-200,200,70,70,0,1,2d,front,nonlooping,,1,10,0,0,0,0.25,no,yes,none,0,,no,,,yes,no,no,0,0,yes,no,,0,,no,no,no
fly_land_plr_grass,raw\sound\fly\footsteps\run\grass\grass_run_04.LN65.pc.snd.wav,fly_land_plr_grass_sec,loaded,bus_fx,grp_foley,snp_foley,,50,0,74,77,0,5000,5000,allon,default,allon,default,2,8,oldest,oldest,-200,200,70,70,0,1,2d,front,nonlooping,,1,10,0,0,0,0.25,no,yes,none,0,,no,,,yes,no,no,0,0,yes,no,,0,,no,no,no
fly_land_plr_grass_sec,raw\sound\fly\footsteps\run\grass\grass_run_00.LN65.pc.snd.wav,fly_gear_land_player,loaded,bus_fx,grp_foley,snp_foley,,40,0,62,65,0,5000,5000,allon,default,allon,default,2,8,oldest,oldest,-170,170,70,70,0,1,2d,front,nonlooping,,1,120,0,0,0,0.25,no,yes,none,0,,no,,,yes,no,no,0,0,yes,no,,0,,no,no,no
fly_land_plr_grass_sec,raw\sound\fly\footsteps\run\grass\grass_run_01.LN65.pc.snd.wav,fly_gear_land_player,loaded,bus_fx,grp_foley,snp_foley,,40,0,62,65,0,5000,5000,allon,default,allon,default,2,8,oldest,oldest,-170,170,70,70,0,1,2d,front,nonlooping,,1,120,0,0,0,0.25,no,yes,none,0,,no,,,yes,no,no,0,0,yes,no,,0,,no,no,no
fly_land_plr_grass_sec,raw\sound\fly\footsteps\run\grass\grass_run_02.LN65.pc.snd.wav,fly_gear_land_player,loaded,bus_fx,grp_foley,snp_foley,,40,0,62,65,0,5000,5000,allon,default,allon,default,2,8,oldest,oldest,-170,170,70,70,0,1,2d,front,nonlooping,,1,120,0,0,0,0.25,no,yes,none,0,,no,,,yes,no,no,0,0,yes,no,,0,,no,no,no
fly_land_plr_grass_sec,raw\sound\fly\footsteps\run\grass\grass_run_03.LN65.pc.snd.wav,fly_gear_land_player,loaded,bus_fx,grp_foley,snp_foley,,40,0,62,65,0,5000,5000,allon,default,allon,default,2,8,oldest,oldest,-170,170,70,70,0,1,2d,front,nonlooping,,1,120,0,0,0,0.25,no,yes,none,0,,no,,,yes,no,no,0,0,yes,no,,0,,no,no,no
fly_land_plr_grass_sec,raw\sound\fly\footsteps\run\grass\grass_run_04.LN65.pc.snd.wav,fly_gear_land_player,loaded,bus_fx,grp_foley,snp_foley,,40,0,62,65,0,5000,5000,allon,default,allon,default,2,8,oldest,oldest,-170,170,70,70,0,1,2d,front,nonlooping,,1,120,0,0,0,0.25,no,yes,none,0,,no,,,yes,no,no,0,0,yes,no,,0,,no,no,no
fly_land_plr_gravel,raw\sound\fly\footsteps\run\dirt\dirt_run_00.LN65.pc.snd.wav,fly_land_plr_gravel_sec,loaded,bus_fx,grp_foley,snp_foley,,50,0,74,77,0,5000,5000,allon,default,allon,default,2,8,oldest,oldest,-200,200,70,70,0,1,2d,front,nonlooping,,1,10,0,0,0,0.25,no,yes,none,0,,no,,,yes,no,no,0,0,yes,no,,0,,no,no,no
fly_land_plr_gravel,raw\sound\fly\footsteps\run\dirt\dirt_run_01.LN65.pc.snd.wav,fly_land_plr_gravel_sec,loaded,bus_fx,grp_foley,snp_foley,,50,0,74,77,0,5000,5000,allon,default,allon,default,2,8,oldest,oldest,-200,200,70,70,0,1,2d,front,nonlooping,,1,10,0,0,0,0.25,no,yes,none,0,,no,,,yes,no,no,0,0,yes,no,,0,,no,no,no
fly_land_plr_gravel,raw\sound\fly\footsteps\run\dirt\dirt_run_02.LN65.pc.snd.wav,fly_land_plr_gravel_sec,loaded,bus_fx,grp_foley,snp_foley,,50,0,74,77,0,5000,5000,allon,default,allon,default,2,8,oldest,oldest,-200,200,70,70,0,1,2d,front,nonlooping,,1,10,0,0,0,0.25,no,yes,none,0,,no,,,yes,no,no,0,0,yes,no,,0,,no,no,no
fly_land_plr_gravel,raw\sound\fly\footsteps\run\dirt\dirt_run_03.LN65.pc.snd.wav,fly_land_plr_gravel_sec,loaded,bus_fx,grp_foley,snp_foley,,50,0,74,77,0,5000,5000,allon,default,allon,default,2,8,oldest,oldest,-200,200,70,70,0,1,2d,front,nonlooping,,1,10,0,0,0,0.25,no,yes,none,0,,no,,,yes,no,no,0,0,yes,no,,0,,no,no,no
fly_land_plr_gravel,raw\sound\fly\footsteps\run\dirt\dirt_run_04.LN65.pc.snd.wav,fly_land_plr_gravel_sec,loaded,bus_fx,grp_foley,snp_foley,,50,0,74,77,0,5000,5000,allon,default,allon,default,2,8,oldest,oldest,-200,200,70,70,0,1,2d,front,nonlooping,,1,10,0,0,0,0.25,no,yes,none,0,,no,,,yes,no,no,0,0,yes,no,,0,,no,no,no
fly_land_plr_gravel_sec,raw\sound\fly\footsteps\run\dirt\dirt_run_00.LN65.pc.snd.wav,fly_gear_land_player,loaded,bus_fx,grp_foley,snp_foley,,40,0,62,65,0,5000,5000,allon,default,allon,default,2,8,oldest,oldest,-170,170,70,70,0,1,2d,front,nonlooping,,1,120,0,0,0,0.25,no,yes,none,0,,no,,,yes,no,no,0,0,yes,no,,0,,no,no,no
fly_land_plr_gravel_sec,raw\sound\fly\footsteps\run\dirt\dirt_run_01.LN65.pc.snd.wav,fly_gear_land_player,loaded,bus_fx,grp_foley,snp_foley,,40,0,62,65,0,5000,5000,allon,default,allon,default,2,8,oldest,oldest,-170,170,70,70,0,1,2d,front,nonlooping,,1,120,0,0,0,0.25,no,yes,none,0,,no,,,yes,no,no,0,0,yes,no,,0,,no,no,no
fly_land_plr_gravel_sec,raw\sound\fly\footsteps\run\dirt\dirt_run_02.LN65.pc.snd.wav,fly_gear_land_player,loaded,bus_fx,grp_foley,snp_foley,,40,0,62,65,0,5000,5000,allon,default,allon,default,2,8,oldest,oldest,-170,170,70,70,0,1,2d,front,nonlooping,,1,120,0,0,0,0.25,no,yes,none,0,,no,,,yes,no,no,0,0,yes,no,,0,,no,no,no
fly_land_plr_gravel_sec,raw\sound\fly\footsteps\run\dirt\dirt_run_03.LN65.pc.snd.wav,fly_gear_land_player,loaded,bus_fx,grp_foley,snp_foley,,40,0,62,65,0,5000,5000,allon,default,allon,default,2,8,oldest,oldest,-170,170,70,70,0,1,2d,front,nonlooping,,1,120,0,0,0,0.25,no,yes,none,0,,no,,,yes,no,no,0,0,yes,no,,0,,no,no,no
fly_land_plr_gravel_sec,raw\sound\fly\footsteps\run\dirt\dirt_run_04.LN65.pc.snd.wav,fly_gear_land_player,loaded,bus_fx,grp_foley,snp_foley,,40,0,62,65,0,5000,5000,allon,default,allon,default,2,8,oldest,oldest,-170,170,70,70,0,1,2d,front,nonlooping,,1,120,0,0,0,0.25,no,yes,none,0,,no,,,yes,no,no,0,0,yes,no,,0,,no,no,no
fly_land_plr_hard,raw\sound\fly\footsteps\run\concrete\concrete_run_00.LN65.pc.snd.wav,,loaded,bus_fx,grp_foley,snp_foley,@a33bdd93,50,0,74,77,0,5000,5000,allon,default,allon,default,2,8,oldest,oldest,-200,200,70,70,0,1,2d,front,nonlooping,,1,10,0,0,0,0.25,no,yes,none,0,,no,,,yes,no,no,0,0,yes,no,,0,,no,no,no
fly_land_plr_hard,raw\sound\fly\footsteps\run\concrete\concrete_run_01.LN65.pc.snd.wav,,loaded,bus_fx,grp_foley,snp_foley,@a33bdd93,50,0,74,77,0,5000,5000,allon,default,allon,default,2,8,oldest,oldest,-200,200,70,70,0,1,2d,front,nonlooping,,1,10,0,0,0,0.25,no,yes,none,0,,no,,,yes,no,no,0,0,yes,no,,0,,no,no,no
fly_land_plr_hard,raw\sound\fly\footsteps\run\concrete\concrete_run_02.LN65.pc.snd.wav,,loaded,bus_fx,grp_foley,snp_foley,@a33bdd93,50,0,74,77,0,5000,5000,allon,default,allon,default,2,8,oldest,oldest,-200,200,70,70,0,1,2d,front,nonlooping,,1,10,0,0,0,0.25,no,yes,none,0,,no,,,yes,no,no,0,0,yes,no,,0,,no,no,no
fly_land_plr_hard,raw\sound\fly\footsteps\run\concrete\concrete_run_03.LN65.pc.snd.wav,,loaded,bus_fx,grp_foley,snp_foley,@a33bdd93,50,0,74,77,0,5000,5000,allon,default,allon,default,2,8,oldest,oldest,-200,200,70,70,0,1,2d,front,nonlooping,,1,10,0,0,0,0.25,no,yes,none,0,,no,,,yes,no,no,0,0,yes,no,,0,,no,no,no
fly_land_plr_hard,raw\sound\fly\footsteps\run\concrete\concrete_run_04.LN65.pc.snd.wav,,loaded,bus_fx,grp_foley,snp_foley,@a33bdd93,50,0,74,77,0,5000,5000,allon,default,allon,default,2,8,oldest,oldest,-200,200,70,70,0,1,2d,front,nonlooping,,1,10,0,0,0,0.25,no,yes,none,0,,no,,,yes,no,no,0,0,yes,no,,0,,no,no,no
fly_land_plr_hard,raw\sound\fly\footsteps\run\concrete\concrete_run_05.LN65.pc.snd.wav,,loaded,bus_fx,grp_foley,snp_foley,@a33bdd93,50,0,74,77,0,5000,5000,allon,default,allon,default,2,8,oldest,oldest,-200,200,70,70,0,1,2d,front,nonlooping,,1,10,0,0,0,0.25,no,yes,none,0,,no,,,yes,no,no,0,0,yes,no,,0,,no,no,no
fly_land_plr_ice,raw\sound\fly\footsteps\run\ice\ice_run_00.LN65.pc.snd.wav,fly_land_plr_ice_sec,loaded,bus_fx,grp_foley,snp_foley,,50,0,74,77,0,5000,5000,allon,default,allon,default,2,8,oldest,oldest,-200,200,70,70,0,1,2d,front,nonlooping,,1,10,0,0,0,0.25,no,yes,none,0,,no,,,yes,no,no,0,0,yes,no,,0,,no,no,no
fly_land_plr_ice,raw\sound\fly\footsteps\run\ice\ice_run_01.LN65.pc.snd.wav,fly_land_plr_ice_sec,loaded,bus_fx,grp_foley,snp_foley,,50,0,74,77,0,5000,5000,allon,default,allon,default,2,8,oldest,oldest,-200,200,70,70,0,1,2d,front,nonlooping,,1,10,0,0,0,0.25,no,yes,none,0,,no,,,yes,no,no,0,0,yes,no,,0,,no,no,no
fly_land_plr_ice,raw\sound\fly\footsteps\run\ice\ice_run_02.LN65.pc.snd.wav,fly_land_plr_ice_sec,loaded,bus_fx,grp_foley,snp_foley,,50,0,74,77,0,5000,5000,allon,default,allon,default,2,8,oldest,oldest,-200,200,70,70,0,1,2d,front,nonlooping,,1,10,0,0,0,0.25,no,yes,none,0,,no,,,yes,no,no,0,0,yes,no,,0,,no,no,no
fly_land_plr_ice,raw\sound\fly\footsteps\run\ice\ice_run_03.LN65.pc.snd.wav,fly_land_plr_ice_sec,loaded,bus_fx,grp_foley,snp_foley,,50,0,74,77,0,5000,5000,allon,default,allon,default,2,8,oldest,oldest,-200,200,70,70,0,1,2d,front,nonlooping,,1,10,0,0,0,0.25,no,yes,none,0,,no,,,yes,no,no,0,0,yes,no,,0,,no,no,no
fly_land_plr_ice_sec,raw\sound\fly\footsteps\run\ice\ice_run_00.LN65.pc.snd.wav,fly_gear_land_player,loaded,bus_fx,grp_foley,snp_foley,,40,0,62,65,0,5000,5000,allon,default,allon,default,2,8,oldest,oldest,-170,170,70,70,0,1,2d,front,nonlooping,,1,120,0,0,0,0.25,no,yes,none,0,,no,,,yes,no,no,0,0,yes,no,,0,,no,no,no
fly_land_plr_ice_sec,raw\sound\fly\footsteps\run\ice\ice_run_01.LN65.pc.snd.wav,fly_gear_land_player,loaded,bus_fx,grp_foley,snp_foley,,40,0,62,65,0,5000,5000,allon,default,allon,default,2,8,oldest,oldest,-170,170,70,70,0,1,2d,front,nonlooping,,1,120,0,0,0,0.25,no,yes,none,0,,no,,,yes,no,no,0,0,yes,no,,0,,no,no,no
fly_land_plr_ice_sec,raw\sound\fly\footsteps\run\ice\ice_run_02.LN65.pc.snd.wav,fly_gear_land_player,loaded,bus_fx,grp_foley,snp_foley,,40,0,62,65,0,5000,5000,allon,default,allon,default,2,8,oldest,oldest,-170,170,70,70,0,1,2d,front,nonlooping,,1,120,0,0,0,0.25,no,yes,none,0,,no,,,yes,no,no,0,0,yes,no,,0,,no,no,no
fly_land_plr_ice_sec,raw\sound\fly\footsteps\run\ice\ice_run_03.LN65.pc.snd.wav,fly_gear_land_player,loaded,bus_fx,grp_foley,snp_foley,,40,0,62,65,0,5000,5000,allon,default,allon,default,2,8,oldest,oldest,-170,170,70,70,0,1,2d,front,nonlooping,,1,120,0,0,0,0.25,no,yes,none,0,,no,,,yes,no,no,0,0,yes,no,,0,,no,no,no
fly_land_plr_metal,raw\sound\fly\footsteps\run\metal\metal_run_00.LN65.pc.snd.wav,fly_land_plr_metal_sec,loaded,bus_fx,grp_foley,snp_foley,,50,0,74,77,0,5000,5000,allon,default,allon,default,2,8,oldest,oldest,-200,200,70,70,0,1,2d,front,nonlooping,,1,10,0,0,0,0.25,no,yes,none,0,,no,,,yes,no,no,0,0,yes,no,,0,,no,no,no
fly_land_plr_metal,raw\sound\fly\footsteps\run\metal\metal_run_01.LN65.pc.snd.wav,fly_land_plr_metal_sec,loaded,bus_fx,grp_foley,snp_foley,,50,0,74,77,0,5000,5000,allon,default,allon,default,2,8,oldest,oldest,-200,200,70,70,0,1,2d,front,nonlooping,,1,10,0,0,0,0.25,no,yes,none,0,,no,,,yes,no,no,0,0,yes,no,,0,,no,no,no
fly_land_plr_metal,raw\sound\fly\footsteps\run\metal\metal_run_02.LN65.pc.snd.wav,fly_land_plr_metal_sec,loaded,bus_fx,grp_foley,snp_foley,,50,0,74,77,0,5000,5000,allon,default,allon,default,2,8,oldest,oldest,-200,200,70,70,0,1,2d,front,nonlooping,,1,10,0,0,0,0.25,no,yes,none,0,,no,,,yes,no,no,0,0,yes,no,,0,,no,no,no
fly_land_plr_metal,raw\sound\fly\footsteps\run\metal\metal_run_03.LN65.pc.snd.wav,fly_land_plr_metal_sec,loaded,bus_fx,grp_foley,snp_foley,,50,0,74,77,0,5000,5000,allon,default,allon,default,2,8,oldest,oldest,-200,200,70,70,0,1,2d,front,nonlooping,,1,10,0,0,0,0.25,no,yes,none,0,,no,,,yes,no,no,0,0,yes,no,,0,,no,no,no
fly_land_plr_metal,raw\sound\fly\footsteps\run\metal\metal_run_04.LN65.pc.snd.wav,fly_land_plr_metal_sec,loaded,bus_fx,grp_foley,snp_foley,,50,0,74,77,0,5000,5000,allon,default,allon,default,2,8,oldest,oldest,-200,200,70,70,0,1,2d,front,nonlooping,,1,10,0,0,0,0.25,no,yes,none,0,,no,,,yes,no,no,0,0,yes,no,,0,,no,no,no
fly_land_plr_metal_sec,raw\sound\fly\footsteps\run\metal\metal_run_00.LN65.pc.snd.wav,fly_gear_land_player,loaded,bus_fx,grp_foley,snp_foley,,40,0,62,65,0,5000,5000,allon,default,allon,default,2,8,oldest,oldest,-170,170,70,70,0,1,2d,front,nonlooping,,1,120,0,0,0,0.25,no,yes,none,0,,no,,,yes,no,no,0,0,yes,no,,0,,no,no,no
fly_land_plr_metal_sec,raw\sound\fly\footsteps\run\metal\metal_run_01.LN65.pc.snd.wav,fly_gear_land_player,loaded,bus_fx,grp_foley,snp_foley,,40,0,62,65,0,5000,5000,allon,default,allon,default,2,8,oldest,oldest,-170,170,70,70,0,1,2d,front,nonlooping,,1,120,0,0,0,0.25,no,yes,none,0,,no,,,yes,no,no,0,0,yes,no,,0,,no,no,no
fly_land_plr_metal_sec,raw\sound\fly\footsteps\run\metal\metal_run_02.LN65.pc.snd.wav,fly_gear_land_player,loaded,bus_fx,grp_foley,snp_foley,,40,0,62,65,0,5000,5000,allon,default,allon,default,2,8,oldest,oldest,-170,170,70,70,0,1,2d,front,nonlooping,,1,120,0,0,0,0.25,no,yes,none,0,,no,,,yes,no,no,0,0,yes,no,,0,,no,no,no
fly_land_plr_metal_sec,raw\sound\fly\footsteps\run\metal\metal_run_03.LN65.pc.snd.wav,fly_gear_land_player,loaded,bus_fx,grp_foley,snp_foley,,40,0,62,65,0,5000,5000,allon,default,allon,default,2,8,oldest,oldest,-170,170,70,70,0,1,2d,front,nonlooping,,1,120,0,0,0,0.25,no,yes,none,0,,no,,,yes,no,no,0,0,yes,no,,0,,no,no,no
fly_land_plr_metal_sec,raw\sound\fly\footsteps\run\metal\metal_run_04.LN65.pc.snd.wav,fly_gear_land_player,loaded,bus_fx,grp_foley,snp_foley,,40,0,62,65,0,5000,5000,allon,default,allon,default,2,8,oldest,oldest,-170,170,70,70,0,1,2d,front,nonlooping,,1,120,0,0,0,0.25,no,yes,none,0,,no,,,yes,no,no,0,0,yes,no,,0,,no,no,no
fly_land_plr_mud,raw\sound\fly\footsteps\run\mud\mud_run_00.LN65.pc.snd.wav,fly_land_plr_mud_sec,loaded,bus_fx,grp_foley,snp_foley,,50,0,74,77,0,5000,5000,allon,default,allon,default,2,8,oldest,oldest,-200,200,70,70,0,1,2d,front,nonlooping,,1,10,0,0,0,0.25,no,yes,none,0,,no,,,yes,no,no,0,0,yes,no,,0,,no,no,no
fly_land_plr_mud,raw\sound\fly\footsteps\run\mud\mud_run_01.LN65.pc.snd.wav,fly_land_plr_mud_sec,loaded,bus_fx,grp_foley,snp_foley,,50,0,74,77,0,5000,5000,allon,default,allon,default,2,8,oldest,oldest,-200,200,70,70,0,1,2d,front,nonlooping,,1,10,0,0,0,0.25,no,yes,none,0,,no,,,yes,no,no,0,0,yes,no,,0,,no,no,no
fly_land_plr_mud,raw\sound\fly\footsteps\run\mud\mud_run_02.LN65.pc.snd.wav,fly_land_plr_mud_sec,loaded,bus_fx,grp_foley,snp_foley,,50,0,74,77,0,5000,5000,allon,default,allon,default,2,8,oldest,oldest,-200,200,70,70,0,1,2d,front,nonlooping,,1,10,0,0,0,0.25,no,yes,none,0,,no,,,yes,no,no,0,0,yes,no,,0,,no,no,no
fly_land_plr_mud,raw\sound\fly\footsteps\run\mud\mud_run_03.LN65.pc.snd.wav,fly_land_plr_mud_sec,loaded,bus_fx,grp_foley,snp_foley,,50,0,74,77,0,5000,5000,allon,default,allon,default,2,8,oldest,oldest,-200,200,70,70,0,1,2d,front,nonlooping,,1,10,0,0,0,0.25,no,yes,none,0,,no,,,yes,no,no,0,0,yes,no,,0,,no,no,no
fly_land_plr_mud_sec,raw\sound\fly\footsteps\run\mud\mud_run_00.LN65.pc.snd.wav,fly_gear_land_player,loaded,bus_fx,grp_foley,snp_foley,,40,0,62,65,0,5000,5000,allon,default,allon,default,2,8,oldest,oldest,-170,170,70,70,0,1,2d,front,nonlooping,,1,120,0,0,0,0.25,no,yes,none,0,,no,,,yes,no,no,0,0,yes,no,,0,,no,no,no
fly_land_plr_mud_sec,raw\sound\fly\footsteps\run\mud\mud_run_01.LN65.pc.snd.wav,fly_gear_land_player,loaded,bus_fx,grp_foley,snp_foley,,40,0,62,65,0,5000,5000,allon,default,allon,default,2,8,oldest,oldest,-170,170,70,70,0,1,2d,front,nonlooping,,1,120,0,0,0,0.25,no,yes,none,0,,no,,,yes,no,no,0,0,yes,no,,0,,no,no,no
fly_land_plr_mud_sec,raw\sound\fly\footsteps\run\mud\mud_run_02.LN65.pc.snd.wav,fly_gear_land_player,loaded,bus_fx,grp_foley,snp_foley,,40,0,62,65,0,5000,5000,allon,default,allon,default,2,8,oldest,oldest,-170,170,70,70,0,1,2d,front,nonlooping,,1,120,0,0,0,0.25,no,yes,none,0,,no,,,yes,no,no,0,0,yes,no,,0,,no,no,no
fly_land_plr_mud_sec,raw\sound\fly\footsteps\run\mud\mud_run_03.LN65.pc.snd.wav,fly_gear_land_player,loaded,bus_fx,grp_foley,snp_foley,,40,0,62,65,0,5000,5000,allon,default,allon,default,2,8,oldest,oldest,-170,170,70,70,0,1,2d,front,nonlooping,,1,120,0,0,0,0.25,no,yes,none,0,,no,,,yes,no,no,0,0,yes,no,,0,,no,no,no
fly_land_plr_paintedmetal,raw\sound\fly\footsteps\run\metal\metal_run_00.LN65.pc.snd.wav,fly_land_plr_paintedmetal_sec,loaded,bus_fx,grp_foley,snp_foley,,50,0,74,77,0,5000,5000,allon,default,allon,default,2,8,oldest,oldest,-200,200,70,70,0,1,2d,front,nonlooping,,1,10,0,0,0,0.25,no,yes,none,0,,no,,,yes,no,no,0,0,yes,no,,0,,no,no,no
fly_land_plr_paintedmetal,raw\sound\fly\footsteps\run\metal\metal_run_01.LN65.pc.snd.wav,fly_land_plr_paintedmetal_sec,loaded,bus_fx,grp_foley,snp_foley,,50,0,74,77,0,5000,5000,allon,default,allon,default,2,8,oldest,oldest,-200,200,70,70,0,1,2d,front,nonlooping,,1,10,0,0,0,0.25,no,yes,none,0,,no,,,yes,no,no,0,0,yes,no,,0,,no,no,no
fly_land_plr_paintedmetal,raw\sound\fly\footsteps\run\metal\metal_run_02.LN65.pc.snd.wav,fly_land_plr_paintedmetal_sec,loaded,bus_fx,grp_foley,snp_foley,,50,0,74,77,0,5000,5000,allon,default,allon,default,2,8,oldest,oldest,-200,200,70,70,0,1,2d,front,nonlooping,,1,10,0,0,0,0.25,no,yes,none,0,,no,,,yes,no,no,0,0,yes,no,,0,,no,no,no
fly_land_plr_paintedmetal,raw\sound\fly\footsteps\run\metal\metal_run_03.LN65.pc.snd.wav,fly_land_plr_paintedmetal_sec,loaded,bus_fx,grp_foley,snp_foley,,50,0,74,77,0,5000,5000,allon,default,allon,default,2,8,oldest,oldest,-200,200,70,70,0,1,2d,front,nonlooping,,1,10,0,0,0,0.25,no,yes,none,0,,no,,,yes,no,no,0,0,yes,no,,0,,no,no,no
fly_land_plr_paintedmetal,raw\sound\fly\footsteps\run\metal\metal_run_04.LN65.pc.snd.wav,fly_land_plr_paintedmetal_sec,loaded,bus_fx,grp_foley,snp_foley,,50,0,74,77,0,5000,5000,allon,default,allon,default,2,8,oldest,oldest,-200,200,70,70,0,1,2d,front,nonlooping,,1,10,0,0,0,0.25,no,yes,none,0,,no,,,yes,no,no,0,0,yes,no,,0,,no,no,no
fly_land_plr_paintedmetal_sec,raw\sound\fly\footsteps\run\metal\metal_run_00.LN65.pc.snd.wav,fly_gear_land_player,loaded,bus_fx,grp_foley,snp_foley,,40,0,62,65,0,5000,5000,allon,default,allon,default,2,8,oldest,oldest,-170,170,70,70,0,1,2d,front,nonlooping,,1,120,0,0,0,0.25,no,yes,none,0,,no,,,yes,no,no,0,0,yes,no,,0,,no,no,no
fly_land_plr_paintedmetal_sec,raw\sound\fly\footsteps\run\metal\metal_run_01.LN65.pc.snd.wav,fly_gear_land_player,loaded,bus_fx,grp_foley,snp_foley,,40,0,62,65,0,5000,5000,allon,default,allon,default,2,8,oldest,oldest,-170,170,70,70,0,1,2d,front,nonlooping,,1,120,0,0,0,0.25,no,yes,none,0,,no,,,yes,no,no,0,0,yes,no,,0,,no,no,no
fly_land_plr_paintedmetal_sec,raw\sound\fly\footsteps\run\metal\metal_run_02.LN65.pc.snd.wav,fly_gear_land_player,loaded,bus_fx,grp_foley,snp_foley,,40,0,62,65,0,5000,5000,allon,default,allon,default,2,8,oldest,oldest,-170,170,70,70,0,1,2d,front,nonlooping,,1,120,0,0,0,0.25,no,yes,none,0,,no,,,yes,no,no,0,0,yes,no,,0,,no,no,no
fly_land_plr_paintedmetal_sec,raw\sound\fly\footsteps\run\metal\metal_run_03.LN65.pc.snd.wav,fly_gear_land_player,loaded,bus_fx,grp_foley,snp_foley,,40,0,62,65,0,5000,5000,allon,default,allon,default,2,8,oldest,oldest,-170,170,70,70,0,1,2d,front,nonlooping,,1,120,0,0,0,0.25,no,yes,none,0,,no,,,yes,no,no,0,0,yes,no,,0,,no,no,no
fly_land_plr_paintedmetal_sec,raw\sound\fly\footsteps\run\metal\metal_run_04.LN65.pc.snd.wav,fly_gear_land_player,loaded,bus_fx,grp_foley,snp_foley,,40,0,62,65,0,5000,5000,allon,default,allon,default,2,8,oldest,oldest,-170,170,70,70,0,1,2d,front,nonlooping,,1,120,0,0,0,0.25,no,yes,none,0,,no,,,yes,no,no,0,0,yes,no,,0,,no,no,no
fly_land_plr_paper,raw\sound\fly\footsteps\run\dirt\dirt_run_00.LN65.pc.snd.wav,fly_land_plr_paper_sec,loaded,bus_fx,grp_foley,snp_foley,,50,0,74,77,0,5000,5000,allon,default,allon,default,2,8,oldest,oldest,-200,200,70,70,0,1,2d,front,nonlooping,,1,10,0,0,0,0.25,no,yes,none,0,,no,,,yes,no,no,0,0,yes,no,,0,,no,no,no
fly_land_plr_paper,raw\sound\fly\footsteps\run\dirt\dirt_run_01.LN65.pc.snd.wav,fly_land_plr_paper_sec,loaded,bus_fx,grp_foley,snp_foley,,50,0,74,77,0,5000,5000,allon,default,allon,default,2,8,oldest,oldest,-200,200,70,70,0,1,2d,front,nonlooping,,1,10,0,0,0,0.25,no,yes,none,0,,no,,,yes,no,no,0,0,yes,no,,0,,no,no,no
fly_land_plr_paper,raw\sound\fly\footsteps\run\dirt\dirt_run_02.LN65.pc.snd.wav,fly_land_plr_paper_sec,loaded,bus_fx,grp_foley,snp_foley,,50,0,74,77,0,5000,5000,allon,default,allon,default,2,8,oldest,oldest,-200,200,70,70,0,1,2d,front,nonlooping,,1,10,0,0,0,0.25,no,yes,none,0,,no,,,yes,no,no,0,0,yes,no,,0,,no,no,no
fly_land_plr_paper,raw\sound\fly\footsteps\run\dirt\dirt_run_03.LN65.pc.snd.wav,fly_land_plr_paper_sec,loaded,bus_fx,grp_foley,snp_foley,,50,0,74,77,0,5000,5000,allon,default,allon,default,2,8,oldest,oldest,-200,200,70,70,0,1,2d,front,nonlooping,,1,10,0,0,0,0.25,no,yes,none,0,,no,,,yes,no,no,0,0,yes,no,,0,,no,no,no
fly_land_plr_paper,raw\sound\fly\footsteps\run\dirt\dirt_run_04.LN65.pc.snd.wav,fly_land_plr_paper_sec,loaded,bus_fx,grp_foley,snp_foley,,50,0,74,77,0,5000,5000,allon,default,allon,default,2,8,oldest,oldest,-200,200,70,70,0,1,2d,front,nonlooping,,1,10,0,0,0,0.25,no,yes,none,0,,no,,,yes,no,no,0,0,yes,no,,0,,no,no,no
fly_land_plr_paper_sec,raw\sound\fly\footsteps\run\dirt\dirt_run_00.LN65.pc.snd.wav,fly_gear_land_player,loaded,bus_fx,grp_foley,snp_foley,,40,0,62,65,0,5000,5000,allon,default,allon,default,2,8,oldest,oldest,-170,170,70,70,0,1,2d,front,nonlooping,,1,120,0,0,0,0.25,no,yes,none,0,,no,,,yes,no,no,0,0,yes,no,,0,,no,no,no
fly_land_plr_paper_sec,raw\sound\fly\footsteps\run\dirt\dirt_run_01.LN65.pc.snd.wav,fly_gear_land_player,loaded,bus_fx,grp_foley,snp_foley,,40,0,62,65,0,5000,5000,allon,default,allon,default,2,8,oldest,oldest,-170,170,70,70,0,1,2d,front,nonlooping,,1,120,0,0,0,0.25,no,yes,none,0,,no,,,yes,no,no,0,0,yes,no,,0,,no,no,no
fly_land_plr_paper_sec,raw\sound\fly\footsteps\run\dirt\dirt_run_02.LN65.pc.snd.wav,fly_gear_land_player,loaded,bus_fx,grp_foley,snp_foley,,40,0,62,65,0,5000,5000,allon,default,allon,default,2,8,oldest,oldest,-170,170,70,70,0,1,2d,front,nonlooping,,1,120,0,0,0,0.25,no,yes,none,0,,no,,,yes,no,no,0,0,yes,no,,0,,no,no,no
fly_land_plr_paper_sec,raw\sound\fly\footsteps\run\dirt\dirt_run_03.LN65.pc.snd.wav,fly_gear_land_player,loaded,bus_fx,grp_foley,snp_foley,,40,0,62,65,0,5000,5000,allon,default,allon,default,2,8,oldest,oldest,-170,170,70,70,0,1,2d,front,nonlooping,,1,120,0,0,0,0.25,no,yes,none,0,,no,,,yes,no,no,0,0,yes,no,,0,,no,no,no
fly_land_plr_paper_sec,raw\sound\fly\footsteps\run\dirt\dirt_run_04.LN65.pc.snd.wav,fly_gear_land_player,loaded,bus_fx,grp_foley,snp_foley,,40,0,62,65,0,5000,5000,allon,default,allon,default,2,8,oldest,oldest,-170,170,70,70,0,1,2d,front,nonlooping,,1,120,0,0,0,0.25,no,yes,none,0,,no,,,yes,no,no,0,0,yes,no,,0,,no,no,no
fly_land_plr_plaster,raw\sound\fly\footsteps\run\concrete\concrete_run_00.LN65.pc.snd.wav,fly_land_plr_plaster_sec,loaded,bus_fx,grp_foley,snp_foley,,50,0,74,77,0,5000,5000,allon,default,allon,default,2,8,oldest,oldest,-200,200,70,70,0,1,2d,front,nonlooping,,1,10,0,0,0,0.25,no,yes,none,0,,no,,,yes,no,no,0,0,yes,no,,0,,no,no,no
fly_land_plr_plaster,raw\sound\fly\footsteps\run\concrete\concrete_run_01.LN65.pc.snd.wav,fly_land_plr_plaster_sec,loaded,bus_fx,grp_foley,snp_foley,,50,0,74,77,0,5000,5000,allon,default,allon,default,2,8,oldest,oldest,-200,200,70,70,0,1,2d,front,nonlooping,,1,10,0,0,0,0.25,no,yes,none,0,,no,,,yes,no,no,0,0,yes,no,,0,,no,no,no
fly_land_plr_plaster,raw\sound\fly\footsteps\run\concrete\concrete_run_02.LN65.pc.snd.wav,fly_land_plr_plaster_sec,loaded,bus_fx,grp_foley,snp_foley,,50,0,74,77,0,5000,5000,allon,default,allon,default,2,8,oldest,oldest,-200,200,70,70,0,1,2d,front,nonlooping,,1,10,0,0,0,0.25,no,yes,none,0,,no,,,yes,no,no,0,0,yes,no,,0,,no,no,no
fly_land_plr_plaster,raw\sound\fly\footsteps\run\concrete\concrete_run_03.LN65.pc.snd.wav,fly_land_plr_plaster_sec,loaded,bus_fx,grp_foley,snp_foley,,50,0,74,77,0,5000,5000,allon,default,allon,default,2,8,oldest,oldest,-200,200,70,70,0,1,2d,front,nonlooping,,1,10,0,0,0,0.25,no,yes,none,0,,no,,,yes,no,no,0,0,yes,no,,0,,no,no,no
fly_land_plr_plaster,raw\sound\fly\footsteps\run\concrete\concrete_run_04.LN65.pc.snd.wav,fly_land_plr_plaster_sec,loaded,bus_fx,grp_foley,snp_foley,,50,0,74,77,0,5000,5000,allon,default,allon,default,2,8,oldest,oldest,-200,200,70,70,0,1,2d,front,nonlooping,,1,10,0,0,0,0.25,no,yes,none,0,,no,,,yes,no,no,0,0,yes,no,,0,,no,no,no
fly_land_plr_plaster,raw\sound\fly\footsteps\run\concrete\concrete_run_05.LN65.pc.snd.wav,fly_land_plr_plaster_sec,loaded,bus_fx,grp_foley,snp_foley,,50,0,74,77,0,5000,5000,allon,default,allon,default,2,8,oldest,oldest,-200,200,70,70,0,1,2d,front,nonlooping,,1,10,0,0,0,0.25,no,yes,none,0,,no,,,yes,no,no,0,0,yes,no,,0,,no,no,no
fly_land_plr_plaster_sec,raw\sound\fly\footsteps\run\concrete\concrete_run_00.LN65.pc.snd.wav,fly_gear_land_player,loaded,bus_fx,grp_foley,snp_foley,,40,0,62,65,0,5000,5000,allon,default,allon,default,2,8,oldest,oldest,-170,170,70,70,0,1,2d,front,nonlooping,,1,120,0,0,0,0.25,no,yes,none,0,,no,,,yes,no,no,0,0,yes,no,,0,,no,no,no
fly_land_plr_plaster_sec,raw\sound\fly\footsteps\run\concrete\concrete_run_01.LN65.pc.snd.wav,fly_gear_land_player,loaded,bus_fx,grp_foley,snp_foley,,40,0,62,65,0,5000,5000,allon,default,allon,default,2,8,oldest,oldest,-170,170,70,70,0,1,2d,front,nonlooping,,1,120,0,0,0,0.25,no,yes,none,0,,no,,,yes,no,no,0,0,yes,no,,0,,no,no,no
fly_land_plr_plaster_sec,raw\sound\fly\footsteps\run\concrete\concrete_run_02.LN65.pc.snd.wav,fly_gear_land_player,loaded,bus_fx,grp_foley,snp_foley,,40,0,62,65,0,5000,5000,allon,default,allon,default,2,8,oldest,oldest,-170,170,70,70,0,1,2d,front,nonlooping,,1,120,0,0,0,0.25,no,yes,none,0,,no,,,yes,no,no,0,0,yes,no,,0,,no,no,no
fly_land_plr_plaster_sec,raw\sound\fly\footsteps\run\concrete\concrete_run_03.LN65.pc.snd.wav,fly_gear_land_player,loaded,bus_fx,grp_foley,snp_foley,,40,0,62,65,0,5000,5000,allon,default,allon,default,2,8,oldest,oldest,-170,170,70,70,0,1,2d,front,nonlooping,,1,120,0,0,0,0.25,no,yes,none,0,,no,,,yes,no,no,0,0,yes,no,,0,,no,no,no
fly_land_plr_plaster_sec,raw\sound\fly\footsteps\run\concrete\concrete_run_04.LN65.pc.snd.wav,fly_gear_land_player,loaded,bus_fx,grp_foley,snp_foley,,40,0,62,65,0,5000,5000,allon,default,allon,default,2,8,oldest,oldest,-170,170,70,70,0,1,2d,front,nonlooping,,1,120,0,0,0,0.25,no,yes,none,0,,no,,,yes,no,no,0,0,yes,no,,0,,no,no,no
fly_land_plr_plaster_sec,raw\sound\fly\footsteps\run\concrete\concrete_run_05.LN65.pc.snd.wav,fly_gear_land_player,loaded,bus_fx,grp_foley,snp_foley,,40,0,62,65,0,5000,5000,allon,default,allon,default,2,8,oldest,oldest,-170,170,70,70,0,1,2d,front,nonlooping,,1,120,0,0,0,0.25,no,yes,none,0,,no,,,yes,no,no,0,0,yes,no,,0,,no,no,no
fly_land_plr_plastic,raw\sound\fly\footsteps\run\concrete\concrete_run_00.LN65.pc.snd.wav,fly_land_plr_plastic_sec,loaded,bus_fx,grp_foley,snp_foley,,50,0,74,77,0,5000,5000,allon,default,allon,default,2,8,oldest,oldest,-200,200,70,70,0,1,2d,front,nonlooping,,1,10,0,0,0,0.25,no,yes,none,0,,no,,,yes,no,no,0,0,yes,no,,0,,no,no,no
fly_land_plr_plastic,raw\sound\fly\footsteps\run\concrete\concrete_run_01.LN65.pc.snd.wav,fly_land_plr_plastic_sec,loaded,bus_fx,grp_foley,snp_foley,,50,0,74,77,0,5000,5000,allon,default,allon,default,2,8,oldest,oldest,-200,200,70,70,0,1,2d,front,nonlooping,,1,10,0,0,0,0.25,no,yes,none,0,,no,,,yes,no,no,0,0,yes,no,,0,,no,no,no
fly_land_plr_plastic,raw\sound\fly\footsteps\run\concrete\concrete_run_02.LN65.pc.snd.wav,fly_land_plr_plastic_sec,loaded,bus_fx,grp_foley,snp_foley,,50,0,74,77,0,5000,5000,allon,default,allon,default,2,8,oldest,oldest,-200,200,70,70,0,1,2d,front,nonlooping,,1,10,0,0,0,0.25,no,yes,none,0,,no,,,yes,no,no,0,0,yes,no,,0,,no,no,no
fly_land_plr_plastic,raw\sound\fly\footsteps\run\concrete\concrete_run_03.LN65.pc.snd.wav,fly_land_plr_plastic_sec,loaded,bus_fx,grp_foley,snp_foley,,50,0,74,77,0,5000,5000,allon,default,allon,default,2,8,oldest,oldest,-200,200,70,70,0,1,2d,front,nonlooping,,1,10,0,0,0,0.25,no,yes,none,0,,no,,,yes,no,no,0,0,yes,no,,0,,no,no,no
fly_land_plr_plastic,raw\sound\fly\footsteps\run\concrete\concrete_run_04.LN65.pc.snd.wav,fly_land_plr_plastic_sec,loaded,bus_fx,grp_foley,snp_foley,,50,0,74,77,0,5000,5000,allon,default,allon,default,2,8,oldest,oldest,-200,200,70,70,0,1,2d,front,nonlooping,,1,10,0,0,0,0.25,no,yes,none,0,,no,,,yes,no,no,0,0,yes,no,,0,,no,no,no
fly_land_plr_plastic,raw\sound\fly\footsteps\run\concrete\concrete_run_05.LN65.pc.snd.wav,fly_land_plr_plastic_sec,loaded,bus_fx,grp_foley,snp_foley,,50,0,74,77,0,5000,5000,allon,default,allon,default,2,8,oldest,oldest,-200,200,70,70,0,1,2d,front,nonlooping,,1,10,0,0,0,0.25,no,yes,none,0,,no,,,yes,no,no,0,0,yes,no,,0,,no,no,no
fly_land_plr_plastic_sec,raw\sound\fly\footsteps\run\concrete\concrete_run_00.LN65.pc.snd.wav,fly_gear_land_player,loaded,bus_fx,grp_foley,snp_foley,,40,0,62,65,0,5000,5000,allon,default,allon,default,2,8,oldest,oldest,-170,170,70,70,0,1,2d,front,nonlooping,,1,120,0,0,0,0.25,no,yes,none,0,,no,,,yes,no,no,0,0,yes,no,,0,,no,no,no
fly_land_plr_plastic_sec,raw\sound\fly\footsteps\run\concrete\concrete_run_01.LN65.pc.snd.wav,fly_gear_land_player,loaded,bus_fx,grp_foley,snp_foley,,40,0,62,65,0,5000,5000,allon,default,allon,default,2,8,oldest,oldest,-170,170,70,70,0,1,2d,front,nonlooping,,1,120,0,0,0,0.25,no,yes,none,0,,no,,,yes,no,no,0,0,yes,no,,0,,no,no,no
fly_land_plr_plastic_sec,raw\sound\fly\footsteps\run\concrete\concrete_run_02.LN65.pc.snd.wav,fly_gear_land_player,loaded,bus_fx,grp_foley,snp_foley,,40,0,62,65,0,5000,5000,allon,default,allon,default,2,8,oldest,oldest,-170,170,70,70,0,1,2d,front,nonlooping,,1,120,0,0,0,0.25,no,yes,none,0,,no,,,yes,no,no,0,0,yes,no,,0,,no,no,no
fly_land_plr_plastic_sec,raw\sound\fly\footsteps\run\concrete\concrete_run_03.LN65.pc.snd.wav,fly_gear_land_player,loaded,bus_fx,grp_foley,snp_foley,,40,0,62,65,0,5000,5000,allon,default,allon,default,2,8,oldest,oldest,-170,170,70,70,0,1,2d,front,nonlooping,,1,120,0,0,0,0.25,no,yes,none,0,,no,,,yes,no,no,0,0,yes,no,,0,,no,no,no
fly_land_plr_plastic_sec,raw\sound\fly\footsteps\run\concrete\concrete_run_04.LN65.pc.snd.wav,fly_gear_land_player,loaded,bus_fx,grp_foley,snp_foley,,40,0,62,65,0,5000,5000,allon,default,allon,default,2,8,oldest,oldest,-170,170,70,70,0,1,2d,front,nonlooping,,1,120,0,0,0,0.25,no,yes,none,0,,no,,,yes,no,no,0,0,yes,no,,0,,no,no,no
fly_land_plr_plastic_sec,raw\sound\fly\footsteps\run\concrete\concrete_run_05.LN65.pc.snd.wav,fly_gear_land_player,loaded,bus_fx,grp_foley,snp_foley,,40,0,62,65,0,5000,5000,allon,default,allon,default,2,8,oldest,oldest,-170,170,70,70,0,1,2d,front,nonlooping,,1,120,0,0,0,0.25,no,yes,none,0,,no,,,yes,no,no,0,0,yes,no,,0,,no,no,no
fly_land_plr_rock,raw\sound\fly\footsteps\run\concrete\concrete_run_00.LN65.pc.snd.wav,fly_land_plr_rock_sec,loaded,bus_fx,grp_foley,snp_foley,,50,0,74,77,0,5000,5000,allon,default,allon,default,2,8,oldest,oldest,-200,200,70,70,0,1,2d,front,nonlooping,,1,10,0,0,0,0.25,no,yes,none,0,,no,,,yes,no,no,0,0,yes,no,,0,,no,no,no
fly_land_plr_rock,raw\sound\fly\footsteps\run\concrete\concrete_run_01.LN65.pc.snd.wav,fly_land_plr_rock_sec,loaded,bus_fx,grp_foley,snp_foley,,50,0,74,77,0,5000,5000,allon,default,allon,default,2,8,oldest,oldest,-200,200,70,70,0,1,2d,front,nonlooping,,1,10,0,0,0,0.25,no,yes,none,0,,no,,,yes,no,no,0,0,yes,no,,0,,no,no,no
fly_land_plr_rock,raw\sound\fly\footsteps\run\concrete\concrete_run_02.LN65.pc.snd.wav,fly_land_plr_rock_sec,loaded,bus_fx,grp_foley,snp_foley,,50,0,74,77,0,5000,5000,allon,default,allon,default,2,8,oldest,oldest,-200,200,70,70,0,1,2d,front,nonlooping,,1,10,0,0,0,0.25,no,yes,none,0,,no,,,yes,no,no,0,0,yes,no,,0,,no,no,no
fly_land_plr_rock,raw\sound\fly\footsteps\run\concrete\concrete_run_03.LN65.pc.snd.wav,fly_land_plr_rock_sec,loaded,bus_fx,grp_foley,snp_foley,,50,0,74,77,0,5000,5000,allon,default,allon,default,2,8,oldest,oldest,-200,200,70,70,0,1,2d,front,nonlooping,,1,10,0,0,0,0.25,no,yes,none,0,,no,,,yes,no,no,0,0,yes,no,,0,,no,no,no
fly_land_plr_rock,raw\sound\fly\footsteps\run\concrete\concrete_run_04.LN65.pc.snd.wav,fly_land_plr_rock_sec,loaded,bus_fx,grp_foley,snp_foley,,50,0,74,77,0,5000,5000,allon,default,allon,default,2,8,oldest,oldest,-200,200,70,70,0,1,2d,front,nonlooping,,1,10,0,0,0,0.25,no,yes,none,0,,no,,,yes,no,no,0,0,yes,no,,0,,no,no,no
fly_land_plr_rock,raw\sound\fly\footsteps\run\concrete\concrete_run_05.LN65.pc.snd.wav,fly_land_plr_rock_sec,loaded,bus_fx,grp_foley,snp_foley,,50,0,74,77,0,5000,5000,allon,default,allon,default,2,8,oldest,oldest,-200,200,70,70,0,1,2d,front,nonlooping,,1,10,0,0,0,0.25,no,yes,none,0,,no,,,yes,no,no,0,0,yes,no,,0,,no,no,no
fly_land_plr_rock_sec,raw\sound\fly\footsteps\run\concrete\concrete_run_00.LN65.pc.snd.wav,fly_gear_land_player,loaded,bus_fx,grp_foley,snp_foley,,40,0,62,65,0,5000,5000,allon,default,allon,default,2,8,oldest,oldest,-170,170,70,70,0,1,2d,front,nonlooping,,1,120,0,0,0,0.25,no,yes,none,0,,no,,,yes,no,no,0,0,yes,no,,0,,no,no,no
fly_land_plr_rock_sec,raw\sound\fly\footsteps\run\concrete\concrete_run_01.LN65.pc.snd.wav,fly_gear_land_player,loaded,bus_fx,grp_foley,snp_foley,,40,0,62,65,0,5000,5000,allon,default,allon,default,2,8,oldest,oldest,-170,170,70,70,0,1,2d,front,nonlooping,,1,120,0,0,0,0.25,no,yes,none,0,,no,,,yes,no,no,0,0,yes,no,,0,,no,no,no
fly_land_plr_rock_sec,raw\sound\fly\footsteps\run\concrete\concrete_run_02.LN65.pc.snd.wav,fly_gear_land_player,loaded,bus_fx,grp_foley,snp_foley,,40,0,62,65,0,5000,5000,allon,default,allon,default,2,8,oldest,oldest,-170,170,70,70,0,1,2d,front,nonlooping,,1,120,0,0,0,0.25,no,yes,none,0,,no,,,yes,no,no,0,0,yes,no,,0,,no,no,no
fly_land_plr_rock_sec,raw\sound\fly\footsteps\run\concrete\concrete_run_03.LN65.pc.snd.wav,fly_gear_land_player,loaded,bus_fx,grp_foley,snp_foley,,40,0,62,65,0,5000,5000,allon,default,allon,default,2,8,oldest,oldest,-170,170,70,70,0,1,2d,front,nonlooping,,1,120,0,0,0,0.25,no,yes,none,0,,no,,,yes,no,no,0,0,yes,no,,0,,no,no,no
fly_land_plr_rock_sec,raw\sound\fly\footsteps\run\concrete\concrete_run_04.LN65.pc.snd.wav,fly_gear_land_player,loaded,bus_fx,grp_foley,snp_foley,,40,0,62,65,0,5000,5000,allon,default,allon,default,2,8,oldest,oldest,-170,170,70,70,0,1,2d,front,nonlooping,,1,120,0,0,0,0.25,no,yes,none,0,,no,,,yes,no,no,0,0,yes,no,,0,,no,no,no
fly_land_plr_rock_sec,raw\sound\fly\footsteps\run\concrete\concrete_run_05.LN65.pc.snd.wav,fly_gear_land_player,loaded,bus_fx,grp_foley,snp_foley,,40,0,62,65,0,5000,5000,allon,default,allon,default,2,8,oldest,oldest,-170,170,70,70,0,1,2d,front,nonlooping,,1,120,0,0,0,0.25,no,yes,none,0,,no,,,yes,no,no,0,0,yes,no,,0,,no,no,no
fly_land_plr_rubber,raw\sound\fly\footsteps\run\dirt\dirt_run_00.LN65.pc.snd.wav,fly_land_plr_rubber_sec,loaded,bus_fx,grp_foley,snp_foley,,50,0,74,77,0,5000,5000,allon,default,allon,default,2,8,oldest,oldest,-200,200,70,70,0,1,2d,front,nonlooping,,1,10,0,0,0,0.25,no,yes,none,0,,no,,,yes,no,no,0,0,yes,no,,0,,no,no,no
fly_land_plr_rubber,raw\sound\fly\footsteps\run\dirt\dirt_run_01.LN65.pc.snd.wav,fly_land_plr_rubber_sec,loaded,bus_fx,grp_foley,snp_foley,,50,0,74,77,0,5000,5000,allon,default,allon,default,2,8,oldest,oldest,-200,200,70,70,0,1,2d,front,nonlooping,,1,10,0,0,0,0.25,no,yes,none,0,,no,,,yes,no,no,0,0,yes,no,,0,,no,no,no
fly_land_plr_rubber,raw\sound\fly\footsteps\run\dirt\dirt_run_02.LN65.pc.snd.wav,fly_land_plr_rubber_sec,loaded,bus_fx,grp_foley,snp_foley,,50,0,74,77,0,5000,5000,allon,default,allon,default,2,8,oldest,oldest,-200,200,70,70,0,1,2d,front,nonlooping,,1,10,0,0,0,0.25,no,yes,none,0,,no,,,yes,no,no,0,0,yes,no,,0,,no,no,no
fly_land_plr_rubber,raw\sound\fly\footsteps\run\dirt\dirt_run_03.LN65.pc.snd.wav,fly_land_plr_rubber_sec,loaded,bus_fx,grp_foley,snp_foley,,50,0,74,77,0,5000,5000,allon,default,allon,default,2,8,oldest,oldest,-200,200,70,70,0,1,2d,front,nonlooping,,1,10,0,0,0,0.25,no,yes,none,0,,no,,,yes,no,no,0,0,yes,no,,0,,no,no,no
fly_land_plr_rubber,raw\sound\fly\footsteps\run\dirt\dirt_run_04.LN65.pc.snd.wav,fly_land_plr_rubber_sec,loaded,bus_fx,grp_foley,snp_foley,,50,0,74,77,0,5000,5000,allon,default,allon,default,2,8,oldest,oldest,-200,200,70,70,0,1,2d,front,nonlooping,,1,10,0,0,0,0.25,no,yes,none,0,,no,,,yes,no,no,0,0,yes,no,,0,,no,no,no
fly_land_plr_rubber_sec,raw\sound\fly\footsteps\run\dirt\dirt_run_00.LN65.pc.snd.wav,fly_gear_land_player,loaded,bus_fx,grp_foley,snp_foley,,40,0,62,65,0,5000,5000,allon,default,allon,default,2,8,oldest,oldest,-170,170,70,70,0,1,2d,front,nonlooping,,1,120,0,0,0,0.25,no,yes,none,0,,no,,,yes,no,no,0,0,yes,no,,0,,no,no,no
fly_land_plr_rubber_sec,raw\sound\fly\footsteps\run\dirt\dirt_run_01.LN65.pc.snd.wav,fly_gear_land_player,loaded,bus_fx,grp_foley,snp_foley,,40,0,62,65,0,5000,5000,allon,default,allon,default,2,8,oldest,oldest,-170,170,70,70,0,1,2d,front,nonlooping,,1,120,0,0,0,0.25,no,yes,none,0,,no,,,yes,no,no,0,0,yes,no,,0,,no,no,no
fly_land_plr_rubber_sec,raw\sound\fly\footsteps\run\dirt\dirt_run_02.LN65.pc.snd.wav,fly_gear_land_player,loaded,bus_fx,grp_foley,snp_foley,,40,0,62,65,0,5000,5000,allon,default,allon,default,2,8,oldest,oldest,-170,170,70,70,0,1,2d,front,nonlooping,,1,120,0,0,0,0.25,no,yes,none,0,,no,,,yes,no,no,0,0,yes,no,,0,,no,no,no
fly_land_plr_rubber_sec,raw\sound\fly\footsteps\run\dirt\dirt_run_03.LN65.pc.snd.wav,fly_gear_land_player,loaded,bus_fx,grp_foley,snp_foley,,40,0,62,65,0,5000,5000,allon,default,allon,default,2,8,oldest,oldest,-170,170,70,70,0,1,2d,front,nonlooping,,1,120,0,0,0,0.25,no,yes,none,0,,no,,,yes,no,no,0,0,yes,no,,0,,no,no,no
fly_land_plr_rubber_sec,raw\sound\fly\footsteps\run\dirt\dirt_run_04.LN65.pc.snd.wav,fly_gear_land_player,loaded,bus_fx,grp_foley,snp_foley,,40,0,62,65,0,5000,5000,allon,default,allon,default,2,8,oldest,oldest,-170,170,70,70,0,1,2d,front,nonlooping,,1,120,0,0,0,0.25,no,yes,none,0,,no,,,yes,no,no,0,0,yes,no,,0,,no,no,no
fly_land_plr_sand,raw\sound\fly\footsteps\run\sand\sand_run_00.LN65.pc.snd.wav,fly_land_plr_sand_sec,loaded,bus_fx,grp_foley,snp_foley,,50,0,74,77,0,5000,5000,allon,default,allon,default,2,8,oldest,oldest,-200,200,70,70,0,1,2d,front,nonlooping,,1,10,0,0,0,0.25,no,yes,none,0,,no,,,yes,no,no,0,0,yes,no,,0,,no,no,no
fly_land_plr_sand,raw\sound\fly\footsteps\run\sand\sand_run_01.LN65.pc.snd.wav,fly_land_plr_sand_sec,loaded,bus_fx,grp_foley,snp_foley,,50,0,74,77,0,5000,5000,allon,default,allon,default,2,8,oldest,oldest,-200,200,70,70,0,1,2d,front,nonlooping,,1,10,0,0,0,0.25,no,yes,none,0,,no,,,yes,no,no,0,0,yes,no,,0,,no,no,no
fly_land_plr_sand,raw\sound\fly\footsteps\run\sand\sand_run_02.LN65.pc.snd.wav,fly_land_plr_sand_sec,loaded,bus_fx,grp_foley,snp_foley,,50,0,74,77,0,5000,5000,allon,default,allon,default,2,8,oldest,oldest,-200,200,70,70,0,1,2d,front,nonlooping,,1,10,0,0,0,0.25,no,yes,none,0,,no,,,yes,no,no,0,0,yes,no,,0,,no,no,no
fly_land_plr_sand_sec,raw\sound\fly\footsteps\run\sand\sand_run_00.LN65.pc.snd.wav,fly_gear_land_player,loaded,bus_fx,grp_foley,snp_foley,,40,0,62,65,0,5000,5000,allon,default,allon,default,2,8,oldest,oldest,-170,170,70,70,0,1,2d,front,nonlooping,,1,120,0,0,0,0.25,no,yes,none,0,,no,,,yes,no,no,0,0,yes,no,,0,,no,no,no
fly_land_plr_sand_sec,raw\sound\fly\footsteps\run\sand\sand_run_01.LN65.pc.snd.wav,fly_gear_land_player,loaded,bus_fx,grp_foley,snp_foley,,40,0,62,65,0,5000,5000,allon,default,allon,default,2,8,oldest,oldest,-170,170,70,70,0,1,2d,front,nonlooping,,1,120,0,0,0,0.25,no,yes,none,0,,no,,,yes,no,no,0,0,yes,no,,0,,no,no,no
fly_land_plr_sand_sec,raw\sound\fly\footsteps\run\sand\sand_run_02.LN65.pc.snd.wav,fly_gear_land_player,loaded,bus_fx,grp_foley,snp_foley,,40,0,62,65,0,5000,5000,allon,default,allon,default,2,8,oldest,oldest,-170,170,70,70,0,1,2d,front,nonlooping,,1,120,0,0,0,0.25,no,yes,none,0,,no,,,yes,no,no,0,0,yes,no,,0,,no,no,no
fly_land_plr_snow,raw\sound\fly\footsteps\run\snow\snow_run_00.LN65.pc.snd.wav,fly_land_plr_snow_sec,loaded,bus_fx,grp_foley,snp_foley,,50,0,59,59,0,5000,5000,allon,default,allon,default,2,8,oldest,oldest,-200,200,70,70,0,1,2d,front,nonlooping,,1,10,0,0,0,0.25,no,yes,none,0,,no,,,yes,no,no,0,0,yes,no,,0,,no,no,no
fly_land_plr_snow,raw\sound\fly\footsteps\run\snow\snow_run_01.LN65.pc.snd.wav,fly_land_plr_snow_sec,loaded,bus_fx,grp_foley,snp_foley,,50,0,59,59,0,5000,5000,allon,default,allon,default,2,8,oldest,oldest,-200,200,70,70,0,1,2d,front,nonlooping,,1,10,0,0,0,0.25,no,yes,none,0,,no,,,yes,no,no,0,0,yes,no,,0,,no,no,no
fly_land_plr_snow,raw\sound\fly\footsteps\run\snow\snow_run_02.LN65.pc.snd.wav,fly_land_plr_snow_sec,loaded,bus_fx,grp_foley,snp_foley,,50,0,59,59,0,5000,5000,allon,default,allon,default,2,8,oldest,oldest,-200,200,70,70,0,1,2d,front,nonlooping,,1,10,0,0,0,0.25,no,yes,none,0,,no,,,yes,no,no,0,0,yes,no,,0,,no,no,no
fly_land_plr_snow,raw\sound\fly\footsteps\run\snow\snow_run_03.LN65.pc.snd.wav,fly_land_plr_snow_sec,loaded,bus_fx,grp_foley,snp_foley,,50,0,59,59,0,5000,5000,allon,default,allon,default,2,8,oldest,oldest,-200,200,70,70,0,1,2d,front,nonlooping,,1,10,0,0,0,0.25,no,yes,none,0,,no,,,yes,no,no,0,0,yes,no,,0,,no,no,no
fly_land_plr_snow,raw\sound\fly\footsteps\run\snow\snow_run_04.LN65.pc.snd.wav,fly_land_plr_snow_sec,loaded,bus_fx,grp_foley,snp_foley,,50,0,59,59,0,5000,5000,allon,default,allon,default,2,8,oldest,oldest,-200,200,70,70,0,1,2d,front,nonlooping,,1,10,0,0,0,0.25,no,yes,none,0,,no,,,yes,no,no,0,0,yes,no,,0,,no,no,no
fly_land_plr_snow_sec,raw\sound\fly\footsteps\run\snow\snow_run_00.LN65.pc.snd.wav,fly_gear_land_player,loaded,bus_fx,grp_foley,snp_foley,,40,0,56,56,0,5000,5000,allon,default,allon,default,2,8,oldest,oldest,-170,170,70,70,0,1,2d,front,nonlooping,,1,120,0,0,0,0.25,no,yes,none,0,,no,,,yes,no,no,0,0,yes,no,,0,,no,no,no
fly_land_plr_snow_sec,raw\sound\fly\footsteps\run\snow\snow_run_01.LN65.pc.snd.wav,fly_gear_land_player,loaded,bus_fx,grp_foley,snp_foley,,40,0,56,56,0,5000,5000,allon,default,allon,default,2,8,oldest,oldest,-170,170,70,70,0,1,2d,front,nonlooping,,1,120,0,0,0,0.25,no,yes,none,0,,no,,,yes,no,no,0,0,yes,no,,0,,no,no,no
fly_land_plr_snow_sec,raw\sound\fly\footsteps\run\snow\snow_run_02.LN65.pc.snd.wav,fly_gear_land_player,loaded,bus_fx,grp_foley,snp_foley,,40,0,56,56,0,5000,5000,allon,default,allon,default,2,8,oldest,oldest,-170,170,70,70,0,1,2d,front,nonlooping,,1,120,0,0,0,0.25,no,yes,none,0,,no,,,yes,no,no,0,0,yes,no,,0,,no,no,no
fly_land_plr_snow_sec,raw\sound\fly\footsteps\run\snow\snow_run_03.LN65.pc.snd.wav,fly_gear_land_player,loaded,bus_fx,grp_foley,snp_foley,,40,0,56,56,0,5000,5000,allon,default,allon,default,2,8,oldest,oldest,-170,170,70,70,0,1,2d,front,nonlooping,,1,120,0,0,0,0.25,no,yes,none,0,,no,,,yes,no,no,0,0,yes,no,,0,,no,no,no
fly_land_plr_snow_sec,raw\sound\fly\footsteps\run\snow\snow_run_04.LN65.pc.snd.wav,fly_gear_land_player,loaded,bus_fx,grp_foley,snp_foley,,40,0,56,56,0,5000,5000,allon,default,allon,default,2,8,oldest,oldest,-170,170,70,70,0,1,2d,front,nonlooping,,1,120,0,0,0,0.25,no,yes,none,0,,no,,,yes,no,no,0,0,yes,no,,0,,no,no,no
fly_land_plr_water,raw\sound\fly\footsteps\run\water\water_run_00.LN65.pc.snd.wav,fly_land_plr_water_sec,loaded,bus_fx,grp_foley,snp_foley,,50,0,74,77,0,5000,5000,allon,default,allon,default,2,8,oldest,oldest,-200,200,70,70,0,1,2d,front,nonlooping,,1,10,0,0,0,0.25,no,yes,none,0,,no,,,yes,no,no,0,0,yes,no,,0,,no,no,no
fly_land_plr_water,raw\sound\fly\footsteps\run\water\water_run_01.LN65.pc.snd.wav,fly_land_plr_water_sec,loaded,bus_fx,grp_foley,snp_foley,,50,0,74,77,0,5000,5000,allon,default,allon,default,2,8,oldest,oldest,-200,200,70,70,0,1,2d,front,nonlooping,,1,10,0,0,0,0.25,no,yes,none,0,,no,,,yes,no,no,0,0,yes,no,,0,,no,no,no
fly_land_plr_water,raw\sound\fly\footsteps\run\water\water_run_02.LN65.pc.snd.wav,fly_land_plr_water_sec,loaded,bus_fx,grp_foley,snp_foley,,50,0,74,77,0,5000,5000,allon,default,allon,default,2,8,oldest,oldest,-200,200,70,70,0,1,2d,front,nonlooping,,1,10,0,0,0,0.25,no,yes,none,0,,no,,,yes,no,no,0,0,yes,no,,0,,no,no,no
fly_land_plr_water,raw\sound\fly\footsteps\run\water\water_run_03.LN65.pc.snd.wav,fly_land_plr_water_sec,loaded,bus_fx,grp_foley,snp_foley,,50,0,74,77,0,5000,5000,allon,default,allon,default,2,8,oldest,oldest,-200,200,70,70,0,1,2d,front,nonlooping,,1,10,0,0,0,0.25,no,yes,none,0,,no,,,yes,no,no,0,0,yes,no,,0,,no,no,no
fly_land_plr_water,raw\sound\fly\footsteps\run\water\water_run_04.LN65.pc.snd.wav,fly_land_plr_water_sec,loaded,bus_fx,grp_foley,snp_foley,,50,0,74,77,0,5000,5000,allon,default,allon,default,2,8,oldest,oldest,-200,200,70,70,0,1,2d,front,nonlooping,,1,10,0,0,0,0.25,no,yes,none,0,,no,,,yes,no,no,0,0,yes,no,,0,,no,no,no
fly_land_plr_water_sec,raw\sound\fly\footsteps\run\water\water_run_00.LN65.pc.snd.wav,fly_gear_land_player,loaded,bus_fx,grp_foley,snp_foley,,40,0,62,65,0,5000,5000,allon,default,allon,default,2,8,oldest,oldest,-170,170,70,70,0,1,2d,front,nonlooping,,1,120,0,0,0,0.25,no,yes,none,0,,no,,,yes,no,no,0,0,yes,no,,0,,no,no,no
fly_land_plr_water_sec,raw\sound\fly\footsteps\run\water\water_run_01.LN65.pc.snd.wav,fly_gear_land_player,loaded,bus_fx,grp_foley,snp_foley,,40,0,62,65,0,5000,5000,allon,default,allon,default,2,8,oldest,oldest,-170,170,70,70,0,1,2d,front,nonlooping,,1,120,0,0,0,0.25,no,yes,none,0,,no,,,yes,no,no,0,0,yes,no,,0,,no,no,no
fly_land_plr_water_sec,raw\sound\fly\footsteps\run\water\water_run_02.LN65.pc.snd.wav,fly_gear_land_player,loaded,bus_fx,grp_foley,snp_foley,,40,0,62,65,0,5000,5000,allon,default,allon,default,2,8,oldest,oldest,-170,170,70,70,0,1,2d,front,nonlooping,,1,120,0,0,0,0.25,no,yes,none,0,,no,,,yes,no,no,0,0,yes,no,,0,,no,no,no
fly_land_plr_water_sec,raw\sound\fly\footsteps\run\water\water_run_03.LN65.pc.snd.wav,fly_gear_land_player,loaded,bus_fx,grp_foley,snp_foley,,40,0,62,65,0,5000,5000,allon,default,allon,default,2,8,oldest,oldest,-170,170,70,70,0,1,2d,front,nonlooping,,1,120,0,0,0,0.25,no,yes,none,0,,no,,,yes,no,no,0,0,yes,no,,0,,no,no,no
fly_land_plr_water_sec,raw\sound\fly\footsteps\run\water\water_run_04.LN65.pc.snd.wav,fly_gear_land_player,loaded,bus_fx,grp_foley,snp_foley,,40,0,62,65,0,5000,5000,allon,default,allon,default,2,8,oldest,oldest,-170,170,70,70,0,1,2d,front,nonlooping,,1,120,0,0,0,0.25,no,yes,none,0,,no,,,yes,no,no,0,0,yes,no,,0,,no,no,no
fly_land_plr_wood,raw\sound\fly\footsteps\run\wood\wood_run_00.LN65.pc.snd.wav,fly_land_plr_wood_sec,loaded,bus_fx,grp_foley,snp_foley,,50,0,74,77,0,5000,5000,allon,default,allon,default,2,8,oldest,oldest,-200,200,70,70,0,1,2d,front,nonlooping,,1,10,0,0,0,0.25,no,yes,none,0,,no,,,yes,no,no,0,0,yes,no,,0,,no,no,no
fly_land_plr_wood,raw\sound\fly\footsteps\run\wood\wood_run_01.LN65.pc.snd.wav,fly_land_plr_wood_sec,loaded,bus_fx,grp_foley,snp_foley,,50,0,74,77,0,5000,5000,allon,default,allon,default,2,8,oldest,oldest,-200,200,70,70,0,1,2d,front,nonlooping,,1,10,0,0,0,0.25,no,yes,none,0,,no,,,yes,no,no,0,0,yes,no,,0,,no,no,no
fly_land_plr_wood,raw\sound\fly\footsteps\run\wood\wood_run_02.LN65.pc.snd.wav,fly_land_plr_wood_sec,loaded,bus_fx,grp_foley,snp_foley,,50,0,74,77,0,5000,5000,allon,default,allon,default,2,8,oldest,oldest,-200,200,70,70,0,1,2d,front,nonlooping,,1,10,0,0,0,0.25,no,yes,none,0,,no,,,yes,no,no,0,0,yes,no,,0,,no,no,no
fly_land_plr_wood,raw\sound\fly\footsteps\run\wood\wood_run_03.LN65.pc.snd.wav,fly_land_plr_wood_sec,loaded,bus_fx,grp_foley,snp_foley,,50,0,74,77,0,5000,5000,allon,default,allon,default,2,8,oldest,oldest,-200,200,70,70,0,1,2d,front,nonlooping,,1,10,0,0,0,0.25,no,yes,none,0,,no,,,yes,no,no,0,0,yes,no,,0,,no,no,no
fly_land_plr_wood,raw\sound\fly\footsteps\run\wood\wood_run_04.LN65.pc.snd.wav,fly_land_plr_wood_sec,loaded,bus_fx,grp_foley,snp_foley,,50,0,74,77,0,5000,5000,allon,default,allon,default,2,8,oldest,oldest,-200,200,70,70,0,1,2d,front,nonlooping,,1,10,0,0,0,0.25,no,yes,none,0,,no,,,yes,no,no,0,0,yes,no,,0,,no,no,no
fly_land_plr_wood,raw\sound\fly\footsteps\run\wood\wood_run_05.LN65.pc.snd.wav,fly_land_plr_wood_sec,loaded,bus_fx,grp_foley,snp_foley,,50,0,74,77,0,5000,5000,allon,default,allon,default,2,8,oldest,oldest,-200,200,70,70,0,1,2d,front,nonlooping,,1,10,0,0,0,0.25,no,yes,none,0,,no,,,yes,no,no,0,0,yes,no,,0,,no,no,no
fly_land_plr_wood_sec,raw\sound\fly\footsteps\run\wood\wood_run_00.LN65.pc.snd.wav,fly_gear_land_player,loaded,bus_fx,grp_foley,snp_foley,,40,0,62,65,0,5000,5000,allon,default,allon,default,2,8,oldest,oldest,-170,170,70,70,0,1,2d,front,nonlooping,,1,120,0,0,0,0.25,no,yes,none,0,,no,,,yes,no,no,0,0,yes,no,,0,,no,no,no
fly_land_plr_wood_sec,raw\sound\fly\footsteps\run\wood\wood_run_01.LN65.pc.snd.wav,fly_gear_land_player,loaded,bus_fx,grp_foley,snp_foley,,40,0,62,65,0,5000,5000,allon,default,allon,default,2,8,oldest,oldest,-170,170,70,70,0,1,2d,front,nonlooping,,1,120,0,0,0,0.25,no,yes,none,0,,no,,,yes,no,no,0,0,yes,no,,0,,no,no,no
fly_land_plr_wood_sec,raw\sound\fly\footsteps\run\wood\wood_run_02.LN65.pc.snd.wav,fly_gear_land_player,loaded,bus_fx,grp_foley,snp_foley,,40,0,62,65,0,5000,5000,allon,default,allon,default,2,8,oldest,oldest,-170,170,70,70,0,1,2d,front,nonlooping,,1,120,0,0,0,0.25,no,yes,none,0,,no,,,yes,no,no,0,0,yes,no,,0,,no,no,no
fly_land_plr_wood_sec,raw\sound\fly\footsteps\run\wood\wood_run_03.LN65.pc.snd.wav,fly_gear_land_player,loaded,bus_fx,grp_foley,snp_foley,,40,0,62,65,0,5000,5000,allon,default,allon,default,2,8,oldest,oldest,-170,170,70,70,0,1,2d,front,nonlooping,,1,120,0,0,0,0.25,no,yes,none,0,,no,,,yes,no,no,0,0,yes,no,,0,,no,no,no
fly_land_plr_wood_sec,raw\sound\fly\footsteps\run\wood\wood_run_04.LN65.pc.snd.wav,fly_gear_land_player,loaded,bus_fx,grp_foley,snp_foley,,40,0,62,65,0,5000,5000,allon,default,allon,default,2,8,oldest,oldest,-170,170,70,70,0,1,2d,front,nonlooping,,1,120,0,0,0,0.25,no,yes,none,0,,no,,,yes,no,no,0,0,yes,no,,0,,no,no,no
fly_land_plr_wood_sec,raw\sound\fly\footsteps\run\wood\wood_run_05.LN65.pc.snd.wav,fly_gear_land_player,loaded,bus_fx,grp_foley,snp_foley,,40,0,62,65,0,5000,5000,allon,default,allon,default,2,8,oldest,oldest,-170,170,70,70,0,1,2d,front,nonlooping,,1,120,0,0,0,0.25,no,yes,none,0,,no,,,yes,no,no,0,0,yes,no,,0,,no,no,no
fly_step_crouch_run_plr_asphalt,raw\sound\fly\footsteps\run\concrete\concrete_run_00.LN65.pc.snd.wav,fly_gear_plr,loaded,bus_fx,grp_foley,snp_foley,,45,0,45,49,0,5000,5000,allon,default,allon,default,2,8,oldest,oldest,-180,180,70,70,0,1,2d,front,nonlooping,,1,0,0,0,0,0.25,no,yes,none,0,,no,,,yes,no,no,0,0,yes,no,,0,,no,no,no
fly_step_crouch_run_plr_asphalt,raw\sound\fly\footsteps\run\concrete\concrete_run_01.LN65.pc.snd.wav,fly_gear_plr,loaded,bus_fx,grp_foley,snp_foley,,45,0,45,49,0,5000,5000,allon,default,allon,default,2,8,oldest,oldest,-180,180,70,70,0,1,2d,front,nonlooping,,1,0,0,0,0,0.25,no,yes,none,0,,no,,,yes,no,no,0,0,yes,no,,0,,no,no,no
fly_step_crouch_run_plr_asphalt,raw\sound\fly\footsteps\run\concrete\concrete_run_02.LN65.pc.snd.wav,fly_gear_plr,loaded,bus_fx,grp_foley,snp_foley,,45,0,45,49,0,5000,5000,allon,default,allon,default,2,8,oldest,oldest,-180,180,70,70,0,1,2d,front,nonlooping,,1,0,0,0,0,0.25,no,yes,none,0,,no,,,yes,no,no,0,0,yes,no,,0,,no,no,no
fly_step_crouch_run_plr_asphalt,raw\sound\fly\footsteps\run\concrete\concrete_run_03.LN65.pc.snd.wav,fly_gear_plr,loaded,bus_fx,grp_foley,snp_foley,,45,0,45,49,0,5000,5000,allon,default,allon,default,2,8,oldest,oldest,-180,180,70,70,0,1,2d,front,nonlooping,,1,0,0,0,0,0.25,no,yes,none,0,,no,,,yes,no,no,0,0,yes,no,,0,,no,no,no
fly_step_crouch_run_plr_asphalt,raw\sound\fly\footsteps\run\concrete\concrete_run_04.LN65.pc.snd.wav,fly_gear_plr,loaded,bus_fx,grp_foley,snp_foley,,45,0,45,49,0,5000,5000,allon,default,allon,default,2,8,oldest,oldest,-180,180,70,70,0,1,2d,front,nonlooping,,1,0,0,0,0,0.25,no,yes,none,0,,no,,,yes,no,no,0,0,yes,no,,0,,no,no,no
fly_step_crouch_run_plr_asphalt,raw\sound\fly\footsteps\run\concrete\concrete_run_05.LN65.pc.snd.wav,fly_gear_plr,loaded,bus_fx,grp_foley,snp_foley,,45,0,45,49,0,5000,5000,allon,default,allon,default,2,8,oldest,oldest,-180,180,70,70,0,1,2d,front,nonlooping,,1,0,0,0,0,0.25,no,yes,none,0,,no,,,yes,no,no,0,0,yes,no,,0,,no,no,no
fly_step_crouch_run_plr_bark,raw\sound\fly\footsteps\run\wood\wood_run_00.LN65.pc.snd.wav,fly_gear_plr,loaded,bus_fx,grp_foley,snp_foley,,45,0,45,49,0,5000,5000,allon,default,allon,default,2,8,oldest,oldest,-180,180,70,70,0,1,2d,front,nonlooping,,1,0,0,0,0,0.25,no,yes,none,0,,no,,,yes,no,no,0,0,yes,no,,0,,no,no,no
fly_step_crouch_run_plr_bark,raw\sound\fly\footsteps\run\wood\wood_run_01.LN65.pc.snd.wav,fly_gear_plr,loaded,bus_fx,grp_foley,snp_foley,,45,0,45,49,0,5000,5000,allon,default,allon,default,2,8,oldest,oldest,-180,180,70,70,0,1,2d,front,nonlooping,,1,0,0,0,0,0.25,no,yes,none,0,,no,,,yes,no,no,0,0,yes,no,,0,,no,no,no
fly_step_crouch_run_plr_bark,raw\sound\fly\footsteps\run\wood\wood_run_02.LN65.pc.snd.wav,fly_gear_plr,loaded,bus_fx,grp_foley,snp_foley,,45,0,45,49,0,5000,5000,allon,default,allon,default,2,8,oldest,oldest,-180,180,70,70,0,1,2d,front,nonlooping,,1,0,0,0,0,0.25,no,yes,none,0,,no,,,yes,no,no,0,0,yes,no,,0,,no,no,no
fly_step_crouch_run_plr_bark,raw\sound\fly\footsteps\run\wood\wood_run_03.LN65.pc.snd.wav,fly_gear_plr,loaded,bus_fx,grp_foley,snp_foley,,45,0,45,49,0,5000,5000,allon,default,allon,default,2,8,oldest,oldest,-180,180,70,70,0,1,2d,front,nonlooping,,1,0,0,0,0,0.25,no,yes,none,0,,no,,,yes,no,no,0,0,yes,no,,0,,no,no,no
fly_step_crouch_run_plr_bark,raw\sound\fly\footsteps\run\wood\wood_run_04.LN65.pc.snd.wav,fly_gear_plr,loaded,bus_fx,grp_foley,snp_foley,,45,0,45,49,0,5000,5000,allon,default,allon,default,2,8,oldest,oldest,-180,180,70,70,0,1,2d,front,nonlooping,,1,0,0,0,0,0.25,no,yes,none,0,,no,,,yes,no,no,0,0,yes,no,,0,,no,no,no
fly_step_crouch_run_plr_bark,raw\sound\fly\footsteps\run\wood\wood_run_05.LN65.pc.snd.wav,fly_gear_plr,loaded,bus_fx,grp_foley,snp_foley,,45,0,45,49,0,5000,5000,allon,default,allon,default,2,8,oldest,oldest,-180,180,70,70,0,1,2d,front,nonlooping,,1,0,0,0,0,0.25,no,yes,none,0,,no,,,yes,no,no,0,0,yes,no,,0,,no,no,no
fly_step_crouch_run_plr_brick,raw\sound\fly\footsteps\run\concrete\concrete_run_00.LN65.pc.snd.wav,fly_gear_plr,loaded,bus_fx,grp_foley,snp_foley,,45,0,45,49,0,5000,5000,allon,default,allon,default,2,8,oldest,oldest,-180,180,70,70,0,1,2d,front,nonlooping,,1,0,0,0,0,0.25,no,yes,none,0,,no,,,yes,no,no,0,0,yes,no,,0,,no,no,no
fly_step_crouch_run_plr_brick,raw\sound\fly\footsteps\run\concrete\concrete_run_01.LN65.pc.snd.wav,fly_gear_plr,loaded,bus_fx,grp_foley,snp_foley,,45,0,45,49,0,5000,5000,allon,default,allon,default,2,8,oldest,oldest,-180,180,70,70,0,1,2d,front,nonlooping,,1,0,0,0,0,0.25,no,yes,none,0,,no,,,yes,no,no,0,0,yes,no,,0,,no,no,no
fly_step_crouch_run_plr_brick,raw\sound\fly\footsteps\run\concrete\concrete_run_02.LN65.pc.snd.wav,fly_gear_plr,loaded,bus_fx,grp_foley,snp_foley,,45,0,45,49,0,5000,5000,allon,default,allon,default,2,8,oldest,oldest,-180,180,70,70,0,1,2d,front,nonlooping,,1,0,0,0,0,0.25,no,yes,none,0,,no,,,yes,no,no,0,0,yes,no,,0,,no,no,no
fly_step_crouch_run_plr_brick,raw\sound\fly\footsteps\run\concrete\concrete_run_03.LN65.pc.snd.wav,fly_gear_plr,loaded,bus_fx,grp_foley,snp_foley,,45,0,45,49,0,5000,5000,allon,default,allon,default,2,8,oldest,oldest,-180,180,70,70,0,1,2d,front,nonlooping,,1,0,0,0,0,0.25,no,yes,none,0,,no,,,yes,no,no,0,0,yes,no,,0,,no,no,no
fly_step_crouch_run_plr_brick,raw\sound\fly\footsteps\run\concrete\concrete_run_04.LN65.pc.snd.wav,fly_gear_plr,loaded,bus_fx,grp_foley,snp_foley,,45,0,45,49,0,5000,5000,allon,default,allon,default,2,8,oldest,oldest,-180,180,70,70,0,1,2d,front,nonlooping,,1,0,0,0,0,0.25,no,yes,none,0,,no,,,yes,no,no,0,0,yes,no,,0,,no,no,no
fly_step_crouch_run_plr_brick,raw\sound\fly\footsteps\run\concrete\concrete_run_05.LN65.pc.snd.wav,fly_gear_plr,loaded,bus_fx,grp_foley,snp_foley,,45,0,45,49,0,5000,5000,allon,default,allon,default,2,8,oldest,oldest,-180,180,70,70,0,1,2d,front,nonlooping,,1,0,0,0,0,0.25,no,yes,none,0,,no,,,yes,no,no,0,0,yes,no,,0,,no,no,no
fly_step_crouch_run_plr_carpet,raw\sound\fly\footsteps\run\carpet\carpet_run_00.LN65.pc.snd.wav,fly_gear_plr,loaded,bus_fx,grp_foley,snp_foley,,45,0,45,49,0,5000,5000,allon,default,allon,default,2,8,oldest,oldest,-180,180,70,70,0,1,2d,front,nonlooping,,1,0,0,0,0,0.25,no,yes,none,0,,no,,,yes,no,no,0,0,yes,no,,0,,no,no,no
fly_step_crouch_run_plr_carpet,raw\sound\fly\footsteps\run\carpet\carpet_run_01.LN65.pc.snd.wav,fly_gear_plr,loaded,bus_fx,grp_foley,snp_foley,,45,0,45,49,0,5000,5000,allon,default,allon,default,2,8,oldest,oldest,-180,180,70,70,0,1,2d,front,nonlooping,,1,0,0,0,0,0.25,no,yes,none,0,,no,,,yes,no,no,0,0,yes,no,,0,,no,no,no
fly_step_crouch_run_plr_carpet,raw\sound\fly\footsteps\run\carpet\carpet_run_02.LN65.pc.snd.wav,fly_gear_plr,loaded,bus_fx,grp_foley,snp_foley,,45,0,45,49,0,5000,5000,allon,default,allon,default,2,8,oldest,oldest,-180,180,70,70,0,1,2d,front,nonlooping,,1,0,0,0,0,0.25,no,yes,none,0,,no,,,yes,no,no,0,0,yes,no,,0,,no,no,no
fly_step_crouch_run_plr_carpet,raw\sound\fly\footsteps\run\carpet\carpet_run_03.LN65.pc.snd.wav,fly_gear_plr,loaded,bus_fx,grp_foley,snp_foley,,45,0,45,49,0,5000,5000,allon,default,allon,default,2,8,oldest,oldest,-180,180,70,70,0,1,2d,front,nonlooping,,1,0,0,0,0,0.25,no,yes,none,0,,no,,,yes,no,no,0,0,yes,no,,0,,no,no,no
fly_step_crouch_run_plr_carpet,raw\sound\fly\footsteps\run\carpet\carpet_run_04.LN65.pc.snd.wav,fly_gear_plr,loaded,bus_fx,grp_foley,snp_foley,,45,0,45,49,0,5000,5000,allon,default,allon,default,2,8,oldest,oldest,-180,180,70,70,0,1,2d,front,nonlooping,,1,0,0,0,0,0.25,no,yes,none,0,,no,,,yes,no,no,0,0,yes,no,,0,,no,no,no
fly_step_crouch_run_plr_carpet,raw\sound\fly\footsteps\run\carpet\carpet_run_05.LN65.pc.snd.wav,fly_gear_plr,loaded,bus_fx,grp_foley,snp_foley,,45,0,45,49,0,5000,5000,allon,default,allon,default,2,8,oldest,oldest,-180,180,70,70,0,1,2d,front,nonlooping,,1,0,0,0,0,0.25,no,yes,none,0,,no,,,yes,no,no,0,0,yes,no,,0,,no,no,no
fly_step_crouch_run_plr_carpet,raw\sound\fly\footsteps\run\carpet\carpet_run_06.LN65.pc.snd.wav,fly_gear_plr,loaded,bus_fx,grp_foley,snp_foley,,45,0,45,49,0,5000,5000,allon,default,allon,default,2,8,oldest,oldest,-180,180,70,70,0,1,2d,front,nonlooping,,1,0,0,0,0,0.25,no,yes,none,0,,no,,,yes,no,no,0,0,yes,no,,0,,no,no,no
fly_step_crouch_run_plr_ceramic,raw\sound\fly\footsteps\run\concrete\concrete_run_00.LN65.pc.snd.wav,fly_gear_plr,loaded,bus_fx,grp_foley,snp_foley,,45,0,45,49,0,5000,5000,allon,default,allon,default,2,8,oldest,oldest,-180,180,70,70,0,1,2d,front,nonlooping,,1,0,0,0,0,0.25,no,yes,none,0,,no,,,yes,no,no,0,0,yes,no,,0,,no,no,no
fly_step_crouch_run_plr_ceramic,raw\sound\fly\footsteps\run\concrete\concrete_run_01.LN65.pc.snd.wav,fly_gear_plr,loaded,bus_fx,grp_foley,snp_foley,,45,0,45,49,0,5000,5000,allon,default,allon,default,2,8,oldest,oldest,-180,180,70,70,0,1,2d,front,nonlooping,,1,0,0,0,0,0.25,no,yes,none,0,,no,,,yes,no,no,0,0,yes,no,,0,,no,no,no
fly_step_crouch_run_plr_ceramic,raw\sound\fly\footsteps\run\concrete\concrete_run_02.LN65.pc.snd.wav,fly_gear_plr,loaded,bus_fx,grp_foley,snp_foley,,45,0,45,49,0,5000,5000,allon,default,allon,default,2,8,oldest,oldest,-180,180,70,70,0,1,2d,front,nonlooping,,1,0,0,0,0,0.25,no,yes,none,0,,no,,,yes,no,no,0,0,yes,no,,0,,no,no,no
fly_step_crouch_run_plr_ceramic,raw\sound\fly\footsteps\run\concrete\concrete_run_03.LN65.pc.snd.wav,fly_gear_plr,loaded,bus_fx,grp_foley,snp_foley,,45,0,45,49,0,5000,5000,allon,default,allon,default,2,8,oldest,oldest,-180,180,70,70,0,1,2d,front,nonlooping,,1,0,0,0,0,0.25,no,yes,none,0,,no,,,yes,no,no,0,0,yes,no,,0,,no,no,no
fly_step_crouch_run_plr_ceramic,raw\sound\fly\footsteps\run\concrete\concrete_run_04.LN65.pc.snd.wav,fly_gear_plr,loaded,bus_fx,grp_foley,snp_foley,,45,0,45,49,0,5000,5000,allon,default,allon,default,2,8,oldest,oldest,-180,180,70,70,0,1,2d,front,nonlooping,,1,0,0,0,0,0.25,no,yes,none,0,,no,,,yes,no,no,0,0,yes,no,,0,,no,no,no
fly_step_crouch_run_plr_ceramic,raw\sound\fly\footsteps\run\concrete\concrete_run_05.LN65.pc.snd.wav,fly_gear_plr,loaded,bus_fx,grp_foley,snp_foley,,45,0,45,49,0,5000,5000,allon,default,allon,default,2,8,oldest,oldest,-180,180,70,70,0,1,2d,front,nonlooping,,1,0,0,0,0,0.25,no,yes,none,0,,no,,,yes,no,no,0,0,yes,no,,0,,no,no,no
fly_step_crouch_run_plr_cloth,raw\sound\fly\footsteps\run\carpet\carpet_run_00.LN65.pc.snd.wav,fly_gear_plr,loaded,bus_fx,grp_foley,snp_foley,,45,0,45,49,0,5000,5000,allon,default,allon,default,2,8,oldest,oldest,-180,180,70,70,0,1,2d,front,nonlooping,,1,0,0,0,0,0.25,no,yes,none,0,,no,,,yes,no,no,0,0,yes,no,,0,,no,no,no
fly_step_crouch_run_plr_cloth,raw\sound\fly\footsteps\run\carpet\carpet_run_01.LN65.pc.snd.wav,fly_gear_plr,loaded,bus_fx,grp_foley,snp_foley,,45,0,45,49,0,5000,5000,allon,default,allon,default,2,8,oldest,oldest,-180,180,70,70,0,1,2d,front,nonlooping,,1,0,0,0,0,0.25,no,yes,none,0,,no,,,yes,no,no,0,0,yes,no,,0,,no,no,no
fly_step_crouch_run_plr_cloth,raw\sound\fly\footsteps\run\carpet\carpet_run_02.LN65.pc.snd.wav,fly_gear_plr,loaded,bus_fx,grp_foley,snp_foley,,45,0,45,49,0,5000,5000,allon,default,allon,default,2,8,oldest,oldest,-180,180,70,70,0,1,2d,front,nonlooping,,1,0,0,0,0,0.25,no,yes,none,0,,no,,,yes,no,no,0,0,yes,no,,0,,no,no,no
fly_step_crouch_run_plr_cloth,raw\sound\fly\footsteps\run\carpet\carpet_run_03.LN65.pc.snd.wav,fly_gear_plr,loaded,bus_fx,grp_foley,snp_foley,,45,0,45,49,0,5000,5000,allon,default,allon,default,2,8,oldest,oldest,-180,180,70,70,0,1,2d,front,nonlooping,,1,0,0,0,0,0.25,no,yes,none,0,,no,,,yes,no,no,0,0,yes,no,,0,,no,no,no
fly_step_crouch_run_plr_cloth,raw\sound\fly\footsteps\run\carpet\carpet_run_04.LN65.pc.snd.wav,fly_gear_plr,loaded,bus_fx,grp_foley,snp_foley,,45,0,45,49,0,5000,5000,allon,default,allon,default,2,8,oldest,oldest,-180,180,70,70,0,1,2d,front,nonlooping,,1,0,0,0,0,0.25,no,yes,none,0,,no,,,yes,no,no,0,0,yes,no,,0,,no,no,no
fly_step_crouch_run_plr_cloth,raw\sound\fly\footsteps\run\carpet\carpet_run_05.LN65.pc.snd.wav,fly_gear_plr,loaded,bus_fx,grp_foley,snp_foley,,45,0,45,49,0,5000,5000,allon,default,allon,default,2,8,oldest,oldest,-180,180,70,70,0,1,2d,front,nonlooping,,1,0,0,0,0,0.25,no,yes,none,0,,no,,,yes,no,no,0,0,yes,no,,0,,no,no,no
fly_step_crouch_run_plr_cloth,raw\sound\fly\footsteps\run\carpet\carpet_run_06.LN65.pc.snd.wav,fly_gear_plr,loaded,bus_fx,grp_foley,snp_foley,,45,0,45,49,0,5000,5000,allon,default,allon,default,2,8,oldest,oldest,-180,180,70,70,0,1,2d,front,nonlooping,,1,0,0,0,0,0.25,no,yes,none,0,,no,,,yes,no,no,0,0,yes,no,,0,,no,no,no
fly_step_crouch_run_plr_concrete,raw\sound\fly\footsteps\run\concrete\concrete_run_00.LN65.pc.snd.wav,fly_gear_plr,loaded,bus_fx,grp_foley,snp_foley,,45,0,45,49,0,5000,5000,allon,default,allon,default,2,8,oldest,oldest,-180,180,70,70,0,1,2d,front,nonlooping,,1,0,0,0,0,0.25,no,yes,none,0,,no,,,yes,no,no,0,0,yes,no,,0,,no,no,no
fly_step_crouch_run_plr_concrete,raw\sound\fly\footsteps\run\concrete\concrete_run_01.LN65.pc.snd.wav,fly_gear_plr,loaded,bus_fx,grp_foley,snp_foley,,45,0,45,49,0,5000,5000,allon,default,allon,default,2,8,oldest,oldest,-180,180,70,70,0,1,2d,front,nonlooping,,1,0,0,0,0,0.25,no,yes,none,0,,no,,,yes,no,no,0,0,yes,no,,0,,no,no,no
fly_step_crouch_run_plr_concrete,raw\sound\fly\footsteps\run\concrete\concrete_run_02.LN65.pc.snd.wav,fly_gear_plr,loaded,bus_fx,grp_foley,snp_foley,,45,0,45,49,0,5000,5000,allon,default,allon,default,2,8,oldest,oldest,-180,180,70,70,0,1,2d,front,nonlooping,,1,0,0,0,0,0.25,no,yes,none,0,,no,,,yes,no,no,0,0,yes,no,,0,,no,no,no
fly_step_crouch_run_plr_concrete,raw\sound\fly\footsteps\run\concrete\concrete_run_03.LN65.pc.snd.wav,fly_gear_plr,loaded,bus_fx,grp_foley,snp_foley,,45,0,45,49,0,5000,5000,allon,default,allon,default,2,8,oldest,oldest,-180,180,70,70,0,1,2d,front,nonlooping,,1,0,0,0,0,0.25,no,yes,none,0,,no,,,yes,no,no,0,0,yes,no,,0,,no,no,no
fly_step_crouch_run_plr_concrete,raw\sound\fly\footsteps\run\concrete\concrete_run_04.LN65.pc.snd.wav,fly_gear_plr,loaded,bus_fx,grp_foley,snp_foley,,45,0,45,49,0,5000,5000,allon,default,allon,default,2,8,oldest,oldest,-180,180,70,70,0,1,2d,front,nonlooping,,1,0,0,0,0,0.25,no,yes,none,0,,no,,,yes,no,no,0,0,yes,no,,0,,no,no,no
fly_step_crouch_run_plr_concrete,raw\sound\fly\footsteps\run\concrete\concrete_run_05.LN65.pc.snd.wav,fly_gear_plr,loaded,bus_fx,grp_foley,snp_foley,,45,0,45,49,0,5000,5000,allon,default,allon,default,2,8,oldest,oldest,-180,180,70,70,0,1,2d,front,nonlooping,,1,0,0,0,0,0.25,no,yes,none,0,,no,,,yes,no,no,0,0,yes,no,,0,,no,no,no
fly_step_crouch_run_plr_cushion,raw\sound\fly\footsteps\run\carpet\carpet_run_00.LN65.pc.snd.wav,fly_gear_plr,loaded,bus_fx,grp_foley,snp_foley,,45,0,45,49,0,5000,5000,allon,default,allon,default,2,8,oldest,oldest,-180,180,70,70,0,1,2d,front,nonlooping,,1,0,0,0,0,0.25,no,yes,none,0,,no,,,yes,no,no,0,0,yes,no,,0,,no,no,no
fly_step_crouch_run_plr_cushion,raw\sound\fly\footsteps\run\carpet\carpet_run_01.LN65.pc.snd.wav,fly_gear_plr,loaded,bus_fx,grp_foley,snp_foley,,45,0,45,49,0,5000,5000,allon,default,allon,default,2,8,oldest,oldest,-180,180,70,70,0,1,2d,front,nonlooping,,1,0,0,0,0,0.25,no,yes,none,0,,no,,,yes,no,no,0,0,yes,no,,0,,no,no,no
fly_step_crouch_run_plr_cushion,raw\sound\fly\footsteps\run\carpet\carpet_run_02.LN65.pc.snd.wav,fly_gear_plr,loaded,bus_fx,grp_foley,snp_foley,,45,0,45,49,0,5000,5000,allon,default,allon,default,2,8,oldest,oldest,-180,180,70,70,0,1,2d,front,nonlooping,,1,0,0,0,0,0.25,no,yes,none,0,,no,,,yes,no,no,0,0,yes,no,,0,,no,no,no
fly_step_crouch_run_plr_cushion,raw\sound\fly\footsteps\run\carpet\carpet_run_03.LN65.pc.snd.wav,fly_gear_plr,loaded,bus_fx,grp_foley,snp_foley,,45,0,45,49,0,5000,5000,allon,default,allon,default,2,8,oldest,oldest,-180,180,70,70,0,1,2d,front,nonlooping,,1,0,0,0,0,0.25,no,yes,none,0,,no,,,yes,no,no,0,0,yes,no,,0,,no,no,no
fly_step_crouch_run_plr_cushion,raw\sound\fly\footsteps\run\carpet\carpet_run_04.LN65.pc.snd.wav,fly_gear_plr,loaded,bus_fx,grp_foley,snp_foley,,45,0,45,49,0,5000,5000,allon,default,allon,default,2,8,oldest,oldest,-180,180,70,70,0,1,2d,front,nonlooping,,1,0,0,0,0,0.25,no,yes,none,0,,no,,,yes,no,no,0,0,yes,no,,0,,no,no,no
fly_step_crouch_run_plr_cushion,raw\sound\fly\footsteps\run\carpet\carpet_run_05.LN65.pc.snd.wav,fly_gear_plr,loaded,bus_fx,grp_foley,snp_foley,,45,0,45,49,0,5000,5000,allon,default,allon,default,2,8,oldest,oldest,-180,180,70,70,0,1,2d,front,nonlooping,,1,0,0,0,0,0.25,no,yes,none,0,,no,,,yes,no,no,0,0,yes,no,,0,,no,no,no
fly_step_crouch_run_plr_cushion,raw\sound\fly\footsteps\run\carpet\carpet_run_06.LN65.pc.snd.wav,fly_gear_plr,loaded,bus_fx,grp_foley,snp_foley,,45,0,45,49,0,5000,5000,allon,default,allon,default,2,8,oldest,oldest,-180,180,70,70,0,1,2d,front,nonlooping,,1,0,0,0,0,0.25,no,yes,none,0,,no,,,yes,no,no,0,0,yes,no,,0,,no,no,no
fly_step_crouch_run_plr_default,raw\sound\fly\footsteps\run\dirt\dirt_run_00.LN65.pc.snd.wav,fly_gear_plr,loaded,bus_fx,grp_foley,snp_foley,,45,0,45,49,0,5000,5000,allon,default,allon,default,2,8,oldest,oldest,-180,180,70,70,0,1,2d,front,nonlooping,,1,0,0,0,0,0.25,no,yes,none,0,,no,,,yes,no,no,0,0,yes,no,,0,,no,no,no
fly_step_crouch_run_plr_default,raw\sound\fly\footsteps\run\dirt\dirt_run_01.LN65.pc.snd.wav,fly_gear_plr,loaded,bus_fx,grp_foley,snp_foley,,45,0,45,49,0,5000,5000,allon,default,allon,default,2,8,oldest,oldest,-180,180,70,70,0,1,2d,front,nonlooping,,1,0,0,0,0,0.25,no,yes,none,0,,no,,,yes,no,no,0,0,yes,no,,0,,no,no,no
fly_step_crouch_run_plr_default,raw\sound\fly\footsteps\run\dirt\dirt_run_02.LN65.pc.snd.wav,fly_gear_plr,loaded,bus_fx,grp_foley,snp_foley,,45,0,45,49,0,5000,5000,allon,default,allon,default,2,8,oldest,oldest,-180,180,70,70,0,1,2d,front,nonlooping,,1,0,0,0,0,0.25,no,yes,none,0,,no,,,yes,no,no,0,0,yes,no,,0,,no,no,no
fly_step_crouch_run_plr_default,raw\sound\fly\footsteps\run\dirt\dirt_run_03.LN65.pc.snd.wav,fly_gear_plr,loaded,bus_fx,grp_foley,snp_foley,,45,0,45,49,0,5000,5000,allon,default,allon,default,2,8,oldest,oldest,-180,180,70,70,0,1,2d,front,nonlooping,,1,0,0,0,0,0.25,no,yes,none,0,,no,,,yes,no,no,0,0,yes,no,,0,,no,no,no
fly_step_crouch_run_plr_default,raw\sound\fly\footsteps\run\dirt\dirt_run_04.LN65.pc.snd.wav,fly_gear_plr,loaded,bus_fx,grp_foley,snp_foley,,45,0,45,49,0,5000,5000,allon,default,allon,default,2,8,oldest,oldest,-180,180,70,70,0,1,2d,front,nonlooping,,1,0,0,0,0,0.25,no,yes,none,0,,no,,,yes,no,no,0,0,yes,no,,0,,no,no,no
fly_step_crouch_run_plr_dirt,raw\sound\fly\footsteps\run\dirt\dirt_run_00.LN65.pc.snd.wav,fly_gear_plr,loaded,bus_fx,grp_foley,snp_foley,,45,0,45,49,0,5000,5000,allon,default,allon,default,2,8,oldest,oldest,-180,180,70,70,0,1,2d,front,nonlooping,,1,0,0,0,0,0.25,no,yes,none,0,,no,,,yes,no,no,0,0,yes,no,,0,,no,no,no
fly_step_crouch_run_plr_dirt,raw\sound\fly\footsteps\run\dirt\dirt_run_01.LN65.pc.snd.wav,fly_gear_plr,loaded,bus_fx,grp_foley,snp_foley,,45,0,45,49,0,5000,5000,allon,default,allon,default,2,8,oldest,oldest,-180,180,70,70,0,1,2d,front,nonlooping,,1,0,0,0,0,0.25,no,yes,none,0,,no,,,yes,no,no,0,0,yes,no,,0,,no,no,no
fly_step_crouch_run_plr_dirt,raw\sound\fly\footsteps\run\dirt\dirt_run_02.LN65.pc.snd.wav,fly_gear_plr,loaded,bus_fx,grp_foley,snp_foley,,45,0,45,49,0,5000,5000,allon,default,allon,default,2,8,oldest,oldest,-180,180,70,70,0,1,2d,front,nonlooping,,1,0,0,0,0,0.25,no,yes,none,0,,no,,,yes,no,no,0,0,yes,no,,0,,no,no,no
fly_step_crouch_run_plr_dirt,raw\sound\fly\footsteps\run\dirt\dirt_run_03.LN65.pc.snd.wav,fly_gear_plr,loaded,bus_fx,grp_foley,snp_foley,,45,0,45,49,0,5000,5000,allon,default,allon,default,2,8,oldest,oldest,-180,180,70,70,0,1,2d,front,nonlooping,,1,0,0,0,0,0.25,no,yes,none,0,,no,,,yes,no,no,0,0,yes,no,,0,,no,no,no
fly_step_crouch_run_plr_dirt,raw\sound\fly\footsteps\run\dirt\dirt_run_04.LN65.pc.snd.wav,fly_gear_plr,loaded,bus_fx,grp_foley,snp_foley,,45,0,45,49,0,5000,5000,allon,default,allon,default,2,8,oldest,oldest,-180,180,70,70,0,1,2d,front,nonlooping,,1,0,0,0,0,0.25,no,yes,none,0,,no,,,yes,no,no,0,0,yes,no,,0,,no,no,no
fly_step_crouch_run_plr_flesh,raw\sound\fly\footsteps\run\concrete\concrete_run_00.LN65.pc.snd.wav,fly_gear_plr,loaded,bus_fx,grp_foley,snp_foley,,45,0,45,49,0,5000,5000,allon,default,allon,default,2,8,oldest,oldest,-180,180,70,70,0,1,2d,front,nonlooping,,1,0,0,0,0,0.25,no,yes,none,0,,no,,,yes,no,no,0,0,yes,no,,0,,no,no,no
fly_step_crouch_run_plr_flesh,raw\sound\fly\footsteps\run\concrete\concrete_run_01.LN65.pc.snd.wav,fly_gear_plr,loaded,bus_fx,grp_foley,snp_foley,,45,0,45,49,0,5000,5000,allon,default,allon,default,2,8,oldest,oldest,-180,180,70,70,0,1,2d,front,nonlooping,,1,0,0,0,0,0.25,no,yes,none,0,,no,,,yes,no,no,0,0,yes,no,,0,,no,no,no
fly_step_crouch_run_plr_flesh,raw\sound\fly\footsteps\run\concrete\concrete_run_02.LN65.pc.snd.wav,fly_gear_plr,loaded,bus_fx,grp_foley,snp_foley,,45,0,45,49,0,5000,5000,allon,default,allon,default,2,8,oldest,oldest,-180,180,70,70,0,1,2d,front,nonlooping,,1,0,0,0,0,0.25,no,yes,none,0,,no,,,yes,no,no,0,0,yes,no,,0,,no,no,no
fly_step_crouch_run_plr_flesh,raw\sound\fly\footsteps\run\concrete\concrete_run_03.LN65.pc.snd.wav,fly_gear_plr,loaded,bus_fx,grp_foley,snp_foley,,45,0,45,49,0,5000,5000,allon,default,allon,default,2,8,oldest,oldest,-180,180,70,70,0,1,2d,front,nonlooping,,1,0,0,0,0,0.25,no,yes,none,0,,no,,,yes,no,no,0,0,yes,no,,0,,no,no,no
fly_step_crouch_run_plr_flesh,raw\sound\fly\footsteps\run\concrete\concrete_run_04.LN65.pc.snd.wav,fly_gear_plr,loaded,bus_fx,grp_foley,snp_foley,,45,0,45,49,0,5000,5000,allon,default,allon,default,2,8,oldest,oldest,-180,180,70,70,0,1,2d,front,nonlooping,,1,0,0,0,0,0.25,no,yes,none,0,,no,,,yes,no,no,0,0,yes,no,,0,,no,no,no
fly_step_crouch_run_plr_flesh,raw\sound\fly\footsteps\run\concrete\concrete_run_05.LN65.pc.snd.wav,fly_gear_plr,loaded,bus_fx,grp_foley,snp_foley,,45,0,45,49,0,5000,5000,allon,default,allon,default,2,8,oldest,oldest,-180,180,70,70,0,1,2d,front,nonlooping,,1,0,0,0,0,0.25,no,yes,none,0,,no,,,yes,no,no,0,0,yes,no,,0,,no,no,no
fly_step_crouch_run_plr_foliage,raw\sound\fly\footsteps\run\grass\grass_run_00.LN65.pc.snd.wav,fly_gear_plr,loaded,bus_fx,grp_foley,snp_foley,,45,0,45,49,0,5000,5000,allon,default,allon,default,2,8,oldest,oldest,-180,180,70,70,0,1,2d,front,nonlooping,,1,0,0,0,0,0.25,no,yes,none,0,,no,,,yes,no,no,0,0,yes,no,,0,,no,no,no
fly_step_crouch_run_plr_foliage,raw\sound\fly\footsteps\run\grass\grass_run_01.LN65.pc.snd.wav,fly_gear_plr,loaded,bus_fx,grp_foley,snp_foley,,45,0,45,49,0,5000,5000,allon,default,allon,default,2,8,oldest,oldest,-180,180,70,70,0,1,2d,front,nonlooping,,1,0,0,0,0,0.25,no,yes,none,0,,no,,,yes,no,no,0,0,yes,no,,0,,no,no,no
fly_step_crouch_run_plr_foliage,raw\sound\fly\footsteps\run\grass\grass_run_02.LN65.pc.snd.wav,fly_gear_plr,loaded,bus_fx,grp_foley,snp_foley,,45,0,45,49,0,5000,5000,allon,default,allon,default,2,8,oldest,oldest,-180,180,70,70,0,1,2d,front,nonlooping,,1,0,0,0,0,0.25,no,yes,none,0,,no,,,yes,no,no,0,0,yes,no,,0,,no,no,no
fly_step_crouch_run_plr_foliage,raw\sound\fly\footsteps\run\grass\grass_run_03.LN65.pc.snd.wav,fly_gear_plr,loaded,bus_fx,grp_foley,snp_foley,,45,0,45,49,0,5000,5000,allon,default,allon,default,2,8,oldest,oldest,-180,180,70,70,0,1,2d,front,nonlooping,,1,0,0,0,0,0.25,no,yes,none,0,,no,,,yes,no,no,0,0,yes,no,,0,,no,no,no
fly_step_crouch_run_plr_foliage,raw\sound\fly\footsteps\run\grass\grass_run_04.LN65.pc.snd.wav,fly_gear_plr,loaded,bus_fx,grp_foley,snp_foley,,45,0,45,49,0,5000,5000,allon,default,allon,default,2,8,oldest,oldest,-180,180,70,70,0,1,2d,front,nonlooping,,1,0,0,0,0,0.25,no,yes,none,0,,no,,,yes,no,no,0,0,yes,no,,0,,no,no,no
fly_step_crouch_run_plr_fruit,raw\sound\fly\footsteps\run\dirt\dirt_run_00.LN65.pc.snd.wav,fly_gear_plr,loaded,bus_fx,grp_foley,snp_foley,,45,0,45,49,0,5000,5000,allon,default,allon,default,2,8,oldest,oldest,-180,180,70,70,0,1,2d,front,nonlooping,,1,0,0,0,0,0.25,no,yes,none,0,,no,,,yes,no,no,0,0,yes,no,,0,,no,no,no
fly_step_crouch_run_plr_fruit,raw\sound\fly\footsteps\run\dirt\dirt_run_01.LN65.pc.snd.wav,fly_gear_plr,loaded,bus_fx,grp_foley,snp_foley,,45,0,45,49,0,5000,5000,allon,default,allon,default,2,8,oldest,oldest,-180,180,70,70,0,1,2d,front,nonlooping,,1,0,0,0,0,0.25,no,yes,none,0,,no,,,yes,no,no,0,0,yes,no,,0,,no,no,no
fly_step_crouch_run_plr_fruit,raw\sound\fly\footsteps\run\dirt\dirt_run_02.LN65.pc.snd.wav,fly_gear_plr,loaded,bus_fx,grp_foley,snp_foley,,45,0,45,49,0,5000,5000,allon,default,allon,default,2,8,oldest,oldest,-180,180,70,70,0,1,2d,front,nonlooping,,1,0,0,0,0,0.25,no,yes,none,0,,no,,,yes,no,no,0,0,yes,no,,0,,no,no,no
fly_step_crouch_run_plr_fruit,raw\sound\fly\footsteps\run\dirt\dirt_run_03.LN65.pc.snd.wav,fly_gear_plr,loaded,bus_fx,grp_foley,snp_foley,,45,0,45,49,0,5000,5000,allon,default,allon,default,2,8,oldest,oldest,-180,180,70,70,0,1,2d,front,nonlooping,,1,0,0,0,0,0.25,no,yes,none,0,,no,,,yes,no,no,0,0,yes,no,,0,,no,no,no
fly_step_crouch_run_plr_fruit,raw\sound\fly\footsteps\run\dirt\dirt_run_04.LN65.pc.snd.wav,fly_gear_plr,loaded,bus_fx,grp_foley,snp_foley,,45,0,45,49,0,5000,5000,allon,default,allon,default,2,8,oldest,oldest,-180,180,70,70,0,1,2d,front,nonlooping,,1,0,0,0,0,0.25,no,yes,none,0,,no,,,yes,no,no,0,0,yes,no,,0,,no,no,no
fly_step_crouch_run_plr_glass,raw\sound\fly\footsteps\run\grass\grass_run_00.LN65.pc.snd.wav,fly_gear_plr,loaded,bus_fx,grp_foley,snp_foley,,45,0,45,49,0,5000,5000,allon,default,allon,default,2,8,oldest,oldest,-180,180,70,70,0,1,2d,front,nonlooping,,1,0,0,0,0,0.25,no,yes,none,0,,no,,,yes,no,no,0,0,yes,no,,0,,no,no,no
fly_step_crouch_run_plr_glass,raw\sound\fly\footsteps\run\grass\grass_run_01.LN65.pc.snd.wav,fly_gear_plr,loaded,bus_fx,grp_foley,snp_foley,,45,0,45,49,0,5000,5000,allon,default,allon,default,2,8,oldest,oldest,-180,180,70,70,0,1,2d,front,nonlooping,,1,0,0,0,0,0.25,no,yes,none,0,,no,,,yes,no,no,0,0,yes,no,,0,,no,no,no
fly_step_crouch_run_plr_glass,raw\sound\fly\footsteps\run\grass\grass_run_02.LN65.pc.snd.wav,fly_gear_plr,loaded,bus_fx,grp_foley,snp_foley,,45,0,45,49,0,5000,5000,allon,default,allon,default,2,8,oldest,oldest,-180,180,70,70,0,1,2d,front,nonlooping,,1,0,0,0,0,0.25,no,yes,none,0,,no,,,yes,no,no,0,0,yes,no,,0,,no,no,no
fly_step_crouch_run_plr_glass,raw\sound\fly\footsteps\run\grass\grass_run_03.LN65.pc.snd.wav,fly_gear_plr,loaded,bus_fx,grp_foley,snp_foley,,45,0,45,49,0,5000,5000,allon,default,allon,default,2,8,oldest,oldest,-180,180,70,70,0,1,2d,front,nonlooping,,1,0,0,0,0,0.25,no,yes,none,0,,no,,,yes,no,no,0,0,yes,no,,0,,no,no,no
fly_step_crouch_run_plr_glass,raw\sound\fly\footsteps\run\grass\grass_run_04.LN65.pc.snd.wav,fly_gear_plr,loaded,bus_fx,grp_foley,snp_foley,,45,0,45,49,0,5000,5000,allon,default,allon,default,2,8,oldest,oldest,-180,180,70,70,0,1,2d,front,nonlooping,,1,0,0,0,0,0.25,no,yes,none,0,,no,,,yes,no,no,0,0,yes,no,,0,,no,no,no
fly_step_crouch_run_plr_grass,raw\sound\fly\footsteps\run\grass\grass_run_00.LN65.pc.snd.wav,fly_gear_plr,loaded,bus_fx,grp_foley,snp_foley,,45,0,45,49,0,5000,5000,allon,default,allon,default,2,8,oldest,oldest,-180,180,70,70,0,1,2d,front,nonlooping,,1,0,0,0,0,0.25,no,yes,none,0,,no,,,yes,no,no,0,0,yes,no,,0,,no,no,no
fly_step_crouch_run_plr_grass,raw\sound\fly\footsteps\run\grass\grass_run_01.LN65.pc.snd.wav,fly_gear_plr,loaded,bus_fx,grp_foley,snp_foley,,45,0,45,49,0,5000,5000,allon,default,allon,default,2,8,oldest,oldest,-180,180,70,70,0,1,2d,front,nonlooping,,1,0,0,0,0,0.25,no,yes,none,0,,no,,,yes,no,no,0,0,yes,no,,0,,no,no,no
fly_step_crouch_run_plr_grass,raw\sound\fly\footsteps\run\grass\grass_run_02.LN65.pc.snd.wav,fly_gear_plr,loaded,bus_fx,grp_foley,snp_foley,,45,0,45,49,0,5000,5000,allon,default,allon,default,2,8,oldest,oldest,-180,180,70,70,0,1,2d,front,nonlooping,,1,0,0,0,0,0.25,no,yes,none,0,,no,,,yes,no,no,0,0,yes,no,,0,,no,no,no
fly_step_crouch_run_plr_grass,raw\sound\fly\footsteps\run\grass\grass_run_03.LN65.pc.snd.wav,fly_gear_plr,loaded,bus_fx,grp_foley,snp_foley,,45,0,45,49,0,5000,5000,allon,default,allon,default,2,8,oldest,oldest,-180,180,70,70,0,1,2d,front,nonlooping,,1,0,0,0,0,0.25,no,yes,none,0,,no,,,yes,no,no,0,0,yes,no,,0,,no,no,no
fly_step_crouch_run_plr_grass,raw\sound\fly\footsteps\run\grass\grass_run_04.LN65.pc.snd.wav,fly_gear_plr,loaded,bus_fx,grp_foley,snp_foley,,45,0,45,49,0,5000,5000,allon,default,allon,default,2,8,oldest,oldest,-180,180,70,70,0,1,2d,front,nonlooping,,1,0,0,0,0,0.25,no,yes,none,0,,no,,,yes,no,no,0,0,yes,no,,0,,no,no,no
fly_step_crouch_run_plr_gravel,raw\sound\fly\footsteps\run\dirt\dirt_run_00.LN65.pc.snd.wav,fly_gear_plr,loaded,bus_fx,grp_foley,snp_foley,,45,0,45,49,0,5000,5000,allon,default,allon,default,2,8,oldest,oldest,-180,180,70,70,0,1,2d,front,nonlooping,,1,0,0,0,0,0.25,no,yes,none,0,,no,,,yes,no,no,0,0,yes,no,,0,,no,no,no
fly_step_crouch_run_plr_gravel,raw\sound\fly\footsteps\run\dirt\dirt_run_01.LN65.pc.snd.wav,fly_gear_plr,loaded,bus_fx,grp_foley,snp_foley,,45,0,45,49,0,5000,5000,allon,default,allon,default,2,8,oldest,oldest,-180,180,70,70,0,1,2d,front,nonlooping,,1,0,0,0,0,0.25,no,yes,none,0,,no,,,yes,no,no,0,0,yes,no,,0,,no,no,no
fly_step_crouch_run_plr_gravel,raw\sound\fly\footsteps\run\dirt\dirt_run_02.LN65.pc.snd.wav,fly_gear_plr,loaded,bus_fx,grp_foley,snp_foley,,45,0,45,49,0,5000,5000,allon,default,allon,default,2,8,oldest,oldest,-180,180,70,70,0,1,2d,front,nonlooping,,1,0,0,0,0,0.25,no,yes,none,0,,no,,,yes,no,no,0,0,yes,no,,0,,no,no,no
fly_step_crouch_run_plr_gravel,raw\sound\fly\footsteps\run\dirt\dirt_run_03.LN65.pc.snd.wav,fly_gear_plr,loaded,bus_fx,grp_foley,snp_foley,,45,0,45,49,0,5000,5000,allon,default,allon,default,2,8,oldest,oldest,-180,180,70,70,0,1,2d,front,nonlooping,,1,0,0,0,0,0.25,no,yes,none,0,,no,,,yes,no,no,0,0,yes,no,,0,,no,no,no
fly_step_crouch_run_plr_gravel,raw\sound\fly\footsteps\run\dirt\dirt_run_04.LN65.pc.snd.wav,fly_gear_plr,loaded,bus_fx,grp_foley,snp_foley,,45,0,45,49,0,5000,5000,allon,default,allon,default,2,8,oldest,oldest,-180,180,70,70,0,1,2d,front,nonlooping,,1,0,0,0,0,0.25,no,yes,none,0,,no,,,yes,no,no,0,0,yes,no,,0,,no,no,no
fly_step_crouch_run_plr_ice,raw\sound\fly\footsteps\run\ice\ice_run_00.LN65.pc.snd.wav,fly_gear_plr,loaded,bus_fx,grp_foley,snp_foley,,45,0,45,49,0,5000,5000,allon,default,allon,default,2,8,oldest,oldest,-180,180,70,70,0,1,2d,front,nonlooping,,1,0,0,0,0,0.25,no,yes,none,0,,no,,,yes,no,no,0,0,yes,no,,0,,no,no,no
fly_step_crouch_run_plr_ice,raw\sound\fly\footsteps\run\ice\ice_run_01.LN65.pc.snd.wav,fly_gear_plr,loaded,bus_fx,grp_foley,snp_foley,,45,0,45,49,0,5000,5000,allon,default,allon,default,2,8,oldest,oldest,-180,180,70,70,0,1,2d,front,nonlooping,,1,0,0,0,0,0.25,no,yes,none,0,,no,,,yes,no,no,0,0,yes,no,,0,,no,no,no
fly_step_crouch_run_plr_ice,raw\sound\fly\footsteps\run\ice\ice_run_02.LN65.pc.snd.wav,fly_gear_plr,loaded,bus_fx,grp_foley,snp_foley,,45,0,45,49,0,5000,5000,allon,default,allon,default,2,8,oldest,oldest,-180,180,70,70,0,1,2d,front,nonlooping,,1,0,0,0,0,0.25,no,yes,none,0,,no,,,yes,no,no,0,0,yes,no,,0,,no,no,no
fly_step_crouch_run_plr_ice,raw\sound\fly\footsteps\run\ice\ice_run_03.LN65.pc.snd.wav,fly_gear_plr,loaded,bus_fx,grp_foley,snp_foley,,45,0,45,49,0,5000,5000,allon,default,allon,default,2,8,oldest,oldest,-180,180,70,70,0,1,2d,front,nonlooping,,1,0,0,0,0,0.25,no,yes,none,0,,no,,,yes,no,no,0,0,yes,no,,0,,no,no,no
fly_step_crouch_run_plr_metal,raw\sound\fly\footsteps\run\metal\metal_run_00.LN65.pc.snd.wav,fly_gear_plr,loaded,bus_fx,grp_foley,snp_foley,,45,0,45,49,0,5000,5000,allon,default,allon,default,2,8,oldest,oldest,-180,180,70,70,0,1,2d,front,nonlooping,,1,0,0,0,0,0.25,no,yes,none,0,,no,,,yes,no,no,0,0,yes,no,,0,,no,no,no
fly_step_crouch_run_plr_metal,raw\sound\fly\footsteps\run\metal\metal_run_01.LN65.pc.snd.wav,fly_gear_plr,loaded,bus_fx,grp_foley,snp_foley,,45,0,45,49,0,5000,5000,allon,default,allon,default,2,8,oldest,oldest,-180,180,70,70,0,1,2d,front,nonlooping,,1,0,0,0,0,0.25,no,yes,none,0,,no,,,yes,no,no,0,0,yes,no,,0,,no,no,no
fly_step_crouch_run_plr_metal,raw\sound\fly\footsteps\run\metal\metal_run_02.LN65.pc.snd.wav,fly_gear_plr,loaded,bus_fx,grp_foley,snp_foley,,45,0,45,49,0,5000,5000,allon,default,allon,default,2,8,oldest,oldest,-180,180,70,70,0,1,2d,front,nonlooping,,1,0,0,0,0,0.25,no,yes,none,0,,no,,,yes,no,no,0,0,yes,no,,0,,no,no,no
fly_step_crouch_run_plr_metal,raw\sound\fly\footsteps\run\metal\metal_run_03.LN65.pc.snd.wav,fly_gear_plr,loaded,bus_fx,grp_foley,snp_foley,,45,0,45,49,0,5000,5000,allon,default,allon,default,2,8,oldest,oldest,-180,180,70,70,0,1,2d,front,nonlooping,,1,0,0,0,0,0.25,no,yes,none,0,,no,,,yes,no,no,0,0,yes,no,,0,,no,no,no
fly_step_crouch_run_plr_metal,raw\sound\fly\footsteps\run\metal\metal_run_04.LN65.pc.snd.wav,fly_gear_plr,loaded,bus_fx,grp_foley,snp_foley,,45,0,45,49,0,5000,5000,allon,default,allon,default,2,8,oldest,oldest,-180,180,70,70,0,1,2d,front,nonlooping,,1,0,0,0,0,0.25,no,yes,none,0,,no,,,yes,no,no,0,0,yes,no,,0,,no,no,no
fly_step_crouch_run_plr_mud,raw\sound\fly\footsteps\run\mud\mud_run_00.LN65.pc.snd.wav,fly_gear_plr,loaded,bus_fx,grp_foley,snp_foley,,45,0,45,49,0,5000,5000,allon,default,allon,default,2,8,oldest,oldest,-180,180,70,70,0,1,2d,front,nonlooping,,1,0,0,0,0,0.25,no,yes,none,0,,no,,,yes,no,no,0,0,yes,no,,0,,no,no,no
fly_step_crouch_run_plr_mud,raw\sound\fly\footsteps\run\mud\mud_run_01.LN65.pc.snd.wav,fly_gear_plr,loaded,bus_fx,grp_foley,snp_foley,,45,0,45,49,0,5000,5000,allon,default,allon,default,2,8,oldest,oldest,-180,180,70,70,0,1,2d,front,nonlooping,,1,0,0,0,0,0.25,no,yes,none,0,,no,,,yes,no,no,0,0,yes,no,,0,,no,no,no
fly_step_crouch_run_plr_mud,raw\sound\fly\footsteps\run\mud\mud_run_02.LN65.pc.snd.wav,fly_gear_plr,loaded,bus_fx,grp_foley,snp_foley,,45,0,45,49,0,5000,5000,allon,default,allon,default,2,8,oldest,oldest,-180,180,70,70,0,1,2d,front,nonlooping,,1,0,0,0,0,0.25,no,yes,none,0,,no,,,yes,no,no,0,0,yes,no,,0,,no,no,no
fly_step_crouch_run_plr_mud,raw\sound\fly\footsteps\run\mud\mud_run_03.LN65.pc.snd.wav,fly_gear_plr,loaded,bus_fx,grp_foley,snp_foley,,45,0,45,49,0,5000,5000,allon,default,allon,default,2,8,oldest,oldest,-180,180,70,70,0,1,2d,front,nonlooping,,1,0,0,0,0,0.25,no,yes,none,0,,no,,,yes,no,no,0,0,yes,no,,0,,no,no,no
fly_step_crouch_run_plr_paintedmetal,raw\sound\fly\footsteps\run\metal\metal_run_00.LN65.pc.snd.wav,fly_gear_plr,loaded,bus_fx,grp_foley,snp_foley,,45,0,45,49,0,5000,5000,allon,default,allon,default,2,8,oldest,oldest,-180,180,70,70,0,1,2d,front,nonlooping,,1,0,0,0,0,0.25,no,yes,none,0,,no,,,yes,no,no,0,0,yes,no,,0,,no,no,no
fly_step_crouch_run_plr_paintedmetal,raw\sound\fly\footsteps\run\metal\metal_run_01.LN65.pc.snd.wav,fly_gear_plr,loaded,bus_fx,grp_foley,snp_foley,,45,0,45,49,0,5000,5000,allon,default,allon,default,2,8,oldest,oldest,-180,180,70,70,0,1,2d,front,nonlooping,,1,0,0,0,0,0.25,no,yes,none,0,,no,,,yes,no,no,0,0,yes,no,,0,,no,no,no
fly_step_crouch_run_plr_paintedmetal,raw\sound\fly\footsteps\run\metal\metal_run_02.LN65.pc.snd.wav,fly_gear_plr,loaded,bus_fx,grp_foley,snp_foley,,45,0,45,49,0,5000,5000,allon,default,allon,default,2,8,oldest,oldest,-180,180,70,70,0,1,2d,front,nonlooping,,1,0,0,0,0,0.25,no,yes,none,0,,no,,,yes,no,no,0,0,yes,no,,0,,no,no,no
fly_step_crouch_run_plr_paintedmetal,raw\sound\fly\footsteps\run\metal\metal_run_03.LN65.pc.snd.wav,fly_gear_plr,loaded,bus_fx,grp_foley,snp_foley,,45,0,45,49,0,5000,5000,allon,default,allon,default,2,8,oldest,oldest,-180,180,70,70,0,1,2d,front,nonlooping,,1,0,0,0,0,0.25,no,yes,none,0,,no,,,yes,no,no,0,0,yes,no,,0,,no,no,no
fly_step_crouch_run_plr_paintedmetal,raw\sound\fly\footsteps\run\metal\metal_run_04.LN65.pc.snd.wav,fly_gear_plr,loaded,bus_fx,grp_foley,snp_foley,,45,0,45,49,0,5000,5000,allon,default,allon,default,2,8,oldest,oldest,-180,180,70,70,0,1,2d,front,nonlooping,,1,0,0,0,0,0.25,no,yes,none,0,,no,,,yes,no,no,0,0,yes,no,,0,,no,no,no
fly_step_crouch_run_plr_paper,raw\sound\fly\footsteps\run\concrete\concrete_run_00.LN65.pc.snd.wav,fly_gear_plr,loaded,bus_fx,grp_foley,snp_foley,,45,0,45,49,0,5000,5000,allon,default,allon,default,2,8,oldest,oldest,-180,180,70,70,0,1,2d,front,nonlooping,,1,0,0,0,0,0.25,no,yes,none,0,,no,,,yes,no,no,0,0,yes,no,,0,,no,no,no
fly_step_crouch_run_plr_paper,raw\sound\fly\footsteps\run\concrete\concrete_run_01.LN65.pc.snd.wav,fly_gear_plr,loaded,bus_fx,grp_foley,snp_foley,,45,0,45,49,0,5000,5000,allon,default,allon,default,2,8,oldest,oldest,-180,180,70,70,0,1,2d,front,nonlooping,,1,0,0,0,0,0.25,no,yes,none,0,,no,,,yes,no,no,0,0,yes,no,,0,,no,no,no
fly_step_crouch_run_plr_paper,raw\sound\fly\footsteps\run\concrete\concrete_run_02.LN65.pc.snd.wav,fly_gear_plr,loaded,bus_fx,grp_foley,snp_foley,,45,0,45,49,0,5000,5000,allon,default,allon,default,2,8,oldest,oldest,-180,180,70,70,0,1,2d,front,nonlooping,,1,0,0,0,0,0.25,no,yes,none,0,,no,,,yes,no,no,0,0,yes,no,,0,,no,no,no
fly_step_crouch_run_plr_paper,raw\sound\fly\footsteps\run\concrete\concrete_run_03.LN65.pc.snd.wav,fly_gear_plr,loaded,bus_fx,grp_foley,snp_foley,,45,0,45,49,0,5000,5000,allon,default,allon,default,2,8,oldest,oldest,-180,180,70,70,0,1,2d,front,nonlooping,,1,0,0,0,0,0.25,no,yes,none,0,,no,,,yes,no,no,0,0,yes,no,,0,,no,no,no
fly_step_crouch_run_plr_paper,raw\sound\fly\footsteps\run\concrete\concrete_run_04.LN65.pc.snd.wav,fly_gear_plr,loaded,bus_fx,grp_foley,snp_foley,,45,0,45,49,0,5000,5000,allon,default,allon,default,2,8,oldest,oldest,-180,180,70,70,0,1,2d,front,nonlooping,,1,0,0,0,0,0.25,no,yes,none,0,,no,,,yes,no,no,0,0,yes,no,,0,,no,no,no
fly_step_crouch_run_plr_paper,raw\sound\fly\footsteps\run\concrete\concrete_run_05.LN65.pc.snd.wav,fly_gear_plr,loaded,bus_fx,grp_foley,snp_foley,,45,0,45,49,0,5000,5000,allon,default,allon,default,2,8,oldest,oldest,-180,180,70,70,0,1,2d,front,nonlooping,,1,0,0,0,0,0.25,no,yes,none,0,,no,,,yes,no,no,0,0,yes,no,,0,,no,no,no
fly_step_crouch_run_plr_plaster,raw\sound\fly\footsteps\run\concrete\concrete_run_00.LN65.pc.snd.wav,fly_gear_plr,loaded,bus_fx,grp_foley,snp_foley,,45,0,45,49,0,5000,5000,allon,default,allon,default,2,8,oldest,oldest,-180,180,70,70,0,1,2d,front,nonlooping,,1,0,0,0,0,0.25,no,yes,none,0,,no,,,yes,no,no,0,0,yes,no,,0,,no,no,no
fly_step_crouch_run_plr_plaster,raw\sound\fly\footsteps\run\concrete\concrete_run_01.LN65.pc.snd.wav,fly_gear_plr,loaded,bus_fx,grp_foley,snp_foley,,45,0,45,49,0,5000,5000,allon,default,allon,default,2,8,oldest,oldest,-180,180,70,70,0,1,2d,front,nonlooping,,1,0,0,0,0,0.25,no,yes,none,0,,no,,,yes,no,no,0,0,yes,no,,0,,no,no,no
fly_step_crouch_run_plr_plaster,raw\sound\fly\footsteps\run\concrete\concrete_run_02.LN65.pc.snd.wav,fly_gear_plr,loaded,bus_fx,grp_foley,snp_foley,,45,0,45,49,0,5000,5000,allon,default,allon,default,2,8,oldest,oldest,-180,180,70,70,0,1,2d,front,nonlooping,,1,0,0,0,0,0.25,no,yes,none,0,,no,,,yes,no,no,0,0,yes,no,,0,,no,no,no
fly_step_crouch_run_plr_plaster,raw\sound\fly\footsteps\run\concrete\concrete_run_03.LN65.pc.snd.wav,fly_gear_plr,loaded,bus_fx,grp_foley,snp_foley,,45,0,45,49,0,5000,5000,allon,default,allon,default,2,8,oldest,oldest,-180,180,70,70,0,1,2d,front,nonlooping,,1,0,0,0,0,0.25,no,yes,none,0,,no,,,yes,no,no,0,0,yes,no,,0,,no,no,no
fly_step_crouch_run_plr_plaster,raw\sound\fly\footsteps\run\concrete\concrete_run_04.LN65.pc.snd.wav,fly_gear_plr,loaded,bus_fx,grp_foley,snp_foley,,45,0,45,49,0,5000,5000,allon,default,allon,default,2,8,oldest,oldest,-180,180,70,70,0,1,2d,front,nonlooping,,1,0,0,0,0,0.25,no,yes,none,0,,no,,,yes,no,no,0,0,yes,no,,0,,no,no,no
fly_step_crouch_run_plr_plaster,raw\sound\fly\footsteps\run\concrete\concrete_run_05.LN65.pc.snd.wav,fly_gear_plr,loaded,bus_fx,grp_foley,snp_foley,,45,0,45,49,0,5000,5000,allon,default,allon,default,2,8,oldest,oldest,-180,180,70,70,0,1,2d,front,nonlooping,,1,0,0,0,0,0.25,no,yes,none,0,,no,,,yes,no,no,0,0,yes,no,,0,,no,no,no
fly_step_crouch_run_plr_plastic,raw\sound\fly\footsteps\run\carpet\carpet_run_00.LN65.pc.snd.wav,fly_gear_plr,loaded,bus_fx,grp_foley,snp_foley,,45,0,45,49,0,5000,5000,allon,default,allon,default,2,8,oldest,oldest,-180,180,70,70,0,1,2d,front,nonlooping,,1,0,0,0,0,0.25,no,yes,none,0,,no,,,yes,no,no,0,0,yes,no,,0,,no,no,no
fly_step_crouch_run_plr_plastic,raw\sound\fly\footsteps\run\carpet\carpet_run_01.LN65.pc.snd.wav,fly_gear_plr,loaded,bus_fx,grp_foley,snp_foley,,45,0,45,49,0,5000,5000,allon,default,allon,default,2,8,oldest,oldest,-180,180,70,70,0,1,2d,front,nonlooping,,1,0,0,0,0,0.25,no,yes,none,0,,no,,,yes,no,no,0,0,yes,no,,0,,no,no,no
fly_step_crouch_run_plr_plastic,raw\sound\fly\footsteps\run\carpet\carpet_run_02.LN65.pc.snd.wav,fly_gear_plr,loaded,bus_fx,grp_foley,snp_foley,,45,0,45,49,0,5000,5000,allon,default,allon,default,2,8,oldest,oldest,-180,180,70,70,0,1,2d,front,nonlooping,,1,0,0,0,0,0.25,no,yes,none,0,,no,,,yes,no,no,0,0,yes,no,,0,,no,no,no
fly_step_crouch_run_plr_plastic,raw\sound\fly\footsteps\run\carpet\carpet_run_03.LN65.pc.snd.wav,fly_gear_plr,loaded,bus_fx,grp_foley,snp_foley,,45,0,45,49,0,5000,5000,allon,default,allon,default,2,8,oldest,oldest,-180,180,70,70,0,1,2d,front,nonlooping,,1,0,0,0,0,0.25,no,yes,none,0,,no,,,yes,no,no,0,0,yes,no,,0,,no,no,no
fly_step_crouch_run_plr_plastic,raw\sound\fly\footsteps\run\carpet\carpet_run_04.LN65.pc.snd.wav,fly_gear_plr,loaded,bus_fx,grp_foley,snp_foley,,45,0,45,49,0,5000,5000,allon,default,allon,default,2,8,oldest,oldest,-180,180,70,70,0,1,2d,front,nonlooping,,1,0,0,0,0,0.25,no,yes,none,0,,no,,,yes,no,no,0,0,yes,no,,0,,no,no,no
fly_step_crouch_run_plr_plastic,raw\sound\fly\footsteps\run\carpet\carpet_run_05.LN65.pc.snd.wav,fly_gear_plr,loaded,bus_fx,grp_foley,snp_foley,,45,0,45,49,0,5000,5000,allon,default,allon,default,2,8,oldest,oldest,-180,180,70,70,0,1,2d,front,nonlooping,,1,0,0,0,0,0.25,no,yes,none,0,,no,,,yes,no,no,0,0,yes,no,,0,,no,no,no
fly_step_crouch_run_plr_plastic,raw\sound\fly\footsteps\run\carpet\carpet_run_06.LN65.pc.snd.wav,fly_gear_plr,loaded,bus_fx,grp_foley,snp_foley,,45,0,45,49,0,5000,5000,allon,default,allon,default,2,8,oldest,oldest,-180,180,70,70,0,1,2d,front,nonlooping,,1,0,0,0,0,0.25,no,yes,none,0,,no,,,yes,no,no,0,0,yes,no,,0,,no,no,no
fly_step_crouch_run_plr_rock,raw\sound\fly\footsteps\run\concrete\concrete_run_00.LN65.pc.snd.wav,fly_gear_plr,loaded,bus_fx,grp_foley,snp_foley,,45,0,45,49,0,5000,5000,allon,default,allon,default,2,8,oldest,oldest,-180,180,70,70,0,1,2d,front,nonlooping,,1,0,0,0,0,0.25,no,yes,none,0,,no,,,yes,no,no,0,0,yes,no,,0,,no,no,no
fly_step_crouch_run_plr_rock,raw\sound\fly\footsteps\run\concrete\concrete_run_01.LN65.pc.snd.wav,fly_gear_plr,loaded,bus_fx,grp_foley,snp_foley,,45,0,45,49,0,5000,5000,allon,default,allon,default,2,8,oldest,oldest,-180,180,70,70,0,1,2d,front,nonlooping,,1,0,0,0,0,0.25,no,yes,none,0,,no,,,yes,no,no,0,0,yes,no,,0,,no,no,no
fly_step_crouch_run_plr_rock,raw\sound\fly\footsteps\run\concrete\concrete_run_02.LN65.pc.snd.wav,fly_gear_plr,loaded,bus_fx,grp_foley,snp_foley,,45,0,45,49,0,5000,5000,allon,default,allon,default,2,8,oldest,oldest,-180,180,70,70,0,1,2d,front,nonlooping,,1,0,0,0,0,0.25,no,yes,none,0,,no,,,yes,no,no,0,0,yes,no,,0,,no,no,no
fly_step_crouch_run_plr_rock,raw\sound\fly\footsteps\run\concrete\concrete_run_03.LN65.pc.snd.wav,fly_gear_plr,loaded,bus_fx,grp_foley,snp_foley,,45,0,45,49,0,5000,5000,allon,default,allon,default,2,8,oldest,oldest,-180,180,70,70,0,1,2d,front,nonlooping,,1,0,0,0,0,0.25,no,yes,none,0,,no,,,yes,no,no,0,0,yes,no,,0,,no,no,no
fly_step_crouch_run_plr_rock,raw\sound\fly\footsteps\run\concrete\concrete_run_04.LN65.pc.snd.wav,fly_gear_plr,loaded,bus_fx,grp_foley,snp_foley,,45,0,45,49,0,5000,5000,allon,default,allon,default,2,8,oldest,oldest,-180,180,70,70,0,1,2d,front,nonlooping,,1,0,0,0,0,0.25,no,yes,none,0,,no,,,yes,no,no,0,0,yes,no,,0,,no,no,no
fly_step_crouch_run_plr_rock,raw\sound\fly\footsteps\run\concrete\concrete_run_05.LN65.pc.snd.wav,fly_gear_plr,loaded,bus_fx,grp_foley,snp_foley,,45,0,45,49,0,5000,5000,allon,default,allon,default,2,8,oldest,oldest,-180,180,70,70,0,1,2d,front,nonlooping,,1,0,0,0,0,0.25,no,yes,none,0,,no,,,yes,no,no,0,0,yes,no,,0,,no,no,no
fly_step_crouch_run_plr_rubber,raw\sound\fly\footsteps\run\carpet\carpet_run_00.LN65.pc.snd.wav,fly_gear_plr,loaded,bus_fx,grp_foley,snp_foley,,45,0,45,49,0,5000,5000,allon,default,allon,default,2,8,oldest,oldest,-180,180,70,70,0,1,2d,front,nonlooping,,1,0,0,0,0,0.25,no,yes,none,0,,no,,,yes,no,no,0,0,yes,no,,0,,no,no,no
fly_step_crouch_run_plr_rubber,raw\sound\fly\footsteps\run\carpet\carpet_run_01.LN65.pc.snd.wav,fly_gear_plr,loaded,bus_fx,grp_foley,snp_foley,,45,0,45,49,0,5000,5000,allon,default,allon,default,2,8,oldest,oldest,-180,180,70,70,0,1,2d,front,nonlooping,,1,0,0,0,0,0.25,no,yes,none,0,,no,,,yes,no,no,0,0,yes,no,,0,,no,no,no
fly_step_crouch_run_plr_rubber,raw\sound\fly\footsteps\run\carpet\carpet_run_02.LN65.pc.snd.wav,fly_gear_plr,loaded,bus_fx,grp_foley,snp_foley,,45,0,45,49,0,5000,5000,allon,default,allon,default,2,8,oldest,oldest,-180,180,70,70,0,1,2d,front,nonlooping,,1,0,0,0,0,0.25,no,yes,none,0,,no,,,yes,no,no,0,0,yes,no,,0,,no,no,no
fly_step_crouch_run_plr_rubber,raw\sound\fly\footsteps\run\carpet\carpet_run_03.LN65.pc.snd.wav,fly_gear_plr,loaded,bus_fx,grp_foley,snp_foley,,45,0,45,49,0,5000,5000,allon,default,allon,default,2,8,oldest,oldest,-180,180,70,70,0,1,2d,front,nonlooping,,1,0,0,0,0,0.25,no,yes,none,0,,no,,,yes,no,no,0,0,yes,no,,0,,no,no,no
fly_step_crouch_run_plr_rubber,raw\sound\fly\footsteps\run\carpet\carpet_run_04.LN65.pc.snd.wav,fly_gear_plr,loaded,bus_fx,grp_foley,snp_foley,,45,0,45,49,0,5000,5000,allon,default,allon,default,2,8,oldest,oldest,-180,180,70,70,0,1,2d,front,nonlooping,,1,0,0,0,0,0.25,no,yes,none,0,,no,,,yes,no,no,0,0,yes,no,,0,,no,no,no
fly_step_crouch_run_plr_rubber,raw\sound\fly\footsteps\run\carpet\carpet_run_05.LN65.pc.snd.wav,fly_gear_plr,loaded,bus_fx,grp_foley,snp_foley,,45,0,45,49,0,5000,5000,allon,default,allon,default,2,8,oldest,oldest,-180,180,70,70,0,1,2d,front,nonlooping,,1,0,0,0,0,0.25,no,yes,none,0,,no,,,yes,no,no,0,0,yes,no,,0,,no,no,no
fly_step_crouch_run_plr_rubber,raw\sound\fly\footsteps\run\carpet\carpet_run_06.LN65.pc.snd.wav,fly_gear_plr,loaded,bus_fx,grp_foley,snp_foley,,45,0,45,49,0,5000,5000,allon,default,allon,default,2,8,oldest,oldest,-180,180,70,70,0,1,2d,front,nonlooping,,1,0,0,0,0,0.25,no,yes,none,0,,no,,,yes,no,no,0,0,yes,no,,0,,no,no,no
fly_step_crouch_run_plr_sand,raw\sound\fly\footsteps\run\sand\sand_run_00.LN65.pc.snd.wav,fly_gear_plr,loaded,bus_fx,grp_foley,snp_foley,,45,0,45,49,0,5000,5000,allon,default,allon,default,2,8,oldest,oldest,-180,180,70,70,0,1,2d,front,nonlooping,,1,0,0,0,0,0.25,no,yes,none,0,,no,,,yes,no,no,0,0,yes,no,,0,,no,no,no
fly_step_crouch_run_plr_sand,raw\sound\fly\footsteps\run\sand\sand_run_01.LN65.pc.snd.wav,fly_gear_plr,loaded,bus_fx,grp_foley,snp_foley,,45,0,45,49,0,5000,5000,allon,default,allon,default,2,8,oldest,oldest,-180,180,70,70,0,1,2d,front,nonlooping,,1,0,0,0,0,0.25,no,yes,none,0,,no,,,yes,no,no,0,0,yes,no,,0,,no,no,no
fly_step_crouch_run_plr_sand,raw\sound\fly\footsteps\run\sand\sand_run_02.LN65.pc.snd.wav,fly_gear_plr,loaded,bus_fx,grp_foley,snp_foley,,45,0,45,49,0,5000,5000,allon,default,allon,default,2,8,oldest,oldest,-180,180,70,70,0,1,2d,front,nonlooping,,1,0,0,0,0,0.25,no,yes,none,0,,no,,,yes,no,no,0,0,yes,no,,0,,no,no,no
fly_step_crouch_run_plr_snow,raw\sound\fly\footsteps\run\snow\snow_run_00.LN65.pc.snd.wav,fly_gear_plr,loaded,bus_fx,grp_foley,snp_foley,,45,0,45,49,0,5000,5000,allon,default,allon,default,2,8,oldest,oldest,-180,180,70,70,0,1,2d,front,nonlooping,,1,0,0,0,0,0.25,no,yes,none,0,,no,,,yes,no,no,0,0,yes,no,,0,,no,no,no
fly_step_crouch_run_plr_snow,raw\sound\fly\footsteps\run\snow\snow_run_01.LN65.pc.snd.wav,fly_gear_plr,loaded,bus_fx,grp_foley,snp_foley,,45,0,45,49,0,5000,5000,allon,default,allon,default,2,8,oldest,oldest,-180,180,70,70,0,1,2d,front,nonlooping,,1,0,0,0,0,0.25,no,yes,none,0,,no,,,yes,no,no,0,0,yes,no,,0,,no,no,no
fly_step_crouch_run_plr_snow,raw\sound\fly\footsteps\run\snow\snow_run_02.LN65.pc.snd.wav,fly_gear_plr,loaded,bus_fx,grp_foley,snp_foley,,45,0,45,49,0,5000,5000,allon,default,allon,default,2,8,oldest,oldest,-180,180,70,70,0,1,2d,front,nonlooping,,1,0,0,0,0,0.25,no,yes,none,0,,no,,,yes,no,no,0,0,yes,no,,0,,no,no,no
fly_step_crouch_run_plr_snow,raw\sound\fly\footsteps\run\snow\snow_run_03.LN65.pc.snd.wav,fly_gear_plr,loaded,bus_fx,grp_foley,snp_foley,,45,0,45,49,0,5000,5000,allon,default,allon,default,2,8,oldest,oldest,-180,180,70,70,0,1,2d,front,nonlooping,,1,0,0,0,0,0.25,no,yes,none,0,,no,,,yes,no,no,0,0,yes,no,,0,,no,no,no
fly_step_crouch_run_plr_snow,raw\sound\fly\footsteps\run\snow\snow_run_04.LN65.pc.snd.wav,fly_gear_plr,loaded,bus_fx,grp_foley,snp_foley,,45,0,45,49,0,5000,5000,allon,default,allon,default,2,8,oldest,oldest,-180,180,70,70,0,1,2d,front,nonlooping,,1,0,0,0,0,0.25,no,yes,none,0,,no,,,yes,no,no,0,0,yes,no,,0,,no,no,no
fly_step_crouch_run_plr_water,raw\sound\fly\footsteps\run\water\water_run_00.LN65.pc.snd.wav,fly_gear_plr,loaded,bus_fx,grp_foley,snp_foley,,45,0,45,49,0,5000,5000,allon,default,allon,default,2,8,oldest,oldest,-180,180,70,70,0,1,2d,front,nonlooping,,1,0,0,0,0,0.25,no,yes,none,0,,no,,,yes,no,no,0,0,yes,no,,0,,no,no,no
fly_step_crouch_run_plr_water,raw\sound\fly\footsteps\run\water\water_run_01.LN65.pc.snd.wav,fly_gear_plr,loaded,bus_fx,grp_foley,snp_foley,,45,0,45,49,0,5000,5000,allon,default,allon,default,2,8,oldest,oldest,-180,180,70,70,0,1,2d,front,nonlooping,,1,0,0,0,0,0.25,no,yes,none,0,,no,,,yes,no,no,0,0,yes,no,,0,,no,no,no
fly_step_crouch_run_plr_water,raw\sound\fly\footsteps\run\water\water_run_02.LN65.pc.snd.wav,fly_gear_plr,loaded,bus_fx,grp_foley,snp_foley,,45,0,45,49,0,5000,5000,allon,default,allon,default,2,8,oldest,oldest,-180,180,70,70,0,1,2d,front,nonlooping,,1,0,0,0,0,0.25,no,yes,none,0,,no,,,yes,no,no,0,0,yes,no,,0,,no,no,no
fly_step_crouch_run_plr_water,raw\sound\fly\footsteps\run\water\water_run_03.LN65.pc.snd.wav,fly_gear_plr,loaded,bus_fx,grp_foley,snp_foley,,45,0,45,49,0,5000,5000,allon,default,allon,default,2,8,oldest,oldest,-180,180,70,70,0,1,2d,front,nonlooping,,1,0,0,0,0,0.25,no,yes,none,0,,no,,,yes,no,no,0,0,yes,no,,0,,no,no,no
fly_step_crouch_run_plr_water,raw\sound\fly\footsteps\run\water\water_run_04.LN65.pc.snd.wav,fly_gear_plr,loaded,bus_fx,grp_foley,snp_foley,,45,0,45,49,0,5000,5000,allon,default,allon,default,2,8,oldest,oldest,-180,180,70,70,0,1,2d,front,nonlooping,,1,0,0,0,0,0.25,no,yes,none,0,,no,,,yes,no,no,0,0,yes,no,,0,,no,no,no
fly_step_crouch_run_plr_wood,raw\sound\fly\footsteps\run\wood\wood_run_00.LN65.pc.snd.wav,fly_gear_plr,loaded,bus_fx,grp_foley,snp_foley,,45,0,45,49,0,5000,5000,allon,default,allon,default,2,8,oldest,oldest,-180,180,70,70,0,1,2d,front,nonlooping,,1,0,0,0,0,0.25,no,yes,none,0,,no,,,yes,no,no,0,0,yes,no,,0,,no,no,no
fly_step_crouch_run_plr_wood,raw\sound\fly\footsteps\run\wood\wood_run_01.LN65.pc.snd.wav,fly_gear_plr,loaded,bus_fx,grp_foley,snp_foley,,45,0,45,49,0,5000,5000,allon,default,allon,default,2,8,oldest,oldest,-180,180,70,70,0,1,2d,front,nonlooping,,1,0,0,0,0,0.25,no,yes,none,0,,no,,,yes,no,no,0,0,yes,no,,0,,no,no,no
fly_step_crouch_run_plr_wood,raw\sound\fly\footsteps\run\wood\wood_run_02.LN65.pc.snd.wav,fly_gear_plr,loaded,bus_fx,grp_foley,snp_foley,,45,0,45,49,0,5000,5000,allon,default,allon,default,2,8,oldest,oldest,-180,180,70,70,0,1,2d,front,nonlooping,,1,0,0,0,0,0.25,no,yes,none,0,,no,,,yes,no,no,0,0,yes,no,,0,,no,no,no
fly_step_crouch_run_plr_wood,raw\sound\fly\footsteps\run\wood\wood_run_03.LN65.pc.snd.wav,fly_gear_plr,loaded,bus_fx,grp_foley,snp_foley,,45,0,45,49,0,5000,5000,allon,default,allon,default,2,8,oldest,oldest,-180,180,70,70,0,1,2d,front,nonlooping,,1,0,0,0,0,0.25,no,yes,none,0,,no,,,yes,no,no,0,0,yes,no,,0,,no,no,no
fly_step_crouch_run_plr_wood,raw\sound\fly\footsteps\run\wood\wood_run_04.LN65.pc.snd.wav,fly_gear_plr,loaded,bus_fx,grp_foley,snp_foley,,45,0,45,49,0,5000,5000,allon,default,allon,default,2,8,oldest,oldest,-180,180,70,70,0,1,2d,front,nonlooping,,1,0,0,0,0,0.25,no,yes,none,0,,no,,,yes,no,no,0,0,yes,no,,0,,no,no,no
fly_step_crouch_run_plr_wood,raw\sound\fly\footsteps\run\wood\wood_run_05.LN65.pc.snd.wav,fly_gear_plr,loaded,bus_fx,grp_foley,snp_foley,,45,0,45,49,0,5000,5000,allon,default,allon,default,2,8,oldest,oldest,-180,180,70,70,0,1,2d,front,nonlooping,,1,0,0,0,0,0.25,no,yes,none,0,,no,,,yes,no,no,0,0,yes,no,,0,,no,no,no
fly_step_crouch_walk_plr_asphalt,raw\sound\fly\footsteps\run\concrete\concrete_run_00.LN65.pc.snd.wav,fly_gear_plr,loaded,bus_fx,grp_foley,snp_foley,,40,0,43,46,0,5000,5000,allon,default,allon,default,2,8,oldest,oldest,-180,180,70,70,0,1,2d,front,nonlooping,,1,0,0,0,0,0.25,no,yes,none,0,,no,,,yes,no,no,0,0,yes,no,,0,,no,no,no
fly_step_crouch_walk_plr_asphalt,raw\sound\fly\footsteps\run\concrete\concrete_run_01.LN65.pc.snd.wav,fly_gear_plr,loaded,bus_fx,grp_foley,snp_foley,,40,0,43,46,0,5000,5000,allon,default,allon,default,2,8,oldest,oldest,-180,180,70,70,0,1,2d,front,nonlooping,,1,0,0,0,0,0.25,no,yes,none,0,,no,,,yes,no,no,0,0,yes,no,,0,,no,no,no
fly_step_crouch_walk_plr_asphalt,raw\sound\fly\footsteps\run\concrete\concrete_run_02.LN65.pc.snd.wav,fly_gear_plr,loaded,bus_fx,grp_foley,snp_foley,,40,0,43,46,0,5000,5000,allon,default,allon,default,2,8,oldest,oldest,-180,180,70,70,0,1,2d,front,nonlooping,,1,0,0,0,0,0.25,no,yes,none,0,,no,,,yes,no,no,0,0,yes,no,,0,,no,no,no
fly_step_crouch_walk_plr_asphalt,raw\sound\fly\footsteps\run\concrete\concrete_run_03.LN65.pc.snd.wav,fly_gear_plr,loaded,bus_fx,grp_foley,snp_foley,,40,0,43,46,0,5000,5000,allon,default,allon,default,2,8,oldest,oldest,-180,180,70,70,0,1,2d,front,nonlooping,,1,0,0,0,0,0.25,no,yes,none,0,,no,,,yes,no,no,0,0,yes,no,,0,,no,no,no
fly_step_crouch_walk_plr_asphalt,raw\sound\fly\footsteps\run\concrete\concrete_run_04.LN65.pc.snd.wav,fly_gear_plr,loaded,bus_fx,grp_foley,snp_foley,,40,0,43,46,0,5000,5000,allon,default,allon,default,2,8,oldest,oldest,-180,180,70,70,0,1,2d,front,nonlooping,,1,0,0,0,0,0.25,no,yes,none,0,,no,,,yes,no,no,0,0,yes,no,,0,,no,no,no
fly_step_crouch_walk_plr_asphalt,raw\sound\fly\footsteps\run\concrete\concrete_run_05.LN65.pc.snd.wav,fly_gear_plr,loaded,bus_fx,grp_foley,snp_foley,,40,0,43,46,0,5000,5000,allon,default,allon,default,2,8,oldest,oldest,-180,180,70,70,0,1,2d,front,nonlooping,,1,0,0,0,0,0.25,no,yes,none,0,,no,,,yes,no,no,0,0,yes,no,,0,,no,no,no
fly_step_crouch_walk_plr_bark,raw\sound\fly\footsteps\run\dirt\dirt_run_00.LN65.pc.snd.wav,fly_gear_plr,loaded,bus_fx,grp_foley,snp_foley,,40,0,43,46,0,5000,5000,allon,default,allon,default,2,8,oldest,oldest,-180,180,70,70,0,1,2d,front,nonlooping,,1,0,0,0,0,0.25,no,yes,none,0,,no,,,yes,no,no,0,0,yes,no,,0,,no,no,no
fly_step_crouch_walk_plr_bark,raw\sound\fly\footsteps\run\dirt\dirt_run_01.LN65.pc.snd.wav,fly_gear_plr,loaded,bus_fx,grp_foley,snp_foley,,40,0,43,46,0,5000,5000,allon,default,allon,default,2,8,oldest,oldest,-180,180,70,70,0,1,2d,front,nonlooping,,1,0,0,0,0,0.25,no,yes,none,0,,no,,,yes,no,no,0,0,yes,no,,0,,no,no,no
fly_step_crouch_walk_plr_bark,raw\sound\fly\footsteps\run\dirt\dirt_run_02.LN65.pc.snd.wav,fly_gear_plr,loaded,bus_fx,grp_foley,snp_foley,,40,0,43,46,0,5000,5000,allon,default,allon,default,2,8,oldest,oldest,-180,180,70,70,0,1,2d,front,nonlooping,,1,0,0,0,0,0.25,no,yes,none,0,,no,,,yes,no,no,0,0,yes,no,,0,,no,no,no
fly_step_crouch_walk_plr_bark,raw\sound\fly\footsteps\run\dirt\dirt_run_03.LN65.pc.snd.wav,fly_gear_plr,loaded,bus_fx,grp_foley,snp_foley,,40,0,43,46,0,5000,5000,allon,default,allon,default,2,8,oldest,oldest,-180,180,70,70,0,1,2d,front,nonlooping,,1,0,0,0,0,0.25,no,yes,none,0,,no,,,yes,no,no,0,0,yes,no,,0,,no,no,no
fly_step_crouch_walk_plr_bark,raw\sound\fly\footsteps\run\dirt\dirt_run_04.LN65.pc.snd.wav,fly_gear_plr,loaded,bus_fx,grp_foley,snp_foley,,40,0,43,46,0,5000,5000,allon,default,allon,default,2,8,oldest,oldest,-180,180,70,70,0,1,2d,front,nonlooping,,1,0,0,0,0,0.25,no,yes,none,0,,no,,,yes,no,no,0,0,yes,no,,0,,no,no,no
fly_step_crouch_walk_plr_brick,raw\sound\fly\footsteps\run\concrete\concrete_run_00.LN65.pc.snd.wav,fly_gear_plr,loaded,bus_fx,grp_foley,snp_foley,,40,0,43,46,0,5000,5000,allon,default,allon,default,2,8,oldest,oldest,-180,180,70,70,0,1,2d,front,nonlooping,,1,0,0,0,0,0.25,no,yes,none,0,,no,,,yes,no,no,0,0,yes,no,,0,,no,no,no
fly_step_crouch_walk_plr_brick,raw\sound\fly\footsteps\run\concrete\concrete_run_01.LN65.pc.snd.wav,fly_gear_plr,loaded,bus_fx,grp_foley,snp_foley,,40,0,43,46,0,5000,5000,allon,default,allon,default,2,8,oldest,oldest,-180,180,70,70,0,1,2d,front,nonlooping,,1,0,0,0,0,0.25,no,yes,none,0,,no,,,yes,no,no,0,0,yes,no,,0,,no,no,no
fly_step_crouch_walk_plr_brick,raw\sound\fly\footsteps\run\concrete\concrete_run_02.LN65.pc.snd.wav,fly_gear_plr,loaded,bus_fx,grp_foley,snp_foley,,40,0,43,46,0,5000,5000,allon,default,allon,default,2,8,oldest,oldest,-180,180,70,70,0,1,2d,front,nonlooping,,1,0,0,0,0,0.25,no,yes,none,0,,no,,,yes,no,no,0,0,yes,no,,0,,no,no,no
fly_step_crouch_walk_plr_brick,raw\sound\fly\footsteps\run\concrete\concrete_run_03.LN65.pc.snd.wav,fly_gear_plr,loaded,bus_fx,grp_foley,snp_foley,,40,0,43,46,0,5000,5000,allon,default,allon,default,2,8,oldest,oldest,-180,180,70,70,0,1,2d,front,nonlooping,,1,0,0,0,0,0.25,no,yes,none,0,,no,,,yes,no,no,0,0,yes,no,,0,,no,no,no
fly_step_crouch_walk_plr_brick,raw\sound\fly\footsteps\run\concrete\concrete_run_04.LN65.pc.snd.wav,fly_gear_plr,loaded,bus_fx,grp_foley,snp_foley,,40,0,43,46,0,5000,5000,allon,default,allon,default,2,8,oldest,oldest,-180,180,70,70,0,1,2d,front,nonlooping,,1,0,0,0,0,0.25,no,yes,none,0,,no,,,yes,no,no,0,0,yes,no,,0,,no,no,no
fly_step_crouch_walk_plr_brick,raw\sound\fly\footsteps\run\concrete\concrete_run_05.LN65.pc.snd.wav,fly_gear_plr,loaded,bus_fx,grp_foley,snp_foley,,40,0,43,46,0,5000,5000,allon,default,allon,default,2,8,oldest,oldest,-180,180,70,70,0,1,2d,front,nonlooping,,1,0,0,0,0,0.25,no,yes,none,0,,no,,,yes,no,no,0,0,yes,no,,0,,no,no,no
fly_step_crouch_walk_plr_carpet,raw\sound\fly\footsteps\run\carpet\carpet_run_00.LN65.pc.snd.wav,fly_gear_plr,loaded,bus_fx,grp_foley,snp_foley,,40,0,43,46,0,5000,5000,allon,default,allon,default,2,8,oldest,oldest,-180,180,70,70,0,1,2d,front,nonlooping,,1,0,0,0,0,0.25,no,yes,none,0,,no,,,yes,no,no,0,0,yes,no,,0,,no,no,no
fly_step_crouch_walk_plr_carpet,raw\sound\fly\footsteps\run\carpet\carpet_run_01.LN65.pc.snd.wav,fly_gear_plr,loaded,bus_fx,grp_foley,snp_foley,,40,0,43,46,0,5000,5000,allon,default,allon,default,2,8,oldest,oldest,-180,180,70,70,0,1,2d,front,nonlooping,,1,0,0,0,0,0.25,no,yes,none,0,,no,,,yes,no,no,0,0,yes,no,,0,,no,no,no
fly_step_crouch_walk_plr_carpet,raw\sound\fly\footsteps\run\carpet\carpet_run_02.LN65.pc.snd.wav,fly_gear_plr,loaded,bus_fx,grp_foley,snp_foley,,40,0,43,46,0,5000,5000,allon,default,allon,default,2,8,oldest,oldest,-180,180,70,70,0,1,2d,front,nonlooping,,1,0,0,0,0,0.25,no,yes,none,0,,no,,,yes,no,no,0,0,yes,no,,0,,no,no,no
fly_step_crouch_walk_plr_carpet,raw\sound\fly\footsteps\run\carpet\carpet_run_03.LN65.pc.snd.wav,fly_gear_plr,loaded,bus_fx,grp_foley,snp_foley,,40,0,43,46,0,5000,5000,allon,default,allon,default,2,8,oldest,oldest,-180,180,70,70,0,1,2d,front,nonlooping,,1,0,0,0,0,0.25,no,yes,none,0,,no,,,yes,no,no,0,0,yes,no,,0,,no,no,no
fly_step_crouch_walk_plr_carpet,raw\sound\fly\footsteps\run\carpet\carpet_run_04.LN65.pc.snd.wav,fly_gear_plr,loaded,bus_fx,grp_foley,snp_foley,,40,0,43,46,0,5000,5000,allon,default,allon,default,2,8,oldest,oldest,-180,180,70,70,0,1,2d,front,nonlooping,,1,0,0,0,0,0.25,no,yes,none,0,,no,,,yes,no,no,0,0,yes,no,,0,,no,no,no
fly_step_crouch_walk_plr_carpet,raw\sound\fly\footsteps\run\carpet\carpet_run_05.LN65.pc.snd.wav,fly_gear_plr,loaded,bus_fx,grp_foley,snp_foley,,40,0,43,46,0,5000,5000,allon,default,allon,default,2,8,oldest,oldest,-180,180,70,70,0,1,2d,front,nonlooping,,1,0,0,0,0,0.25,no,yes,none,0,,no,,,yes,no,no,0,0,yes,no,,0,,no,no,no
fly_step_crouch_walk_plr_carpet,raw\sound\fly\footsteps\run\carpet\carpet_run_06.LN65.pc.snd.wav,fly_gear_plr,loaded,bus_fx,grp_foley,snp_foley,,40,0,43,46,0,5000,5000,allon,default,allon,default,2,8,oldest,oldest,-180,180,70,70,0,1,2d,front,nonlooping,,1,0,0,0,0,0.25,no,yes,none,0,,no,,,yes,no,no,0,0,yes,no,,0,,no,no,no
fly_step_crouch_walk_plr_ceramic,raw\sound\fly\footsteps\run\concrete\concrete_run_00.LN65.pc.snd.wav,fly_gear_plr,loaded,bus_fx,grp_foley,snp_foley,,40,0,43,46,0,5000,5000,allon,default,allon,default,2,8,oldest,oldest,-180,180,70,70,0,1,2d,front,nonlooping,,1,0,0,0,0,0.25,no,yes,none,0,,no,,,yes,no,no,0,0,yes,no,,0,,no,no,no
fly_step_crouch_walk_plr_ceramic,raw\sound\fly\footsteps\run\concrete\concrete_run_01.LN65.pc.snd.wav,fly_gear_plr,loaded,bus_fx,grp_foley,snp_foley,,40,0,43,46,0,5000,5000,allon,default,allon,default,2,8,oldest,oldest,-180,180,70,70,0,1,2d,front,nonlooping,,1,0,0,0,0,0.25,no,yes,none,0,,no,,,yes,no,no,0,0,yes,no,,0,,no,no,no
fly_step_crouch_walk_plr_ceramic,raw\sound\fly\footsteps\run\concrete\concrete_run_02.LN65.pc.snd.wav,fly_gear_plr,loaded,bus_fx,grp_foley,snp_foley,,40,0,43,46,0,5000,5000,allon,default,allon,default,2,8,oldest,oldest,-180,180,70,70,0,1,2d,front,nonlooping,,1,0,0,0,0,0.25,no,yes,none,0,,no,,,yes,no,no,0,0,yes,no,,0,,no,no,no
fly_step_crouch_walk_plr_ceramic,raw\sound\fly\footsteps\run\concrete\concrete_run_03.LN65.pc.snd.wav,fly_gear_plr,loaded,bus_fx,grp_foley,snp_foley,,40,0,43,46,0,5000,5000,allon,default,allon,default,2,8,oldest,oldest,-180,180,70,70,0,1,2d,front,nonlooping,,1,0,0,0,0,0.25,no,yes,none,0,,no,,,yes,no,no,0,0,yes,no,,0,,no,no,no
fly_step_crouch_walk_plr_ceramic,raw\sound\fly\footsteps\run\concrete\concrete_run_04.LN65.pc.snd.wav,fly_gear_plr,loaded,bus_fx,grp_foley,snp_foley,,40,0,43,46,0,5000,5000,allon,default,allon,default,2,8,oldest,oldest,-180,180,70,70,0,1,2d,front,nonlooping,,1,0,0,0,0,0.25,no,yes,none,0,,no,,,yes,no,no,0,0,yes,no,,0,,no,no,no
fly_step_crouch_walk_plr_ceramic,raw\sound\fly\footsteps\run\concrete\concrete_run_05.LN65.pc.snd.wav,fly_gear_plr,loaded,bus_fx,grp_foley,snp_foley,,40,0,43,46,0,5000,5000,allon,default,allon,default,2,8,oldest,oldest,-180,180,70,70,0,1,2d,front,nonlooping,,1,0,0,0,0,0.25,no,yes,none,0,,no,,,yes,no,no,0,0,yes,no,,0,,no,no,no
fly_step_crouch_walk_plr_cloth,raw\sound\fly\footsteps\run\carpet\carpet_run_00.LN65.pc.snd.wav,fly_gear_plr,loaded,bus_fx,grp_foley,snp_foley,,40,0,43,46,0,5000,5000,allon,default,allon,default,2,8,oldest,oldest,-180,180,70,70,0,1,2d,front,nonlooping,,1,0,0,0,0,0.25,no,yes,none,0,,no,,,yes,no,no,0,0,yes,no,,0,,no,no,no
fly_step_crouch_walk_plr_cloth,raw\sound\fly\footsteps\run\carpet\carpet_run_01.LN65.pc.snd.wav,fly_gear_plr,loaded,bus_fx,grp_foley,snp_foley,,40,0,43,46,0,5000,5000,allon,default,allon,default,2,8,oldest,oldest,-180,180,70,70,0,1,2d,front,nonlooping,,1,0,0,0,0,0.25,no,yes,none,0,,no,,,yes,no,no,0,0,yes,no,,0,,no,no,no
fly_step_crouch_walk_plr_cloth,raw\sound\fly\footsteps\run\carpet\carpet_run_02.LN65.pc.snd.wav,fly_gear_plr,loaded,bus_fx,grp_foley,snp_foley,,40,0,43,46,0,5000,5000,allon,default,allon,default,2,8,oldest,oldest,-180,180,70,70,0,1,2d,front,nonlooping,,1,0,0,0,0,0.25,no,yes,none,0,,no,,,yes,no,no,0,0,yes,no,,0,,no,no,no
fly_step_crouch_walk_plr_cloth,raw\sound\fly\footsteps\run\carpet\carpet_run_03.LN65.pc.snd.wav,fly_gear_plr,loaded,bus_fx,grp_foley,snp_foley,,40,0,43,46,0,5000,5000,allon,default,allon,default,2,8,oldest,oldest,-180,180,70,70,0,1,2d,front,nonlooping,,1,0,0,0,0,0.25,no,yes,none,0,,no,,,yes,no,no,0,0,yes,no,,0,,no,no,no
fly_step_crouch_walk_plr_cloth,raw\sound\fly\footsteps\run\carpet\carpet_run_04.LN65.pc.snd.wav,fly_gear_plr,loaded,bus_fx,grp_foley,snp_foley,,40,0,43,46,0,5000,5000,allon,default,allon,default,2,8,oldest,oldest,-180,180,70,70,0,1,2d,front,nonlooping,,1,0,0,0,0,0.25,no,yes,none,0,,no,,,yes,no,no,0,0,yes,no,,0,,no,no,no
fly_step_crouch_walk_plr_cloth,raw\sound\fly\footsteps\run\carpet\carpet_run_05.LN65.pc.snd.wav,fly_gear_plr,loaded,bus_fx,grp_foley,snp_foley,,40,0,43,46,0,5000,5000,allon,default,allon,default,2,8,oldest,oldest,-180,180,70,70,0,1,2d,front,nonlooping,,1,0,0,0,0,0.25,no,yes,none,0,,no,,,yes,no,no,0,0,yes,no,,0,,no,no,no
fly_step_crouch_walk_plr_cloth,raw\sound\fly\footsteps\run\carpet\carpet_run_06.LN65.pc.snd.wav,fly_gear_plr,loaded,bus_fx,grp_foley,snp_foley,,40,0,43,46,0,5000,5000,allon,default,allon,default,2,8,oldest,oldest,-180,180,70,70,0,1,2d,front,nonlooping,,1,0,0,0,0,0.25,no,yes,none,0,,no,,,yes,no,no,0,0,yes,no,,0,,no,no,no
fly_step_crouch_walk_plr_concrete,raw\sound\fly\footsteps\run\concrete\concrete_run_00.LN65.pc.snd.wav,fly_gear_plr,loaded,bus_fx,grp_foley,snp_foley,,40,0,43,46,0,5000,5000,allon,default,allon,default,2,8,oldest,oldest,-180,180,70,70,0,1,2d,front,nonlooping,,1,0,0,0,0,0.25,no,yes,none,0,,no,,,yes,no,no,0,0,yes,no,,0,,no,no,no
fly_step_crouch_walk_plr_concrete,raw\sound\fly\footsteps\run\concrete\concrete_run_01.LN65.pc.snd.wav,fly_gear_plr,loaded,bus_fx,grp_foley,snp_foley,,40,0,43,46,0,5000,5000,allon,default,allon,default,2,8,oldest,oldest,-180,180,70,70,0,1,2d,front,nonlooping,,1,0,0,0,0,0.25,no,yes,none,0,,no,,,yes,no,no,0,0,yes,no,,0,,no,no,no
fly_step_crouch_walk_plr_concrete,raw\sound\fly\footsteps\run\concrete\concrete_run_02.LN65.pc.snd.wav,fly_gear_plr,loaded,bus_fx,grp_foley,snp_foley,,40,0,43,46,0,5000,5000,allon,default,allon,default,2,8,oldest,oldest,-180,180,70,70,0,1,2d,front,nonlooping,,1,0,0,0,0,0.25,no,yes,none,0,,no,,,yes,no,no,0,0,yes,no,,0,,no,no,no
fly_step_crouch_walk_plr_concrete,raw\sound\fly\footsteps\run\concrete\concrete_run_03.LN65.pc.snd.wav,fly_gear_plr,loaded,bus_fx,grp_foley,snp_foley,,40,0,43,46,0,5000,5000,allon,default,allon,default,2,8,oldest,oldest,-180,180,70,70,0,1,2d,front,nonlooping,,1,0,0,0,0,0.25,no,yes,none,0,,no,,,yes,no,no,0,0,yes,no,,0,,no,no,no
fly_step_crouch_walk_plr_concrete,raw\sound\fly\footsteps\run\concrete\concrete_run_04.LN65.pc.snd.wav,fly_gear_plr,loaded,bus_fx,grp_foley,snp_foley,,40,0,43,46,0,5000,5000,allon,default,allon,default,2,8,oldest,oldest,-180,180,70,70,0,1,2d,front,nonlooping,,1,0,0,0,0,0.25,no,yes,none,0,,no,,,yes,no,no,0,0,yes,no,,0,,no,no,no
fly_step_crouch_walk_plr_concrete,raw\sound\fly\footsteps\run\concrete\concrete_run_05.LN65.pc.snd.wav,fly_gear_plr,loaded,bus_fx,grp_foley,snp_foley,,40,0,43,46,0,5000,5000,allon,default,allon,default,2,8,oldest,oldest,-180,180,70,70,0,1,2d,front,nonlooping,,1,0,0,0,0,0.25,no,yes,none,0,,no,,,yes,no,no,0,0,yes,no,,0,,no,no,no
fly_step_crouch_walk_plr_cushion,raw\sound\fly\footsteps\run\carpet\carpet_run_00.LN65.pc.snd.wav,fly_gear_plr,loaded,bus_fx,grp_foley,snp_foley,,40,0,43,46,0,5000,5000,allon,default,allon,default,2,8,oldest,oldest,-180,180,70,70,0,1,2d,front,nonlooping,,1,0,0,0,0,0.25,no,yes,none,0,,no,,,yes,no,no,0,0,yes,no,,0,,no,no,no
fly_step_crouch_walk_plr_cushion,raw\sound\fly\footsteps\run\carpet\carpet_run_01.LN65.pc.snd.wav,fly_gear_plr,loaded,bus_fx,grp_foley,snp_foley,,40,0,43,46,0,5000,5000,allon,default,allon,default,2,8,oldest,oldest,-180,180,70,70,0,1,2d,front,nonlooping,,1,0,0,0,0,0.25,no,yes,none,0,,no,,,yes,no,no,0,0,yes,no,,0,,no,no,no
fly_step_crouch_walk_plr_cushion,raw\sound\fly\footsteps\run\carpet\carpet_run_02.LN65.pc.snd.wav,fly_gear_plr,loaded,bus_fx,grp_foley,snp_foley,,40,0,43,46,0,5000,5000,allon,default,allon,default,2,8,oldest,oldest,-180,180,70,70,0,1,2d,front,nonlooping,,1,0,0,0,0,0.25,no,yes,none,0,,no,,,yes,no,no,0,0,yes,no,,0,,no,no,no
fly_step_crouch_walk_plr_cushion,raw\sound\fly\footsteps\run\carpet\carpet_run_03.LN65.pc.snd.wav,fly_gear_plr,loaded,bus_fx,grp_foley,snp_foley,,40,0,43,46,0,5000,5000,allon,default,allon,default,2,8,oldest,oldest,-180,180,70,70,0,1,2d,front,nonlooping,,1,0,0,0,0,0.25,no,yes,none,0,,no,,,yes,no,no,0,0,yes,no,,0,,no,no,no
fly_step_crouch_walk_plr_cushion,raw\sound\fly\footsteps\run\carpet\carpet_run_04.LN65.pc.snd.wav,fly_gear_plr,loaded,bus_fx,grp_foley,snp_foley,,40,0,43,46,0,5000,5000,allon,default,allon,default,2,8,oldest,oldest,-180,180,70,70,0,1,2d,front,nonlooping,,1,0,0,0,0,0.25,no,yes,none,0,,no,,,yes,no,no,0,0,yes,no,,0,,no,no,no
fly_step_crouch_walk_plr_cushion,raw\sound\fly\footsteps\run\carpet\carpet_run_05.LN65.pc.snd.wav,fly_gear_plr,loaded,bus_fx,grp_foley,snp_foley,,40,0,43,46,0,5000,5000,allon,default,allon,default,2,8,oldest,oldest,-180,180,70,70,0,1,2d,front,nonlooping,,1,0,0,0,0,0.25,no,yes,none,0,,no,,,yes,no,no,0,0,yes,no,,0,,no,no,no
fly_step_crouch_walk_plr_cushion,raw\sound\fly\footsteps\run\carpet\carpet_run_06.LN65.pc.snd.wav,fly_gear_plr,loaded,bus_fx,grp_foley,snp_foley,,40,0,43,46,0,5000,5000,allon,default,allon,default,2,8,oldest,oldest,-180,180,70,70,0,1,2d,front,nonlooping,,1,0,0,0,0,0.25,no,yes,none,0,,no,,,yes,no,no,0,0,yes,no,,0,,no,no,no
fly_step_crouch_walk_plr_default,raw\sound\fly\footsteps\run\dirt\dirt_run_00.LN65.pc.snd.wav,fly_gear_plr,loaded,bus_fx,grp_foley,snp_foley,,40,0,43,46,0,5000,5000,allon,default,allon,default,2,8,oldest,oldest,-180,180,70,70,0,1,2d,front,nonlooping,,1,0,0,0,0,0.25,no,yes,none,0,,no,,,yes,no,no,0,0,yes,no,,0,,no,no,no
fly_step_crouch_walk_plr_default,raw\sound\fly\footsteps\run\dirt\dirt_run_01.LN65.pc.snd.wav,fly_gear_plr,loaded,bus_fx,grp_foley,snp_foley,,40,0,43,46,0,5000,5000,allon,default,allon,default,2,8,oldest,oldest,-180,180,70,70,0,1,2d,front,nonlooping,,1,0,0,0,0,0.25,no,yes,none,0,,no,,,yes,no,no,0,0,yes,no,,0,,no,no,no
fly_step_crouch_walk_plr_default,raw\sound\fly\footsteps\run\dirt\dirt_run_02.LN65.pc.snd.wav,fly_gear_plr,loaded,bus_fx,grp_foley,snp_foley,,40,0,43,46,0,5000,5000,allon,default,allon,default,2,8,oldest,oldest,-180,180,70,70,0,1,2d,front,nonlooping,,1,0,0,0,0,0.25,no,yes,none,0,,no,,,yes,no,no,0,0,yes,no,,0,,no,no,no
fly_step_crouch_walk_plr_default,raw\sound\fly\footsteps\run\dirt\dirt_run_03.LN65.pc.snd.wav,fly_gear_plr,loaded,bus_fx,grp_foley,snp_foley,,40,0,43,46,0,5000,5000,allon,default,allon,default,2,8,oldest,oldest,-180,180,70,70,0,1,2d,front,nonlooping,,1,0,0,0,0,0.25,no,yes,none,0,,no,,,yes,no,no,0,0,yes,no,,0,,no,no,no
fly_step_crouch_walk_plr_default,raw\sound\fly\footsteps\run\dirt\dirt_run_04.LN65.pc.snd.wav,fly_gear_plr,loaded,bus_fx,grp_foley,snp_foley,,40,0,43,46,0,5000,5000,allon,default,allon,default,2,8,oldest,oldest,-180,180,70,70,0,1,2d,front,nonlooping,,1,0,0,0,0,0.25,no,yes,none,0,,no,,,yes,no,no,0,0,yes,no,,0,,no,no,no
fly_step_crouch_walk_plr_dirt,raw\sound\fly\footsteps\run\dirt\dirt_run_00.LN65.pc.snd.wav,fly_gear_plr,loaded,bus_fx,grp_foley,snp_foley,,40,0,43,46,0,5000,5000,allon,default,allon,default,2,8,oldest,oldest,-180,180,70,70,0,1,2d,front,nonlooping,,1,0,0,0,0,0.25,no,yes,none,0,,no,,,yes,no,no,0,0,yes,no,,0,,no,no,no
fly_step_crouch_walk_plr_dirt,raw\sound\fly\footsteps\run\dirt\dirt_run_01.LN65.pc.snd.wav,fly_gear_plr,loaded,bus_fx,grp_foley,snp_foley,,40,0,43,46,0,5000,5000,allon,default,allon,default,2,8,oldest,oldest,-180,180,70,70,0,1,2d,front,nonlooping,,1,0,0,0,0,0.25,no,yes,none,0,,no,,,yes,no,no,0,0,yes,no,,0,,no,no,no
fly_step_crouch_walk_plr_dirt,raw\sound\fly\footsteps\run\dirt\dirt_run_02.LN65.pc.snd.wav,fly_gear_plr,loaded,bus_fx,grp_foley,snp_foley,,40,0,43,46,0,5000,5000,allon,default,allon,default,2,8,oldest,oldest,-180,180,70,70,0,1,2d,front,nonlooping,,1,0,0,0,0,0.25,no,yes,none,0,,no,,,yes,no,no,0,0,yes,no,,0,,no,no,no
fly_step_crouch_walk_plr_dirt,raw\sound\fly\footsteps\run\dirt\dirt_run_03.LN65.pc.snd.wav,fly_gear_plr,loaded,bus_fx,grp_foley,snp_foley,,40,0,43,46,0,5000,5000,allon,default,allon,default,2,8,oldest,oldest,-180,180,70,70,0,1,2d,front,nonlooping,,1,0,0,0,0,0.25,no,yes,none,0,,no,,,yes,no,no,0,0,yes,no,,0,,no,no,no
fly_step_crouch_walk_plr_dirt,raw\sound\fly\footsteps\run\dirt\dirt_run_04.LN65.pc.snd.wav,fly_gear_plr,loaded,bus_fx,grp_foley,snp_foley,,40,0,43,46,0,5000,5000,allon,default,allon,default,2,8,oldest,oldest,-180,180,70,70,0,1,2d,front,nonlooping,,1,0,0,0,0,0.25,no,yes,none,0,,no,,,yes,no,no,0,0,yes,no,,0,,no,no,no
fly_step_crouch_walk_plr_flesh,raw\sound\fly\footsteps\run\concrete\concrete_run_00.LN65.pc.snd.wav,fly_gear_plr,loaded,bus_fx,grp_foley,snp_foley,,40,0,43,46,0,5000,5000,allon,default,allon,default,2,8,oldest,oldest,-180,180,70,70,0,1,2d,front,nonlooping,,1,0,0,0,0,0.25,no,yes,none,0,,no,,,yes,no,no,0,0,yes,no,,0,,no,no,no
fly_step_crouch_walk_plr_flesh,raw\sound\fly\footsteps\run\concrete\concrete_run_01.LN65.pc.snd.wav,fly_gear_plr,loaded,bus_fx,grp_foley,snp_foley,,40,0,43,46,0,5000,5000,allon,default,allon,default,2,8,oldest,oldest,-180,180,70,70,0,1,2d,front,nonlooping,,1,0,0,0,0,0.25,no,yes,none,0,,no,,,yes,no,no,0,0,yes,no,,0,,no,no,no
fly_step_crouch_walk_plr_flesh,raw\sound\fly\footsteps\run\concrete\concrete_run_02.LN65.pc.snd.wav,fly_gear_plr,loaded,bus_fx,grp_foley,snp_foley,,40,0,43,46,0,5000,5000,allon,default,allon,default,2,8,oldest,oldest,-180,180,70,70,0,1,2d,front,nonlooping,,1,0,0,0,0,0.25,no,yes,none,0,,no,,,yes,no,no,0,0,yes,no,,0,,no,no,no
fly_step_crouch_walk_plr_flesh,raw\sound\fly\footsteps\run\concrete\concrete_run_03.LN65.pc.snd.wav,fly_gear_plr,loaded,bus_fx,grp_foley,snp_foley,,40,0,43,46,0,5000,5000,allon,default,allon,default,2,8,oldest,oldest,-180,180,70,70,0,1,2d,front,nonlooping,,1,0,0,0,0,0.25,no,yes,none,0,,no,,,yes,no,no,0,0,yes,no,,0,,no,no,no
fly_step_crouch_walk_plr_flesh,raw\sound\fly\footsteps\run\concrete\concrete_run_04.LN65.pc.snd.wav,fly_gear_plr,loaded,bus_fx,grp_foley,snp_foley,,40,0,43,46,0,5000,5000,allon,default,allon,default,2,8,oldest,oldest,-180,180,70,70,0,1,2d,front,nonlooping,,1,0,0,0,0,0.25,no,yes,none,0,,no,,,yes,no,no,0,0,yes,no,,0,,no,no,no
fly_step_crouch_walk_plr_flesh,raw\sound\fly\footsteps\run\concrete\concrete_run_05.LN65.pc.snd.wav,fly_gear_plr,loaded,bus_fx,grp_foley,snp_foley,,40,0,43,46,0,5000,5000,allon,default,allon,default,2,8,oldest,oldest,-180,180,70,70,0,1,2d,front,nonlooping,,1,0,0,0,0,0.25,no,yes,none,0,,no,,,yes,no,no,0,0,yes,no,,0,,no,no,no
fly_step_crouch_walk_plr_foliage,raw\sound\fly\footsteps\run\dirt\dirt_run_00.LN65.pc.snd.wav,fly_gear_plr,loaded,bus_fx,grp_foley,snp_foley,,40,0,43,46,0,5000,5000,allon,default,allon,default,2,8,oldest,oldest,-180,180,70,70,0,1,2d,front,nonlooping,,1,0,0,0,0,0.25,no,yes,none,0,,no,,,yes,no,no,0,0,yes,no,,0,,no,no,no
fly_step_crouch_walk_plr_foliage,raw\sound\fly\footsteps\run\dirt\dirt_run_01.LN65.pc.snd.wav,fly_gear_plr,loaded,bus_fx,grp_foley,snp_foley,,40,0,43,46,0,5000,5000,allon,default,allon,default,2,8,oldest,oldest,-180,180,70,70,0,1,2d,front,nonlooping,,1,0,0,0,0,0.25,no,yes,none,0,,no,,,yes,no,no,0,0,yes,no,,0,,no,no,no
fly_step_crouch_walk_plr_foliage,raw\sound\fly\footsteps\run\dirt\dirt_run_02.LN65.pc.snd.wav,fly_gear_plr,loaded,bus_fx,grp_foley,snp_foley,,40,0,43,46,0,5000,5000,allon,default,allon,default,2,8,oldest,oldest,-180,180,70,70,0,1,2d,front,nonlooping,,1,0,0,0,0,0.25,no,yes,none,0,,no,,,yes,no,no,0,0,yes,no,,0,,no,no,no
fly_step_crouch_walk_plr_foliage,raw\sound\fly\footsteps\run\dirt\dirt_run_03.LN65.pc.snd.wav,fly_gear_plr,loaded,bus_fx,grp_foley,snp_foley,,40,0,43,46,0,5000,5000,allon,default,allon,default,2,8,oldest,oldest,-180,180,70,70,0,1,2d,front,nonlooping,,1,0,0,0,0,0.25,no,yes,none,0,,no,,,yes,no,no,0,0,yes,no,,0,,no,no,no
fly_step_crouch_walk_plr_foliage,raw\sound\fly\footsteps\run\dirt\dirt_run_04.LN65.pc.snd.wav,fly_gear_plr,loaded,bus_fx,grp_foley,snp_foley,,40,0,43,46,0,5000,5000,allon,default,allon,default,2,8,oldest,oldest,-180,180,70,70,0,1,2d,front,nonlooping,,1,0,0,0,0,0.25,no,yes,none,0,,no,,,yes,no,no,0,0,yes,no,,0,,no,no,no
fly_step_crouch_walk_plr_fruit,raw\sound\fly\footsteps\run\carpet\carpet_run_00.LN65.pc.snd.wav,fly_gear_plr,loaded,bus_fx,grp_foley,snp_foley,,40,0,43,46,0,5000,5000,allon,default,allon,default,2,8,oldest,oldest,-180,180,70,70,0,1,2d,front,nonlooping,,1,0,0,0,0,0.25,no,yes,none,0,,no,,,yes,no,no,0,0,yes,no,,0,,no,no,no
fly_step_crouch_walk_plr_fruit,raw\sound\fly\footsteps\run\carpet\carpet_run_01.LN65.pc.snd.wav,fly_gear_plr,loaded,bus_fx,grp_foley,snp_foley,,40,0,43,46,0,5000,5000,allon,default,allon,default,2,8,oldest,oldest,-180,180,70,70,0,1,2d,front,nonlooping,,1,0,0,0,0,0.25,no,yes,none,0,,no,,,yes,no,no,0,0,yes,no,,0,,no,no,no
fly_step_crouch_walk_plr_fruit,raw\sound\fly\footsteps\run\carpet\carpet_run_02.LN65.pc.snd.wav,fly_gear_plr,loaded,bus_fx,grp_foley,snp_foley,,40,0,43,46,0,5000,5000,allon,default,allon,default,2,8,oldest,oldest,-180,180,70,70,0,1,2d,front,nonlooping,,1,0,0,0,0,0.25,no,yes,none,0,,no,,,yes,no,no,0,0,yes,no,,0,,no,no,no
fly_step_crouch_walk_plr_fruit,raw\sound\fly\footsteps\run\carpet\carpet_run_03.LN65.pc.snd.wav,fly_gear_plr,loaded,bus_fx,grp_foley,snp_foley,,40,0,43,46,0,5000,5000,allon,default,allon,default,2,8,oldest,oldest,-180,180,70,70,0,1,2d,front,nonlooping,,1,0,0,0,0,0.25,no,yes,none,0,,no,,,yes,no,no,0,0,yes,no,,0,,no,no,no
fly_step_crouch_walk_plr_fruit,raw\sound\fly\footsteps\run\carpet\carpet_run_04.LN65.pc.snd.wav,fly_gear_plr,loaded,bus_fx,grp_foley,snp_foley,,40,0,43,46,0,5000,5000,allon,default,allon,default,2,8,oldest,oldest,-180,180,70,70,0,1,2d,front,nonlooping,,1,0,0,0,0,0.25,no,yes,none,0,,no,,,yes,no,no,0,0,yes,no,,0,,no,no,no
fly_step_crouch_walk_plr_fruit,raw\sound\fly\footsteps\run\carpet\carpet_run_05.LN65.pc.snd.wav,fly_gear_plr,loaded,bus_fx,grp_foley,snp_foley,,40,0,43,46,0,5000,5000,allon,default,allon,default,2,8,oldest,oldest,-180,180,70,70,0,1,2d,front,nonlooping,,1,0,0,0,0,0.25,no,yes,none,0,,no,,,yes,no,no,0,0,yes,no,,0,,no,no,no
fly_step_crouch_walk_plr_fruit,raw\sound\fly\footsteps\run\carpet\carpet_run_06.LN65.pc.snd.wav,fly_gear_plr,loaded,bus_fx,grp_foley,snp_foley,,40,0,43,46,0,5000,5000,allon,default,allon,default,2,8,oldest,oldest,-180,180,70,70,0,1,2d,front,nonlooping,,1,0,0,0,0,0.25,no,yes,none,0,,no,,,yes,no,no,0,0,yes,no,,0,,no,no,no
fly_step_crouch_walk_plr_glass,raw\sound\fly\footsteps\run\concrete\concrete_run_00.LN65.pc.snd.wav,fly_gear_plr,loaded,bus_fx,grp_foley,snp_foley,,40,0,43,46,0,5000,5000,allon,default,allon,default,2,8,oldest,oldest,-180,180,70,70,0,1,2d,front,nonlooping,,1,0,0,0,0,0.25,no,yes,none,0,,no,,,yes,no,no,0,0,yes,no,,0,,no,no,no
fly_step_crouch_walk_plr_glass,raw\sound\fly\footsteps\run\concrete\concrete_run_01.LN65.pc.snd.wav,fly_gear_plr,loaded,bus_fx,grp_foley,snp_foley,,40,0,43,46,0,5000,5000,allon,default,allon,default,2,8,oldest,oldest,-180,180,70,70,0,1,2d,front,nonlooping,,1,0,0,0,0,0.25,no,yes,none,0,,no,,,yes,no,no,0,0,yes,no,,0,,no,no,no
fly_step_crouch_walk_plr_glass,raw\sound\fly\footsteps\run\concrete\concrete_run_02.LN65.pc.snd.wav,fly_gear_plr,loaded,bus_fx,grp_foley,snp_foley,,40,0,43,46,0,5000,5000,allon,default,allon,default,2,8,oldest,oldest,-180,180,70,70,0,1,2d,front,nonlooping,,1,0,0,0,0,0.25,no,yes,none,0,,no,,,yes,no,no,0,0,yes,no,,0,,no,no,no
fly_step_crouch_walk_plr_glass,raw\sound\fly\footsteps\run\concrete\concrete_run_03.LN65.pc.snd.wav,fly_gear_plr,loaded,bus_fx,grp_foley,snp_foley,,40,0,43,46,0,5000,5000,allon,default,allon,default,2,8,oldest,oldest,-180,180,70,70,0,1,2d,front,nonlooping,,1,0,0,0,0,0.25,no,yes,none,0,,no,,,yes,no,no,0,0,yes,no,,0,,no,no,no
fly_step_crouch_walk_plr_glass,raw\sound\fly\footsteps\run\concrete\concrete_run_04.LN65.pc.snd.wav,fly_gear_plr,loaded,bus_fx,grp_foley,snp_foley,,40,0,43,46,0,5000,5000,allon,default,allon,default,2,8,oldest,oldest,-180,180,70,70,0,1,2d,front,nonlooping,,1,0,0,0,0,0.25,no,yes,none,0,,no,,,yes,no,no,0,0,yes,no,,0,,no,no,no
fly_step_crouch_walk_plr_glass,raw\sound\fly\footsteps\run\concrete\concrete_run_05.LN65.pc.snd.wav,fly_gear_plr,loaded,bus_fx,grp_foley,snp_foley,,40,0,43,46,0,5000,5000,allon,default,allon,default,2,8,oldest,oldest,-180,180,70,70,0,1,2d,front,nonlooping,,1,0,0,0,0,0.25,no,yes,none,0,,no,,,yes,no,no,0,0,yes,no,,0,,no,no,no
fly_step_crouch_walk_plr_grass,raw\sound\fly\footsteps\run\grass\grass_run_00.LN65.pc.snd.wav,fly_gear_plr,loaded,bus_fx,grp_foley,snp_foley,,40,0,43,46,0,5000,5000,allon,default,allon,default,2,8,oldest,oldest,-180,180,70,70,0,1,2d,front,nonlooping,,1,0,0,0,0,0.25,no,yes,none,0,,no,,,yes,no,no,0,0,yes,no,,0,,no,no,no
fly_step_crouch_walk_plr_grass,raw\sound\fly\footsteps\run\grass\grass_run_01.LN65.pc.snd.wav,fly_gear_plr,loaded,bus_fx,grp_foley,snp_foley,,40,0,43,46,0,5000,5000,allon,default,allon,default,2,8,oldest,oldest,-180,180,70,70,0,1,2d,front,nonlooping,,1,0,0,0,0,0.25,no,yes,none,0,,no,,,yes,no,no,0,0,yes,no,,0,,no,no,no
fly_step_crouch_walk_plr_grass,raw\sound\fly\footsteps\run\grass\grass_run_02.LN65.pc.snd.wav,fly_gear_plr,loaded,bus_fx,grp_foley,snp_foley,,40,0,43,46,0,5000,5000,allon,default,allon,default,2,8,oldest,oldest,-180,180,70,70,0,1,2d,front,nonlooping,,1,0,0,0,0,0.25,no,yes,none,0,,no,,,yes,no,no,0,0,yes,no,,0,,no,no,no
fly_step_crouch_walk_plr_grass,raw\sound\fly\footsteps\run\grass\grass_run_03.LN65.pc.snd.wav,fly_gear_plr,loaded,bus_fx,grp_foley,snp_foley,,40,0,43,46,0,5000,5000,allon,default,allon,default,2,8,oldest,oldest,-180,180,70,70,0,1,2d,front,nonlooping,,1,0,0,0,0,0.25,no,yes,none,0,,no,,,yes,no,no,0,0,yes,no,,0,,no,no,no
fly_step_crouch_walk_plr_grass,raw\sound\fly\footsteps\run\grass\grass_run_04.LN65.pc.snd.wav,fly_gear_plr,loaded,bus_fx,grp_foley,snp_foley,,40,0,43,46,0,5000,5000,allon,default,allon,default,2,8,oldest,oldest,-180,180,70,70,0,1,2d,front,nonlooping,,1,0,0,0,0,0.25,no,yes,none,0,,no,,,yes,no,no,0,0,yes,no,,0,,no,no,no
fly_step_crouch_walk_plr_gravel,raw\sound\fly\footsteps\run\dirt\dirt_run_00.LN65.pc.snd.wav,fly_gear_plr,loaded,bus_fx,grp_foley,snp_foley,,40,0,43,46,0,5000,5000,allon,default,allon,default,2,8,oldest,oldest,-180,180,70,70,0,1,2d,front,nonlooping,,1,0,0,0,0,0.25,no,yes,none,0,,no,,,yes,no,no,0,0,yes,no,,0,,no,no,no
fly_step_crouch_walk_plr_gravel,raw\sound\fly\footsteps\run\dirt\dirt_run_01.LN65.pc.snd.wav,fly_gear_plr,loaded,bus_fx,grp_foley,snp_foley,,40,0,43,46,0,5000,5000,allon,default,allon,default,2,8,oldest,oldest,-180,180,70,70,0,1,2d,front,nonlooping,,1,0,0,0,0,0.25,no,yes,none,0,,no,,,yes,no,no,0,0,yes,no,,0,,no,no,no
fly_step_crouch_walk_plr_gravel,raw\sound\fly\footsteps\run\dirt\dirt_run_02.LN65.pc.snd.wav,fly_gear_plr,loaded,bus_fx,grp_foley,snp_foley,,40,0,43,46,0,5000,5000,allon,default,allon,default,2,8,oldest,oldest,-180,180,70,70,0,1,2d,front,nonlooping,,1,0,0,0,0,0.25,no,yes,none,0,,no,,,yes,no,no,0,0,yes,no,,0,,no,no,no
fly_step_crouch_walk_plr_gravel,raw\sound\fly\footsteps\run\dirt\dirt_run_03.LN65.pc.snd.wav,fly_gear_plr,loaded,bus_fx,grp_foley,snp_foley,,40,0,43,46,0,5000,5000,allon,default,allon,default,2,8,oldest,oldest,-180,180,70,70,0,1,2d,front,nonlooping,,1,0,0,0,0,0.25,no,yes,none,0,,no,,,yes,no,no,0,0,yes,no,,0,,no,no,no
fly_step_crouch_walk_plr_gravel,raw\sound\fly\footsteps\run\dirt\dirt_run_04.LN65.pc.snd.wav,fly_gear_plr,loaded,bus_fx,grp_foley,snp_foley,,40,0,43,46,0,5000,5000,allon,default,allon,default,2,8,oldest,oldest,-180,180,70,70,0,1,2d,front,nonlooping,,1,0,0,0,0,0.25,no,yes,none,0,,no,,,yes,no,no,0,0,yes,no,,0,,no,no,no
fly_step_crouch_walk_plr_ice,raw\sound\fly\footsteps\run\ice\ice_run_00.LN65.pc.snd.wav,fly_gear_plr,loaded,bus_fx,grp_foley,snp_foley,,40,0,43,46,0,5000,5000,allon,default,allon,default,2,8,oldest,oldest,-180,180,70,70,0,1,2d,front,nonlooping,,1,0,0,0,0,0.25,no,yes,none,0,,no,,,yes,no,no,0,0,yes,no,,0,,no,no,no
fly_step_crouch_walk_plr_ice,raw\sound\fly\footsteps\run\ice\ice_run_01.LN65.pc.snd.wav,fly_gear_plr,loaded,bus_fx,grp_foley,snp_foley,,40,0,43,46,0,5000,5000,allon,default,allon,default,2,8,oldest,oldest,-180,180,70,70,0,1,2d,front,nonlooping,,1,0,0,0,0,0.25,no,yes,none,0,,no,,,yes,no,no,0,0,yes,no,,0,,no,no,no
fly_step_crouch_walk_plr_ice,raw\sound\fly\footsteps\run\ice\ice_run_02.LN65.pc.snd.wav,fly_gear_plr,loaded,bus_fx,grp_foley,snp_foley,,40,0,43,46,0,5000,5000,allon,default,allon,default,2,8,oldest,oldest,-180,180,70,70,0,1,2d,front,nonlooping,,1,0,0,0,0,0.25,no,yes,none,0,,no,,,yes,no,no,0,0,yes,no,,0,,no,no,no
fly_step_crouch_walk_plr_ice,raw\sound\fly\footsteps\run\ice\ice_run_03.LN65.pc.snd.wav,fly_gear_plr,loaded,bus_fx,grp_foley,snp_foley,,40,0,43,46,0,5000,5000,allon,default,allon,default,2,8,oldest,oldest,-180,180,70,70,0,1,2d,front,nonlooping,,1,0,0,0,0,0.25,no,yes,none,0,,no,,,yes,no,no,0,0,yes,no,,0,,no,no,no
fly_step_crouch_walk_plr_metal,raw\sound\fly\footsteps\run\metal\metal_run_00.LN65.pc.snd.wav,fly_gear_plr,loaded,bus_fx,grp_foley,snp_foley,,40,0,43,46,0,5000,5000,allon,default,allon,default,2,8,oldest,oldest,-180,180,70,70,0,1,2d,front,nonlooping,,1,0,0,0,0,0.25,no,yes,none,0,,no,,,yes,no,no,0,0,yes,no,,0,,no,no,no
fly_step_crouch_walk_plr_metal,raw\sound\fly\footsteps\run\metal\metal_run_01.LN65.pc.snd.wav,fly_gear_plr,loaded,bus_fx,grp_foley,snp_foley,,40,0,43,46,0,5000,5000,allon,default,allon,default,2,8,oldest,oldest,-180,180,70,70,0,1,2d,front,nonlooping,,1,0,0,0,0,0.25,no,yes,none,0,,no,,,yes,no,no,0,0,yes,no,,0,,no,no,no
fly_step_crouch_walk_plr_metal,raw\sound\fly\footsteps\run\metal\metal_run_02.LN65.pc.snd.wav,fly_gear_plr,loaded,bus_fx,grp_foley,snp_foley,,40,0,43,46,0,5000,5000,allon,default,allon,default,2,8,oldest,oldest,-180,180,70,70,0,1,2d,front,nonlooping,,1,0,0,0,0,0.25,no,yes,none,0,,no,,,yes,no,no,0,0,yes,no,,0,,no,no,no
fly_step_crouch_walk_plr_metal,raw\sound\fly\footsteps\run\metal\metal_run_03.LN65.pc.snd.wav,fly_gear_plr,loaded,bus_fx,grp_foley,snp_foley,,40,0,43,46,0,5000,5000,allon,default,allon,default,2,8,oldest,oldest,-180,180,70,70,0,1,2d,front,nonlooping,,1,0,0,0,0,0.25,no,yes,none,0,,no,,,yes,no,no,0,0,yes,no,,0,,no,no,no
fly_step_crouch_walk_plr_metal,raw\sound\fly\footsteps\run\metal\metal_run_04.LN65.pc.snd.wav,fly_gear_plr,loaded,bus_fx,grp_foley,snp_foley,,40,0,43,46,0,5000,5000,allon,default,allon,default,2,8,oldest,oldest,-180,180,70,70,0,1,2d,front,nonlooping,,1,0,0,0,0,0.25,no,yes,none,0,,no,,,yes,no,no,0,0,yes,no,,0,,no,no,no
fly_step_crouch_walk_plr_mud,raw\sound\fly\footsteps\run\mud\mud_run_00.LN65.pc.snd.wav,fly_gear_plr,loaded,bus_fx,grp_foley,snp_foley,,40,0,43,46,0,5000,5000,allon,default,allon,default,2,8,oldest,oldest,-180,180,70,70,0,1,2d,front,nonlooping,,1,0,0,0,0,0.25,no,yes,none,0,,no,,,yes,no,no,0,0,yes,no,,0,,no,no,no
fly_step_crouch_walk_plr_mud,raw\sound\fly\footsteps\run\mud\mud_run_01.LN65.pc.snd.wav,fly_gear_plr,loaded,bus_fx,grp_foley,snp_foley,,40,0,43,46,0,5000,5000,allon,default,allon,default,2,8,oldest,oldest,-180,180,70,70,0,1,2d,front,nonlooping,,1,0,0,0,0,0.25,no,yes,none,0,,no,,,yes,no,no,0,0,yes,no,,0,,no,no,no
fly_step_crouch_walk_plr_mud,raw\sound\fly\footsteps\run\mud\mud_run_02.LN65.pc.snd.wav,fly_gear_plr,loaded,bus_fx,grp_foley,snp_foley,,40,0,43,46,0,5000,5000,allon,default,allon,default,2,8,oldest,oldest,-180,180,70,70,0,1,2d,front,nonlooping,,1,0,0,0,0,0.25,no,yes,none,0,,no,,,yes,no,no,0,0,yes,no,,0,,no,no,no
fly_step_crouch_walk_plr_mud,raw\sound\fly\footsteps\run\mud\mud_run_03.LN65.pc.snd.wav,fly_gear_plr,loaded,bus_fx,grp_foley,snp_foley,,40,0,43,46,0,5000,5000,allon,default,allon,default,2,8,oldest,oldest,-180,180,70,70,0,1,2d,front,nonlooping,,1,0,0,0,0,0.25,no,yes,none,0,,no,,,yes,no,no,0,0,yes,no,,0,,no,no,no
fly_step_crouch_walk_plr_paintedmetal,raw\sound\fly\footsteps\run\metal\metal_run_00.LN65.pc.snd.wav,fly_gear_plr,loaded,bus_fx,grp_foley,snp_foley,,40,0,43,46,0,5000,5000,allon,default,allon,default,2,8,oldest,oldest,-180,180,70,70,0,1,2d,front,nonlooping,,1,0,0,0,0,0.25,no,yes,none,0,,no,,,yes,no,no,0,0,yes,no,,0,,no,no,no
fly_step_crouch_walk_plr_paintedmetal,raw\sound\fly\footsteps\run\metal\metal_run_01.LN65.pc.snd.wav,fly_gear_plr,loaded,bus_fx,grp_foley,snp_foley,,40,0,43,46,0,5000,5000,allon,default,allon,default,2,8,oldest,oldest,-180,180,70,70,0,1,2d,front,nonlooping,,1,0,0,0,0,0.25,no,yes,none,0,,no,,,yes,no,no,0,0,yes,no,,0,,no,no,no
fly_step_crouch_walk_plr_paintedmetal,raw\sound\fly\footsteps\run\metal\metal_run_02.LN65.pc.snd.wav,fly_gear_plr,loaded,bus_fx,grp_foley,snp_foley,,40,0,43,46,0,5000,5000,allon,default,allon,default,2,8,oldest,oldest,-180,180,70,70,0,1,2d,front,nonlooping,,1,0,0,0,0,0.25,no,yes,none,0,,no,,,yes,no,no,0,0,yes,no,,0,,no,no,no
fly_step_crouch_walk_plr_paintedmetal,raw\sound\fly\footsteps\run\metal\metal_run_03.LN65.pc.snd.wav,fly_gear_plr,loaded,bus_fx,grp_foley,snp_foley,,40,0,43,46,0,5000,5000,allon,default,allon,default,2,8,oldest,oldest,-180,180,70,70,0,1,2d,front,nonlooping,,1,0,0,0,0,0.25,no,yes,none,0,,no,,,yes,no,no,0,0,yes,no,,0,,no,no,no
fly_step_crouch_walk_plr_paintedmetal,raw\sound\fly\footsteps\run\metal\metal_run_04.LN65.pc.snd.wav,fly_gear_plr,loaded,bus_fx,grp_foley,snp_foley,,40,0,43,46,0,5000,5000,allon,default,allon,default,2,8,oldest,oldest,-180,180,70,70,0,1,2d,front,nonlooping,,1,0,0,0,0,0.25,no,yes,none,0,,no,,,yes,no,no,0,0,yes,no,,0,,no,no,no
fly_step_crouch_walk_plr_paper,raw\sound\fly\footsteps\run\dirt\dirt_run_00.LN65.pc.snd.wav,fly_gear_plr,loaded,bus_fx,grp_foley,snp_foley,,40,0,43,46,0,5000,5000,allon,default,allon,default,2,8,oldest,oldest,-180,180,70,70,0,1,2d,front,nonlooping,,1,0,0,0,0,0.25,no,yes,none,0,,no,,,yes,no,no,0,0,yes,no,,0,,no,no,no
fly_step_crouch_walk_plr_paper,raw\sound\fly\footsteps\run\dirt\dirt_run_01.LN65.pc.snd.wav,fly_gear_plr,loaded,bus_fx,grp_foley,snp_foley,,40,0,43,46,0,5000,5000,allon,default,allon,default,2,8,oldest,oldest,-180,180,70,70,0,1,2d,front,nonlooping,,1,0,0,0,0,0.25,no,yes,none,0,,no,,,yes,no,no,0,0,yes,no,,0,,no,no,no
fly_step_crouch_walk_plr_paper,raw\sound\fly\footsteps\run\dirt\dirt_run_02.LN65.pc.snd.wav,fly_gear_plr,loaded,bus_fx,grp_foley,snp_foley,,40,0,43,46,0,5000,5000,allon,default,allon,default,2,8,oldest,oldest,-180,180,70,70,0,1,2d,front,nonlooping,,1,0,0,0,0,0.25,no,yes,none,0,,no,,,yes,no,no,0,0,yes,no,,0,,no,no,no
fly_step_crouch_walk_plr_paper,raw\sound\fly\footsteps\run\dirt\dirt_run_03.LN65.pc.snd.wav,fly_gear_plr,loaded,bus_fx,grp_foley,snp_foley,,40,0,43,46,0,5000,5000,allon,default,allon,default,2,8,oldest,oldest,-180,180,70,70,0,1,2d,front,nonlooping,,1,0,0,0,0,0.25,no,yes,none,0,,no,,,yes,no,no,0,0,yes,no,,0,,no,no,no
fly_step_crouch_walk_plr_paper,raw\sound\fly\footsteps\run\dirt\dirt_run_04.LN65.pc.snd.wav,fly_gear_plr,loaded,bus_fx,grp_foley,snp_foley,,40,0,43,46,0,5000,5000,allon,default,allon,default,2,8,oldest,oldest,-180,180,70,70,0,1,2d,front,nonlooping,,1,0,0,0,0,0.25,no,yes,none,0,,no,,,yes,no,no,0,0,yes,no,,0,,no,no,no
fly_step_crouch_walk_plr_plaster,raw\sound\fly\footsteps\run\carpet\carpet_run_00.LN65.pc.snd.wav,fly_gear_plr,loaded,bus_fx,grp_foley,snp_foley,,40,0,43,46,0,5000,5000,allon,default,allon,default,2,8,oldest,oldest,-180,180,70,70,0,1,2d,front,nonlooping,,1,0,0,0,0,0.25,no,yes,none,0,,no,,,yes,no,no,0,0,yes,no,,0,,no,no,no
fly_step_crouch_walk_plr_plaster,raw\sound\fly\footsteps\run\carpet\carpet_run_01.LN65.pc.snd.wav,fly_gear_plr,loaded,bus_fx,grp_foley,snp_foley,,40,0,43,46,0,5000,5000,allon,default,allon,default,2,8,oldest,oldest,-180,180,70,70,0,1,2d,front,nonlooping,,1,0,0,0,0,0.25,no,yes,none,0,,no,,,yes,no,no,0,0,yes,no,,0,,no,no,no
fly_step_crouch_walk_plr_plaster,raw\sound\fly\footsteps\run\carpet\carpet_run_02.LN65.pc.snd.wav,fly_gear_plr,loaded,bus_fx,grp_foley,snp_foley,,40,0,43,46,0,5000,5000,allon,default,allon,default,2,8,oldest,oldest,-180,180,70,70,0,1,2d,front,nonlooping,,1,0,0,0,0,0.25,no,yes,none,0,,no,,,yes,no,no,0,0,yes,no,,0,,no,no,no
fly_step_crouch_walk_plr_plaster,raw\sound\fly\footsteps\run\carpet\carpet_run_03.LN65.pc.snd.wav,fly_gear_plr,loaded,bus_fx,grp_foley,snp_foley,,40,0,43,46,0,5000,5000,allon,default,allon,default,2,8,oldest,oldest,-180,180,70,70,0,1,2d,front,nonlooping,,1,0,0,0,0,0.25,no,yes,none,0,,no,,,yes,no,no,0,0,yes,no,,0,,no,no,no
fly_step_crouch_walk_plr_plaster,raw\sound\fly\footsteps\run\carpet\carpet_run_04.LN65.pc.snd.wav,fly_gear_plr,loaded,bus_fx,grp_foley,snp_foley,,40,0,43,46,0,5000,5000,allon,default,allon,default,2,8,oldest,oldest,-180,180,70,70,0,1,2d,front,nonlooping,,1,0,0,0,0,0.25,no,yes,none,0,,no,,,yes,no,no,0,0,yes,no,,0,,no,no,no
fly_step_crouch_walk_plr_plaster,raw\sound\fly\footsteps\run\carpet\carpet_run_05.LN65.pc.snd.wav,fly_gear_plr,loaded,bus_fx,grp_foley,snp_foley,,40,0,43,46,0,5000,5000,allon,default,allon,default,2,8,oldest,oldest,-180,180,70,70,0,1,2d,front,nonlooping,,1,0,0,0,0,0.25,no,yes,none,0,,no,,,yes,no,no,0,0,yes,no,,0,,no,no,no
fly_step_crouch_walk_plr_plaster,raw\sound\fly\footsteps\run\carpet\carpet_run_06.LN65.pc.snd.wav,fly_gear_plr,loaded,bus_fx,grp_foley,snp_foley,,40,0,43,46,0,5000,5000,allon,default,allon,default,2,8,oldest,oldest,-180,180,70,70,0,1,2d,front,nonlooping,,1,0,0,0,0,0.25,no,yes,none,0,,no,,,yes,no,no,0,0,yes,no,,0,,no,no,no
fly_step_crouch_walk_plr_plastic,raw\sound\fly\footsteps\run\carpet\carpet_run_00.LN65.pc.snd.wav,fly_gear_plr,loaded,bus_fx,grp_foley,snp_foley,,40,0,43,46,0,5000,5000,allon,default,allon,default,2,8,oldest,oldest,-180,180,70,70,0,1,2d,front,nonlooping,,1,0,0,0,0,0.25,no,yes,none,0,,no,,,yes,no,no,0,0,yes,no,,0,,no,no,no
fly_step_crouch_walk_plr_plastic,raw\sound\fly\footsteps\run\carpet\carpet_run_01.LN65.pc.snd.wav,fly_gear_plr,loaded,bus_fx,grp_foley,snp_foley,,40,0,43,46,0,5000,5000,allon,default,allon,default,2,8,oldest,oldest,-180,180,70,70,0,1,2d,front,nonlooping,,1,0,0,0,0,0.25,no,yes,none,0,,no,,,yes,no,no,0,0,yes,no,,0,,no,no,no
fly_step_crouch_walk_plr_plastic,raw\sound\fly\footsteps\run\carpet\carpet_run_02.LN65.pc.snd.wav,fly_gear_plr,loaded,bus_fx,grp_foley,snp_foley,,40,0,43,46,0,5000,5000,allon,default,allon,default,2,8,oldest,oldest,-180,180,70,70,0,1,2d,front,nonlooping,,1,0,0,0,0,0.25,no,yes,none,0,,no,,,yes,no,no,0,0,yes,no,,0,,no,no,no
fly_step_crouch_walk_plr_plastic,raw\sound\fly\footsteps\run\carpet\carpet_run_03.LN65.pc.snd.wav,fly_gear_plr,loaded,bus_fx,grp_foley,snp_foley,,40,0,43,46,0,5000,5000,allon,default,allon,default,2,8,oldest,oldest,-180,180,70,70,0,1,2d,front,nonlooping,,1,0,0,0,0,0.25,no,yes,none,0,,no,,,yes,no,no,0,0,yes,no,,0,,no,no,no
fly_step_crouch_walk_plr_plastic,raw\sound\fly\footsteps\run\carpet\carpet_run_04.LN65.pc.snd.wav,fly_gear_plr,loaded,bus_fx,grp_foley,snp_foley,,40,0,43,46,0,5000,5000,allon,default,allon,default,2,8,oldest,oldest,-180,180,70,70,0,1,2d,front,nonlooping,,1,0,0,0,0,0.25,no,yes,none,0,,no,,,yes,no,no,0,0,yes,no,,0,,no,no,no
fly_step_crouch_walk_plr_plastic,raw\sound\fly\footsteps\run\carpet\carpet_run_05.LN65.pc.snd.wav,fly_gear_plr,loaded,bus_fx,grp_foley,snp_foley,,40,0,43,46,0,5000,5000,allon,default,allon,default,2,8,oldest,oldest,-180,180,70,70,0,1,2d,front,nonlooping,,1,0,0,0,0,0.25,no,yes,none,0,,no,,,yes,no,no,0,0,yes,no,,0,,no,no,no
fly_step_crouch_walk_plr_plastic,raw\sound\fly\footsteps\run\carpet\carpet_run_06.LN65.pc.snd.wav,fly_gear_plr,loaded,bus_fx,grp_foley,snp_foley,,40,0,43,46,0,5000,5000,allon,default,allon,default,2,8,oldest,oldest,-180,180,70,70,0,1,2d,front,nonlooping,,1,0,0,0,0,0.25,no,yes,none,0,,no,,,yes,no,no,0,0,yes,no,,0,,no,no,no
fly_step_crouch_walk_plr_rock,raw\sound\fly\footsteps\run\concrete\concrete_run_00.LN65.pc.snd.wav,fly_gear_plr,loaded,bus_fx,grp_foley,snp_foley,,40,0,43,46,0,5000,5000,allon,default,allon,default,2,8,oldest,oldest,-180,180,70,70,0,1,2d,front,nonlooping,,1,0,0,0,0,0.25,no,yes,none,0,,no,,,yes,no,no,0,0,yes,no,,0,,no,no,no
fly_step_crouch_walk_plr_rock,raw\sound\fly\footsteps\run\concrete\concrete_run_01.LN65.pc.snd.wav,fly_gear_plr,loaded,bus_fx,grp_foley,snp_foley,,40,0,43,46,0,5000,5000,allon,default,allon,default,2,8,oldest,oldest,-180,180,70,70,0,1,2d,front,nonlooping,,1,0,0,0,0,0.25,no,yes,none,0,,no,,,yes,no,no,0,0,yes,no,,0,,no,no,no
fly_step_crouch_walk_plr_rock,raw\sound\fly\footsteps\run\concrete\concrete_run_02.LN65.pc.snd.wav,fly_gear_plr,loaded,bus_fx,grp_foley,snp_foley,,40,0,43,46,0,5000,5000,allon,default,allon,default,2,8,oldest,oldest,-180,180,70,70,0,1,2d,front,nonlooping,,1,0,0,0,0,0.25,no,yes,none,0,,no,,,yes,no,no,0,0,yes,no,,0,,no,no,no
fly_step_crouch_walk_plr_rock,raw\sound\fly\footsteps\run\concrete\concrete_run_03.LN65.pc.snd.wav,fly_gear_plr,loaded,bus_fx,grp_foley,snp_foley,,40,0,43,46,0,5000,5000,allon,default,allon,default,2,8,oldest,oldest,-180,180,70,70,0,1,2d,front,nonlooping,,1,0,0,0,0,0.25,no,yes,none,0,,no,,,yes,no,no,0,0,yes,no,,0,,no,no,no
fly_step_crouch_walk_plr_rock,raw\sound\fly\footsteps\run\concrete\concrete_run_04.LN65.pc.snd.wav,fly_gear_plr,loaded,bus_fx,grp_foley,snp_foley,,40,0,43,46,0,5000,5000,allon,default,allon,default,2,8,oldest,oldest,-180,180,70,70,0,1,2d,front,nonlooping,,1,0,0,0,0,0.25,no,yes,none,0,,no,,,yes,no,no,0,0,yes,no,,0,,no,no,no
fly_step_crouch_walk_plr_rock,raw\sound\fly\footsteps\run\concrete\concrete_run_05.LN65.pc.snd.wav,fly_gear_plr,loaded,bus_fx,grp_foley,snp_foley,,40,0,43,46,0,5000,5000,allon,default,allon,default,2,8,oldest,oldest,-180,180,70,70,0,1,2d,front,nonlooping,,1,0,0,0,0,0.25,no,yes,none,0,,no,,,yes,no,no,0,0,yes,no,,0,,no,no,no
fly_step_crouch_walk_plr_rubber,raw\sound\fly\footsteps\run\carpet\carpet_run_00.LN65.pc.snd.wav,fly_gear_plr,loaded,bus_fx,grp_foley,snp_foley,,40,0,43,46,0,5000,5000,allon,default,allon,default,2,8,oldest,oldest,-180,180,70,70,0,1,2d,front,nonlooping,,1,0,0,0,0,0.25,no,yes,none,0,,no,,,yes,no,no,0,0,yes,no,,0,,no,no,no
fly_step_crouch_walk_plr_rubber,raw\sound\fly\footsteps\run\carpet\carpet_run_01.LN65.pc.snd.wav,fly_gear_plr,loaded,bus_fx,grp_foley,snp_foley,,40,0,43,46,0,5000,5000,allon,default,allon,default,2,8,oldest,oldest,-180,180,70,70,0,1,2d,front,nonlooping,,1,0,0,0,0,0.25,no,yes,none,0,,no,,,yes,no,no,0,0,yes,no,,0,,no,no,no
fly_step_crouch_walk_plr_rubber,raw\sound\fly\footsteps\run\carpet\carpet_run_02.LN65.pc.snd.wav,fly_gear_plr,loaded,bus_fx,grp_foley,snp_foley,,40,0,43,46,0,5000,5000,allon,default,allon,default,2,8,oldest,oldest,-180,180,70,70,0,1,2d,front,nonlooping,,1,0,0,0,0,0.25,no,yes,none,0,,no,,,yes,no,no,0,0,yes,no,,0,,no,no,no
fly_step_crouch_walk_plr_rubber,raw\sound\fly\footsteps\run\carpet\carpet_run_03.LN65.pc.snd.wav,fly_gear_plr,loaded,bus_fx,grp_foley,snp_foley,,40,0,43,46,0,5000,5000,allon,default,allon,default,2,8,oldest,oldest,-180,180,70,70,0,1,2d,front,nonlooping,,1,0,0,0,0,0.25,no,yes,none,0,,no,,,yes,no,no,0,0,yes,no,,0,,no,no,no
fly_step_crouch_walk_plr_rubber,raw\sound\fly\footsteps\run\carpet\carpet_run_04.LN65.pc.snd.wav,fly_gear_plr,loaded,bus_fx,grp_foley,snp_foley,,40,0,43,46,0,5000,5000,allon,default,allon,default,2,8,oldest,oldest,-180,180,70,70,0,1,2d,front,nonlooping,,1,0,0,0,0,0.25,no,yes,none,0,,no,,,yes,no,no,0,0,yes,no,,0,,no,no,no
fly_step_crouch_walk_plr_rubber,raw\sound\fly\footsteps\run\carpet\carpet_run_05.LN65.pc.snd.wav,fly_gear_plr,loaded,bus_fx,grp_foley,snp_foley,,40,0,43,46,0,5000,5000,allon,default,allon,default,2,8,oldest,oldest,-180,180,70,70,0,1,2d,front,nonlooping,,1,0,0,0,0,0.25,no,yes,none,0,,no,,,yes,no,no,0,0,yes,no,,0,,no,no,no
fly_step_crouch_walk_plr_rubber,raw\sound\fly\footsteps\run\carpet\carpet_run_06.LN65.pc.snd.wav,fly_gear_plr,loaded,bus_fx,grp_foley,snp_foley,,40,0,43,46,0,5000,5000,allon,default,allon,default,2,8,oldest,oldest,-180,180,70,70,0,1,2d,front,nonlooping,,1,0,0,0,0,0.25,no,yes,none,0,,no,,,yes,no,no,0,0,yes,no,,0,,no,no,no
fly_step_crouch_walk_plr_sand,raw\sound\fly\footsteps\run\dirt\dirt_run_00.LN65.pc.snd.wav,fly_gear_plr,loaded,bus_fx,grp_foley,snp_foley,,40,0,43,46,0,5000,5000,allon,default,allon,default,2,8,oldest,oldest,-180,180,70,70,0,1,2d,front,nonlooping,,1,0,0,0,0,0.25,no,yes,none,0,,no,,,yes,no,no,0,0,yes,no,,0,,no,no,no
fly_step_crouch_walk_plr_sand,raw\sound\fly\footsteps\run\dirt\dirt_run_01.LN65.pc.snd.wav,fly_gear_plr,loaded,bus_fx,grp_foley,snp_foley,,40,0,43,46,0,5000,5000,allon,default,allon,default,2,8,oldest,oldest,-180,180,70,70,0,1,2d,front,nonlooping,,1,0,0,0,0,0.25,no,yes,none,0,,no,,,yes,no,no,0,0,yes,no,,0,,no,no,no
fly_step_crouch_walk_plr_sand,raw\sound\fly\footsteps\run\dirt\dirt_run_02.LN65.pc.snd.wav,fly_gear_plr,loaded,bus_fx,grp_foley,snp_foley,,40,0,43,46,0,5000,5000,allon,default,allon,default,2,8,oldest,oldest,-180,180,70,70,0,1,2d,front,nonlooping,,1,0,0,0,0,0.25,no,yes,none,0,,no,,,yes,no,no,0,0,yes,no,,0,,no,no,no
fly_step_crouch_walk_plr_sand,raw\sound\fly\footsteps\run\dirt\dirt_run_03.LN65.pc.snd.wav,fly_gear_plr,loaded,bus_fx,grp_foley,snp_foley,,40,0,43,46,0,5000,5000,allon,default,allon,default,2,8,oldest,oldest,-180,180,70,70,0,1,2d,front,nonlooping,,1,0,0,0,0,0.25,no,yes,none,0,,no,,,yes,no,no,0,0,yes,no,,0,,no,no,no
fly_step_crouch_walk_plr_sand,raw\sound\fly\footsteps\run\dirt\dirt_run_04.LN65.pc.snd.wav,fly_gear_plr,loaded,bus_fx,grp_foley,snp_foley,,40,0,43,46,0,5000,5000,allon,default,allon,default,2,8,oldest,oldest,-180,180,70,70,0,1,2d,front,nonlooping,,1,0,0,0,0,0.25,no,yes,none,0,,no,,,yes,no,no,0,0,yes,no,,0,,no,no,no
fly_step_crouch_walk_plr_snow,raw\sound\fly\footsteps\run\snow\snow_run_00.LN65.pc.snd.wav,fly_gear_plr,loaded,bus_fx,grp_foley,snp_foley,,40,0,43,46,0,5000,5000,allon,default,allon,default,2,8,oldest,oldest,-180,180,70,70,0,1,2d,front,nonlooping,,1,0,0,0,0,0.25,no,yes,none,0,,no,,,yes,no,no,0,0,yes,no,,0,,no,no,no
fly_step_crouch_walk_plr_snow,raw\sound\fly\footsteps\run\snow\snow_run_01.LN65.pc.snd.wav,fly_gear_plr,loaded,bus_fx,grp_foley,snp_foley,,40,0,43,46,0,5000,5000,allon,default,allon,default,2,8,oldest,oldest,-180,180,70,70,0,1,2d,front,nonlooping,,1,0,0,0,0,0.25,no,yes,none,0,,no,,,yes,no,no,0,0,yes,no,,0,,no,no,no
fly_step_crouch_walk_plr_snow,raw\sound\fly\footsteps\run\snow\snow_run_02.LN65.pc.snd.wav,fly_gear_plr,loaded,bus_fx,grp_foley,snp_foley,,40,0,43,46,0,5000,5000,allon,default,allon,default,2,8,oldest,oldest,-180,180,70,70,0,1,2d,front,nonlooping,,1,0,0,0,0,0.25,no,yes,none,0,,no,,,yes,no,no,0,0,yes,no,,0,,no,no,no
fly_step_crouch_walk_plr_snow,raw\sound\fly\footsteps\run\snow\snow_run_03.LN65.pc.snd.wav,fly_gear_plr,loaded,bus_fx,grp_foley,snp_foley,,40,0,43,46,0,5000,5000,allon,default,allon,default,2,8,oldest,oldest,-180,180,70,70,0,1,2d,front,nonlooping,,1,0,0,0,0,0.25,no,yes,none,0,,no,,,yes,no,no,0,0,yes,no,,0,,no,no,no
fly_step_crouch_walk_plr_snow,raw\sound\fly\footsteps\run\snow\snow_run_04.LN65.pc.snd.wav,fly_gear_plr,loaded,bus_fx,grp_foley,snp_foley,,40,0,43,46,0,5000,5000,allon,default,allon,default,2,8,oldest,oldest,-180,180,70,70,0,1,2d,front,nonlooping,,1,0,0,0,0,0.25,no,yes,none,0,,no,,,yes,no,no,0,0,yes,no,,0,,no,no,no
fly_step_crouch_walk_plr_water,raw\sound\fly\footsteps\run\water\water_run_00.LN65.pc.snd.wav,fly_gear_plr,loaded,bus_fx,grp_foley,snp_foley,,40,0,43,46,0,5000,5000,allon,default,allon,default,2,8,oldest,oldest,-180,180,70,70,0,1,2d,front,nonlooping,,1,0,0,0,0,0.25,no,yes,none,0,,no,,,yes,no,no,0,0,yes,no,,0,,no,no,no
fly_step_crouch_walk_plr_water,raw\sound\fly\footsteps\run\water\water_run_01.LN65.pc.snd.wav,fly_gear_plr,loaded,bus_fx,grp_foley,snp_foley,,40,0,43,46,0,5000,5000,allon,default,allon,default,2,8,oldest,oldest,-180,180,70,70,0,1,2d,front,nonlooping,,1,0,0,0,0,0.25,no,yes,none,0,,no,,,yes,no,no,0,0,yes,no,,0,,no,no,no
fly_step_crouch_walk_plr_water,raw\sound\fly\footsteps\run\water\water_run_02.LN65.pc.snd.wav,fly_gear_plr,loaded,bus_fx,grp_foley,snp_foley,,40,0,43,46,0,5000,5000,allon,default,allon,default,2,8,oldest,oldest,-180,180,70,70,0,1,2d,front,nonlooping,,1,0,0,0,0,0.25,no,yes,none,0,,no,,,yes,no,no,0,0,yes,no,,0,,no,no,no
fly_step_crouch_walk_plr_water,raw\sound\fly\footsteps\run\water\water_run_03.LN65.pc.snd.wav,fly_gear_plr,loaded,bus_fx,grp_foley,snp_foley,,40,0,43,46,0,5000,5000,allon,default,allon,default,2,8,oldest,oldest,-180,180,70,70,0,1,2d,front,nonlooping,,1,0,0,0,0,0.25,no,yes,none,0,,no,,,yes,no,no,0,0,yes,no,,0,,no,no,no
fly_step_crouch_walk_plr_water,raw\sound\fly\footsteps\run\water\water_run_04.LN65.pc.snd.wav,fly_gear_plr,loaded,bus_fx,grp_foley,snp_foley,,40,0,43,46,0,5000,5000,allon,default,allon,default,2,8,oldest,oldest,-180,180,70,70,0,1,2d,front,nonlooping,,1,0,0,0,0,0.25,no,yes,none,0,,no,,,yes,no,no,0,0,yes,no,,0,,no,no,no
fly_step_crouch_walk_plr_wood,raw\sound\fly\footsteps\run\wood\wood_run_00.LN65.pc.snd.wav,fly_gear_plr,loaded,bus_fx,grp_foley,snp_foley,,40,0,43,46,0,5000,5000,allon,default,allon,default,2,8,oldest,oldest,-180,180,70,70,0,1,2d,front,nonlooping,,1,0,0,0,0,0.25,no,yes,none,0,,no,,,yes,no,no,0,0,yes,no,,0,,no,no,no
fly_step_crouch_walk_plr_wood,raw\sound\fly\footsteps\run\wood\wood_run_01.LN65.pc.snd.wav,fly_gear_plr,loaded,bus_fx,grp_foley,snp_foley,,40,0,43,46,0,5000,5000,allon,default,allon,default,2,8,oldest,oldest,-180,180,70,70,0,1,2d,front,nonlooping,,1,0,0,0,0,0.25,no,yes,none,0,,no,,,yes,no,no,0,0,yes,no,,0,,no,no,no
fly_step_crouch_walk_plr_wood,raw\sound\fly\footsteps\run\wood\wood_run_02.LN65.pc.snd.wav,fly_gear_plr,loaded,bus_fx,grp_foley,snp_foley,,40,0,43,46,0,5000,5000,allon,default,allon,default,2,8,oldest,oldest,-180,180,70,70,0,1,2d,front,nonlooping,,1,0,0,0,0,0.25,no,yes,none,0,,no,,,yes,no,no,0,0,yes,no,,0,,no,no,no
fly_step_crouch_walk_plr_wood,raw\sound\fly\footsteps\run\wood\wood_run_03.LN65.pc.snd.wav,fly_gear_plr,loaded,bus_fx,grp_foley,snp_foley,,40,0,43,46,0,5000,5000,allon,default,allon,default,2,8,oldest,oldest,-180,180,70,70,0,1,2d,front,nonlooping,,1,0,0,0,0,0.25,no,yes,none,0,,no,,,yes,no,no,0,0,yes,no,,0,,no,no,no
fly_step_crouch_walk_plr_wood,raw\sound\fly\footsteps\run\wood\wood_run_04.LN65.pc.snd.wav,fly_gear_plr,loaded,bus_fx,grp_foley,snp_foley,,40,0,43,46,0,5000,5000,allon,default,allon,default,2,8,oldest,oldest,-180,180,70,70,0,1,2d,front,nonlooping,,1,0,0,0,0,0.25,no,yes,none,0,,no,,,yes,no,no,0,0,yes,no,,0,,no,no,no
fly_step_crouch_walk_plr_wood,raw\sound\fly\footsteps\run\wood\wood_run_05.LN65.pc.snd.wav,fly_gear_plr,loaded,bus_fx,grp_foley,snp_foley,,40,0,43,46,0,5000,5000,allon,default,allon,default,2,8,oldest,oldest,-180,180,70,70,0,1,2d,front,nonlooping,,1,0,0,0,0,0.25,no,yes,none,0,,no,,,yes,no,no,0,0,yes,no,,0,,no,no,no
fly_step_prone_plr_asphalt,raw\sound\fly\footsteps\prone\drag\drag_00.LN65.pc.snd.wav,,loaded,bus_fx,grp_foley,snp_foley,,60,0,60,63,0,5000,5000,allon,default,allon,default,2,8,oldest,oldest,-80,70,70,70,0,1,2d,front,nonlooping,,1,0,0,0,0,0.25,no,yes,none,0,,no,,,yes,no,no,0,0,yes,no,,0,,no,no,no
fly_step_prone_plr_asphalt,raw\sound\fly\footsteps\prone\drag\drag_01.LN65.pc.snd.wav,,loaded,bus_fx,grp_foley,snp_foley,,60,0,60,63,0,5000,5000,allon,default,allon,default,2,8,oldest,oldest,-80,70,70,70,0,1,2d,front,nonlooping,,1,0,0,0,0,0.25,no,yes,none,0,,no,,,yes,no,no,0,0,yes,no,,0,,no,no,no
fly_step_prone_plr_asphalt,raw\sound\fly\footsteps\prone\drag\drag_02.LN65.pc.snd.wav,,loaded,bus_fx,grp_foley,snp_foley,,60,0,60,63,0,5000,5000,allon,default,allon,default,2,8,oldest,oldest,-80,70,70,70,0,1,2d,front,nonlooping,,1,0,0,0,0,0.25,no,yes,none,0,,no,,,yes,no,no,0,0,yes,no,,0,,no,no,no
fly_step_prone_plr_bark,raw\sound\fly\footsteps\prone\drag\drag_00.LN65.pc.snd.wav,,loaded,bus_fx,grp_foley,snp_foley,,60,0,60,63,0,5000,5000,allon,default,allon,default,2,8,oldest,oldest,-80,70,70,70,0,1,2d,front,nonlooping,,1,0,0,0,0,0.25,no,yes,none,0,,no,,,yes,no,no,0,0,yes,no,,0,,no,no,no
fly_step_prone_plr_bark,raw\sound\fly\footsteps\prone\drag\drag_01.LN65.pc.snd.wav,,loaded,bus_fx,grp_foley,snp_foley,,60,0,60,63,0,5000,5000,allon,default,allon,default,2,8,oldest,oldest,-80,70,70,70,0,1,2d,front,nonlooping,,1,0,0,0,0,0.25,no,yes,none,0,,no,,,yes,no,no,0,0,yes,no,,0,,no,no,no
fly_step_prone_plr_bark,raw\sound\fly\footsteps\prone\drag\drag_02.LN65.pc.snd.wav,,loaded,bus_fx,grp_foley,snp_foley,,60,0,60,63,0,5000,5000,allon,default,allon,default,2,8,oldest,oldest,-80,70,70,70,0,1,2d,front,nonlooping,,1,0,0,0,0,0.25,no,yes,none,0,,no,,,yes,no,no,0,0,yes,no,,0,,no,no,no
fly_step_prone_plr_brick,raw\sound\fly\footsteps\prone\drag\drag_00.LN65.pc.snd.wav,,loaded,bus_fx,grp_foley,snp_foley,,60,0,60,63,0,5000,5000,allon,default,allon,default,2,8,oldest,oldest,-80,70,70,70,0,1,2d,front,nonlooping,,1,0,0,0,0,0.25,no,yes,none,0,,no,,,yes,no,no,0,0,yes,no,,0,,no,no,no
fly_step_prone_plr_brick,raw\sound\fly\footsteps\prone\drag\drag_01.LN65.pc.snd.wav,,loaded,bus_fx,grp_foley,snp_foley,,60,0,60,63,0,5000,5000,allon,default,allon,default,2,8,oldest,oldest,-80,70,70,70,0,1,2d,front,nonlooping,,1,0,0,0,0,0.25,no,yes,none,0,,no,,,yes,no,no,0,0,yes,no,,0,,no,no,no
fly_step_prone_plr_brick,raw\sound\fly\footsteps\prone\drag\drag_02.LN65.pc.snd.wav,,loaded,bus_fx,grp_foley,snp_foley,,60,0,60,63,0,5000,5000,allon,default,allon,default,2,8,oldest,oldest,-80,70,70,70,0,1,2d,front,nonlooping,,1,0,0,0,0,0.25,no,yes,none,0,,no,,,yes,no,no,0,0,yes,no,,0,,no,no,no
fly_step_prone_plr_carpet,raw\sound\fly\footsteps\prone\drag\drag_00.LN65.pc.snd.wav,,loaded,bus_fx,grp_foley,snp_foley,,60,0,60,63,0,5000,5000,allon,default,allon,default,2,8,oldest,oldest,-80,70,70,70,0,1,2d,front,nonlooping,,1,0,0,0,0,0.25,no,yes,none,0,,no,,,yes,no,no,0,0,yes,no,,0,,no,no,no
fly_step_prone_plr_carpet,raw\sound\fly\footsteps\prone\drag\drag_01.LN65.pc.snd.wav,,loaded,bus_fx,grp_foley,snp_foley,,60,0,60,63,0,5000,5000,allon,default,allon,default,2,8,oldest,oldest,-80,70,70,70,0,1,2d,front,nonlooping,,1,0,0,0,0,0.25,no,yes,none,0,,no,,,yes,no,no,0,0,yes,no,,0,,no,no,no
fly_step_prone_plr_carpet,raw\sound\fly\footsteps\prone\drag\drag_02.LN65.pc.snd.wav,,loaded,bus_fx,grp_foley,snp_foley,,60,0,60,63,0,5000,5000,allon,default,allon,default,2,8,oldest,oldest,-80,70,70,70,0,1,2d,front,nonlooping,,1,0,0,0,0,0.25,no,yes,none,0,,no,,,yes,no,no,0,0,yes,no,,0,,no,no,no
fly_step_prone_plr_ceramic,raw\sound\fly\footsteps\prone\drag\drag_00.LN65.pc.snd.wav,,loaded,bus_fx,grp_foley,snp_foley,,60,0,60,63,0,5000,5000,allon,default,allon,default,2,8,oldest,oldest,-80,70,70,70,0,1,2d,front,nonlooping,,1,0,0,0,0,0.25,no,yes,none,0,,no,,,yes,no,no,0,0,yes,no,,0,,no,no,no
fly_step_prone_plr_ceramic,raw\sound\fly\footsteps\prone\drag\drag_01.LN65.pc.snd.wav,,loaded,bus_fx,grp_foley,snp_foley,,60,0,60,63,0,5000,5000,allon,default,allon,default,2,8,oldest,oldest,-80,70,70,70,0,1,2d,front,nonlooping,,1,0,0,0,0,0.25,no,yes,none,0,,no,,,yes,no,no,0,0,yes,no,,0,,no,no,no
fly_step_prone_plr_ceramic,raw\sound\fly\footsteps\prone\drag\drag_02.LN65.pc.snd.wav,,loaded,bus_fx,grp_foley,snp_foley,,60,0,60,63,0,5000,5000,allon,default,allon,default,2,8,oldest,oldest,-80,70,70,70,0,1,2d,front,nonlooping,,1,0,0,0,0,0.25,no,yes,none,0,,no,,,yes,no,no,0,0,yes,no,,0,,no,no,no
fly_step_prone_plr_cloth,raw\sound\fly\footsteps\prone\drag\drag_00.LN65.pc.snd.wav,,loaded,bus_fx,grp_foley,snp_foley,,60,0,60,63,0,5000,5000,allon,default,allon,default,2,8,oldest,oldest,-80,70,70,70,0,1,2d,front,nonlooping,,1,0,0,0,0,0.25,no,yes,none,0,,no,,,yes,no,no,0,0,yes,no,,0,,no,no,no
fly_step_prone_plr_cloth,raw\sound\fly\footsteps\prone\drag\drag_01.LN65.pc.snd.wav,,loaded,bus_fx,grp_foley,snp_foley,,60,0,60,63,0,5000,5000,allon,default,allon,default,2,8,oldest,oldest,-80,70,70,70,0,1,2d,front,nonlooping,,1,0,0,0,0,0.25,no,yes,none,0,,no,,,yes,no,no,0,0,yes,no,,0,,no,no,no
fly_step_prone_plr_cloth,raw\sound\fly\footsteps\prone\drag\drag_02.LN65.pc.snd.wav,,loaded,bus_fx,grp_foley,snp_foley,,60,0,60,63,0,5000,5000,allon,default,allon,default,2,8,oldest,oldest,-80,70,70,70,0,1,2d,front,nonlooping,,1,0,0,0,0,0.25,no,yes,none,0,,no,,,yes,no,no,0,0,yes,no,,0,,no,no,no
fly_step_prone_plr_concrete,raw\sound\fly\footsteps\prone\drag\drag_00.LN65.pc.snd.wav,,loaded,bus_fx,grp_foley,snp_foley,,60,0,60,63,0,5000,5000,allon,default,allon,default,2,8,oldest,oldest,-80,70,70,70,0,1,2d,front,nonlooping,,1,0,0,0,0,0.25,no,yes,none,0,,no,,,yes,no,no,0,0,yes,no,,0,,no,no,no
fly_step_prone_plr_concrete,raw\sound\fly\footsteps\prone\drag\drag_01.LN65.pc.snd.wav,,loaded,bus_fx,grp_foley,snp_foley,,60,0,60,63,0,5000,5000,allon,default,allon,default,2,8,oldest,oldest,-80,70,70,70,0,1,2d,front,nonlooping,,1,0,0,0,0,0.25,no,yes,none,0,,no,,,yes,no,no,0,0,yes,no,,0,,no,no,no
fly_step_prone_plr_concrete,raw\sound\fly\footsteps\prone\drag\drag_02.LN65.pc.snd.wav,,loaded,bus_fx,grp_foley,snp_foley,,60,0,60,63,0,5000,5000,allon,default,allon,default,2,8,oldest,oldest,-80,70,70,70,0,1,2d,front,nonlooping,,1,0,0,0,0,0.25,no,yes,none,0,,no,,,yes,no,no,0,0,yes,no,,0,,no,no,no
fly_step_prone_plr_cushion,raw\sound\fly\footsteps\prone\drag\drag_00.LN65.pc.snd.wav,,loaded,bus_fx,grp_foley,snp_foley,,60,0,60,63,0,5000,5000,allon,default,allon,default,2,8,oldest,oldest,-80,70,70,70,0,1,2d,front,nonlooping,,1,0,0,0,0,0.25,no,yes,none,0,,no,,,yes,no,no,0,0,yes,no,,0,,no,no,no
fly_step_prone_plr_cushion,raw\sound\fly\footsteps\prone\drag\drag_01.LN65.pc.snd.wav,,loaded,bus_fx,grp_foley,snp_foley,,60,0,60,63,0,5000,5000,allon,default,allon,default,2,8,oldest,oldest,-80,70,70,70,0,1,2d,front,nonlooping,,1,0,0,0,0,0.25,no,yes,none,0,,no,,,yes,no,no,0,0,yes,no,,0,,no,no,no
fly_step_prone_plr_cushion,raw\sound\fly\footsteps\prone\drag\drag_02.LN65.pc.snd.wav,,loaded,bus_fx,grp_foley,snp_foley,,60,0,60,63,0,5000,5000,allon,default,allon,default,2,8,oldest,oldest,-80,70,70,70,0,1,2d,front,nonlooping,,1,0,0,0,0,0.25,no,yes,none,0,,no,,,yes,no,no,0,0,yes,no,,0,,no,no,no
fly_step_prone_plr_default,raw\sound\fly\footsteps\prone\drag\drag_00.LN65.pc.snd.wav,,loaded,bus_fx,grp_foley,snp_foley,,60,0,60,63,0,5000,5000,allon,default,allon,default,2,8,oldest,oldest,-80,70,70,70,0,1,2d,front,nonlooping,,1,0,0,0,0,0.25,no,yes,none,0,,no,,,yes,no,no,0,0,yes,no,,0,,no,no,no
fly_step_prone_plr_default,raw\sound\fly\footsteps\prone\drag\drag_01.LN65.pc.snd.wav,,loaded,bus_fx,grp_foley,snp_foley,,60,0,60,63,0,5000,5000,allon,default,allon,default,2,8,oldest,oldest,-80,70,70,70,0,1,2d,front,nonlooping,,1,0,0,0,0,0.25,no,yes,none,0,,no,,,yes,no,no,0,0,yes,no,,0,,no,no,no
fly_step_prone_plr_default,raw\sound\fly\footsteps\prone\drag\drag_02.LN65.pc.snd.wav,,loaded,bus_fx,grp_foley,snp_foley,,60,0,60,63,0,5000,5000,allon,default,allon,default,2,8,oldest,oldest,-80,70,70,70,0,1,2d,front,nonlooping,,1,0,0,0,0,0.25,no,yes,none,0,,no,,,yes,no,no,0,0,yes,no,,0,,no,no,no
fly_step_prone_plr_dirt,raw\sound\fly\footsteps\prone\drag\drag_00.LN65.pc.snd.wav,,loaded,bus_fx,grp_foley,snp_foley,,60,0,60,63,0,5000,5000,allon,default,allon,default,2,8,oldest,oldest,-80,70,70,70,0,1,2d,front,nonlooping,,1,0,0,0,0,0.25,no,yes,none,0,,no,,,yes,no,no,0,0,yes,no,,0,,no,no,no
fly_step_prone_plr_dirt,raw\sound\fly\footsteps\prone\drag\drag_01.LN65.pc.snd.wav,,loaded,bus_fx,grp_foley,snp_foley,,60,0,60,63,0,5000,5000,allon,default,allon,default,2,8,oldest,oldest,-80,70,70,70,0,1,2d,front,nonlooping,,1,0,0,0,0,0.25,no,yes,none,0,,no,,,yes,no,no,0,0,yes,no,,0,,no,no,no
fly_step_prone_plr_dirt,raw\sound\fly\footsteps\prone\drag\drag_02.LN65.pc.snd.wav,,loaded,bus_fx,grp_foley,snp_foley,,60,0,60,63,0,5000,5000,allon,default,allon,default,2,8,oldest,oldest,-80,70,70,70,0,1,2d,front,nonlooping,,1,0,0,0,0,0.25,no,yes,none,0,,no,,,yes,no,no,0,0,yes,no,,0,,no,no,no
fly_step_prone_plr_flesh,raw\sound\fly\footsteps\prone\drag\drag_00.LN65.pc.snd.wav,,loaded,bus_fx,grp_foley,snp_foley,,60,0,60,63,0,5000,5000,allon,default,allon,default,2,8,oldest,oldest,-80,70,70,70,0,1,2d,front,nonlooping,,1,0,0,0,0,0.25,no,yes,none,0,,no,,,yes,no,no,0,0,yes,no,,0,,no,no,no
fly_step_prone_plr_flesh,raw\sound\fly\footsteps\prone\drag\drag_01.LN65.pc.snd.wav,,loaded,bus_fx,grp_foley,snp_foley,,60,0,60,63,0,5000,5000,allon,default,allon,default,2,8,oldest,oldest,-80,70,70,70,0,1,2d,front,nonlooping,,1,0,0,0,0,0.25,no,yes,none,0,,no,,,yes,no,no,0,0,yes,no,,0,,no,no,no
fly_step_prone_plr_flesh,raw\sound\fly\footsteps\prone\drag\drag_02.LN65.pc.snd.wav,,loaded,bus_fx,grp_foley,snp_foley,,60,0,60,63,0,5000,5000,allon,default,allon,default,2,8,oldest,oldest,-80,70,70,70,0,1,2d,front,nonlooping,,1,0,0,0,0,0.25,no,yes,none,0,,no,,,yes,no,no,0,0,yes,no,,0,,no,no,no
fly_step_prone_plr_foliage,raw\sound\fly\footsteps\prone\drag\drag_00.LN65.pc.snd.wav,,loaded,bus_fx,grp_foley,snp_foley,,60,0,60,63,0,5000,5000,allon,default,allon,default,2,8,oldest,oldest,-80,70,70,70,0,1,2d,front,nonlooping,,1,0,0,0,0,0.25,no,yes,none,0,,no,,,yes,no,no,0,0,yes,no,,0,,no,no,no
fly_step_prone_plr_foliage,raw\sound\fly\footsteps\prone\drag\drag_01.LN65.pc.snd.wav,,loaded,bus_fx,grp_foley,snp_foley,,60,0,60,63,0,5000,5000,allon,default,allon,default,2,8,oldest,oldest,-80,70,70,70,0,1,2d,front,nonlooping,,1,0,0,0,0,0.25,no,yes,none,0,,no,,,yes,no,no,0,0,yes,no,,0,,no,no,no
fly_step_prone_plr_foliage,raw\sound\fly\footsteps\prone\drag\drag_02.LN65.pc.snd.wav,,loaded,bus_fx,grp_foley,snp_foley,,60,0,60,63,0,5000,5000,allon,default,allon,default,2,8,oldest,oldest,-80,70,70,70,0,1,2d,front,nonlooping,,1,0,0,0,0,0.25,no,yes,none,0,,no,,,yes,no,no,0,0,yes,no,,0,,no,no,no
fly_step_prone_plr_fruit,raw\sound\fly\footsteps\prone\drag\drag_00.LN65.pc.snd.wav,,loaded,bus_fx,grp_foley,snp_foley,,60,0,60,63,0,5000,5000,allon,default,allon,default,2,8,oldest,oldest,-80,70,70,70,0,1,2d,front,nonlooping,,1,0,0,0,0,0.25,no,yes,none,0,,no,,,yes,no,no,0,0,yes,no,,0,,no,no,no
fly_step_prone_plr_fruit,raw\sound\fly\footsteps\prone\drag\drag_01.LN65.pc.snd.wav,,loaded,bus_fx,grp_foley,snp_foley,,60,0,60,63,0,5000,5000,allon,default,allon,default,2,8,oldest,oldest,-80,70,70,70,0,1,2d,front,nonlooping,,1,0,0,0,0,0.25,no,yes,none,0,,no,,,yes,no,no,0,0,yes,no,,0,,no,no,no
fly_step_prone_plr_fruit,raw\sound\fly\footsteps\prone\drag\drag_02.LN65.pc.snd.wav,,loaded,bus_fx,grp_foley,snp_foley,,60,0,60,63,0,5000,5000,allon,default,allon,default,2,8,oldest,oldest,-80,70,70,70,0,1,2d,front,nonlooping,,1,0,0,0,0,0.25,no,yes,none,0,,no,,,yes,no,no,0,0,yes,no,,0,,no,no,no
fly_step_prone_plr_glass,raw\sound\fly\footsteps\prone\drag\drag_00.LN65.pc.snd.wav,,loaded,bus_fx,grp_foley,snp_foley,,60,0,60,63,0,5000,5000,allon,default,allon,default,2,8,oldest,oldest,-80,70,70,70,0,1,2d,front,nonlooping,,1,0,0,0,0,0.25,no,yes,none,0,,no,,,yes,no,no,0,0,yes,no,,0,,no,no,no
fly_step_prone_plr_glass,raw\sound\fly\footsteps\prone\drag\drag_01.LN65.pc.snd.wav,,loaded,bus_fx,grp_foley,snp_foley,,60,0,60,63,0,5000,5000,allon,default,allon,default,2,8,oldest,oldest,-80,70,70,70,0,1,2d,front,nonlooping,,1,0,0,0,0,0.25,no,yes,none,0,,no,,,yes,no,no,0,0,yes,no,,0,,no,no,no
fly_step_prone_plr_glass,raw\sound\fly\footsteps\prone\drag\drag_02.LN65.pc.snd.wav,,loaded,bus_fx,grp_foley,snp_foley,,60,0,60,63,0,5000,5000,allon,default,allon,default,2,8,oldest,oldest,-80,70,70,70,0,1,2d,front,nonlooping,,1,0,0,0,0,0.25,no,yes,none,0,,no,,,yes,no,no,0,0,yes,no,,0,,no,no,no
fly_step_prone_plr_grass,raw\sound\fly\footsteps\prone\drag\drag_00.LN65.pc.snd.wav,,loaded,bus_fx,grp_foley,snp_foley,,60,0,60,63,0,5000,5000,allon,default,allon,default,2,8,oldest,oldest,-80,70,70,70,0,1,2d,front,nonlooping,,1,0,0,0,0,0.25,no,yes,none,0,,no,,,yes,no,no,0,0,yes,no,,0,,no,no,no
fly_step_prone_plr_grass,raw\sound\fly\footsteps\prone\drag\drag_01.LN65.pc.snd.wav,,loaded,bus_fx,grp_foley,snp_foley,,60,0,60,63,0,5000,5000,allon,default,allon,default,2,8,oldest,oldest,-80,70,70,70,0,1,2d,front,nonlooping,,1,0,0,0,0,0.25,no,yes,none,0,,no,,,yes,no,no,0,0,yes,no,,0,,no,no,no
fly_step_prone_plr_grass,raw\sound\fly\footsteps\prone\drag\drag_02.LN65.pc.snd.wav,,loaded,bus_fx,grp_foley,snp_foley,,60,0,60,63,0,5000,5000,allon,default,allon,default,2,8,oldest,oldest,-80,70,70,70,0,1,2d,front,nonlooping,,1,0,0,0,0,0.25,no,yes,none,0,,no,,,yes,no,no,0,0,yes,no,,0,,no,no,no
fly_step_prone_plr_gravel,raw\sound\fly\footsteps\prone\drag\drag_00.LN65.pc.snd.wav,,loaded,bus_fx,grp_foley,snp_foley,,60,0,60,63,0,5000,5000,allon,default,allon,default,2,8,oldest,oldest,-80,70,70,70,0,1,2d,front,nonlooping,,1,0,0,0,0,0.25,no,yes,none,0,,no,,,yes,no,no,0,0,yes,no,,0,,no,no,no
fly_step_prone_plr_gravel,raw\sound\fly\footsteps\prone\drag\drag_01.LN65.pc.snd.wav,,loaded,bus_fx,grp_foley,snp_foley,,60,0,60,63,0,5000,5000,allon,default,allon,default,2,8,oldest,oldest,-80,70,70,70,0,1,2d,front,nonlooping,,1,0,0,0,0,0.25,no,yes,none,0,,no,,,yes,no,no,0,0,yes,no,,0,,no,no,no
fly_step_prone_plr_gravel,raw\sound\fly\footsteps\prone\drag\drag_02.LN65.pc.snd.wav,,loaded,bus_fx,grp_foley,snp_foley,,60,0,60,63,0,5000,5000,allon,default,allon,default,2,8,oldest,oldest,-80,70,70,70,0,1,2d,front,nonlooping,,1,0,0,0,0,0.25,no,yes,none,0,,no,,,yes,no,no,0,0,yes,no,,0,,no,no,no
fly_step_prone_plr_ice,raw\sound\fly\footsteps\prone\drag\drag_00.LN65.pc.snd.wav,,loaded,bus_fx,grp_foley,snp_foley,,60,0,60,63,0,5000,5000,allon,default,allon,default,2,8,oldest,oldest,-80,70,70,70,0,1,2d,front,nonlooping,,1,0,0,0,0,0.25,no,yes,none,0,,no,,,yes,no,no,0,0,yes,no,,0,,no,no,no
fly_step_prone_plr_ice,raw\sound\fly\footsteps\prone\drag\drag_01.LN65.pc.snd.wav,,loaded,bus_fx,grp_foley,snp_foley,,60,0,60,63,0,5000,5000,allon,default,allon,default,2,8,oldest,oldest,-80,70,70,70,0,1,2d,front,nonlooping,,1,0,0,0,0,0.25,no,yes,none,0,,no,,,yes,no,no,0,0,yes,no,,0,,no,no,no
fly_step_prone_plr_ice,raw\sound\fly\footsteps\prone\drag\drag_02.LN65.pc.snd.wav,,loaded,bus_fx,grp_foley,snp_foley,,60,0,60,63,0,5000,5000,allon,default,allon,default,2,8,oldest,oldest,-80,70,70,70,0,1,2d,front,nonlooping,,1,0,0,0,0,0.25,no,yes,none,0,,no,,,yes,no,no,0,0,yes,no,,0,,no,no,no
fly_step_prone_plr_metal,raw\sound\fly\footsteps\prone\drag\drag_00.LN65.pc.snd.wav,,loaded,bus_fx,grp_foley,snp_foley,,60,0,60,63,0,5000,5000,allon,default,allon,default,2,8,oldest,oldest,-80,70,70,70,0,1,2d,front,nonlooping,,1,0,0,0,0,0.25,no,yes,none,0,,no,,,yes,no,no,0,0,yes,no,,0,,no,no,no
fly_step_prone_plr_metal,raw\sound\fly\footsteps\prone\drag\drag_01.LN65.pc.snd.wav,,loaded,bus_fx,grp_foley,snp_foley,,60,0,60,63,0,5000,5000,allon,default,allon,default,2,8,oldest,oldest,-80,70,70,70,0,1,2d,front,nonlooping,,1,0,0,0,0,0.25,no,yes,none,0,,no,,,yes,no,no,0,0,yes,no,,0,,no,no,no
fly_step_prone_plr_metal,raw\sound\fly\footsteps\prone\drag\drag_02.LN65.pc.snd.wav,,loaded,bus_fx,grp_foley,snp_foley,,60,0,60,63,0,5000,5000,allon,default,allon,default,2,8,oldest,oldest,-80,70,70,70,0,1,2d,front,nonlooping,,1,0,0,0,0,0.25,no,yes,none,0,,no,,,yes,no,no,0,0,yes,no,,0,,no,no,no
fly_step_prone_plr_mud,raw\sound\fly\footsteps\prone\drag\drag_00.LN65.pc.snd.wav,,loaded,bus_fx,grp_foley,snp_foley,,60,0,60,63,0,5000,5000,allon,default,allon,default,2,8,oldest,oldest,-80,70,70,70,0,1,2d,front,nonlooping,,1,0,0,0,0,0.25,no,yes,none,0,,no,,,yes,no,no,0,0,yes,no,,0,,no,no,no
fly_step_prone_plr_mud,raw\sound\fly\footsteps\prone\drag\drag_01.LN65.pc.snd.wav,,loaded,bus_fx,grp_foley,snp_foley,,60,0,60,63,0,5000,5000,allon,default,allon,default,2,8,oldest,oldest,-80,70,70,70,0,1,2d,front,nonlooping,,1,0,0,0,0,0.25,no,yes,none,0,,no,,,yes,no,no,0,0,yes,no,,0,,no,no,no
fly_step_prone_plr_mud,raw\sound\fly\footsteps\prone\drag\drag_02.LN65.pc.snd.wav,,loaded,bus_fx,grp_foley,snp_foley,,60,0,60,63,0,5000,5000,allon,default,allon,default,2,8,oldest,oldest,-80,70,70,70,0,1,2d,front,nonlooping,,1,0,0,0,0,0.25,no,yes,none,0,,no,,,yes,no,no,0,0,yes,no,,0,,no,no,no
fly_step_prone_plr_paintedmetal,raw\sound\fly\footsteps\prone\drag\drag_00.LN65.pc.snd.wav,,loaded,bus_fx,grp_foley,snp_foley,,60,0,60,63,0,5000,5000,allon,default,allon,default,2,8,oldest,oldest,-80,70,70,70,0,1,2d,front,nonlooping,,1,0,0,0,0,0.25,no,yes,none,0,,no,,,yes,no,no,0,0,yes,no,,0,,no,no,no
fly_step_prone_plr_paintedmetal,raw\sound\fly\footsteps\prone\drag\drag_01.LN65.pc.snd.wav,,loaded,bus_fx,grp_foley,snp_foley,,60,0,60,63,0,5000,5000,allon,default,allon,default,2,8,oldest,oldest,-80,70,70,70,0,1,2d,front,nonlooping,,1,0,0,0,0,0.25,no,yes,none,0,,no,,,yes,no,no,0,0,yes,no,,0,,no,no,no
fly_step_prone_plr_paintedmetal,raw\sound\fly\footsteps\prone\drag\drag_02.LN65.pc.snd.wav,,loaded,bus_fx,grp_foley,snp_foley,,60,0,60,63,0,5000,5000,allon,default,allon,default,2,8,oldest,oldest,-80,70,70,70,0,1,2d,front,nonlooping,,1,0,0,0,0,0.25,no,yes,none,0,,no,,,yes,no,no,0,0,yes,no,,0,,no,no,no
fly_step_prone_plr_paper,raw\sound\fly\footsteps\prone\drag\drag_00.LN65.pc.snd.wav,,loaded,bus_fx,grp_foley,snp_foley,,60,0,60,63,0,5000,5000,allon,default,allon,default,2,8,oldest,oldest,-80,70,70,70,0,1,2d,front,nonlooping,,1,0,0,0,0,0.25,no,yes,none,0,,no,,,yes,no,no,0,0,yes,no,,0,,no,no,no
fly_step_prone_plr_paper,raw\sound\fly\footsteps\prone\drag\drag_01.LN65.pc.snd.wav,,loaded,bus_fx,grp_foley,snp_foley,,60,0,60,63,0,5000,5000,allon,default,allon,default,2,8,oldest,oldest,-80,70,70,70,0,1,2d,front,nonlooping,,1,0,0,0,0,0.25,no,yes,none,0,,no,,,yes,no,no,0,0,yes,no,,0,,no,no,no
fly_step_prone_plr_paper,raw\sound\fly\footsteps\prone\drag\drag_02.LN65.pc.snd.wav,,loaded,bus_fx,grp_foley,snp_foley,,60,0,60,63,0,5000,5000,allon,default,allon,default,2,8,oldest,oldest,-80,70,70,70,0,1,2d,front,nonlooping,,1,0,0,0,0,0.25,no,yes,none,0,,no,,,yes,no,no,0,0,yes,no,,0,,no,no,no
fly_step_prone_plr_plaster,raw\sound\fly\footsteps\prone\drag\drag_00.LN65.pc.snd.wav,,loaded,bus_fx,grp_foley,snp_foley,,60,0,60,63,0,5000,5000,allon,default,allon,default,2,8,oldest,oldest,-80,70,70,70,0,1,2d,front,nonlooping,,1,0,0,0,0,0.25,no,yes,none,0,,no,,,yes,no,no,0,0,yes,no,,0,,no,no,no
fly_step_prone_plr_plaster,raw\sound\fly\footsteps\prone\drag\drag_01.LN65.pc.snd.wav,,loaded,bus_fx,grp_foley,snp_foley,,60,0,60,63,0,5000,5000,allon,default,allon,default,2,8,oldest,oldest,-80,70,70,70,0,1,2d,front,nonlooping,,1,0,0,0,0,0.25,no,yes,none,0,,no,,,yes,no,no,0,0,yes,no,,0,,no,no,no
fly_step_prone_plr_plaster,raw\sound\fly\footsteps\prone\drag\drag_02.LN65.pc.snd.wav,,loaded,bus_fx,grp_foley,snp_foley,,60,0,60,63,0,5000,5000,allon,default,allon,default,2,8,oldest,oldest,-80,70,70,70,0,1,2d,front,nonlooping,,1,0,0,0,0,0.25,no,yes,none,0,,no,,,yes,no,no,0,0,yes,no,,0,,no,no,no
fly_step_prone_plr_plastic,raw\sound\fly\footsteps\prone\drag\drag_00.LN65.pc.snd.wav,,loaded,bus_fx,grp_foley,snp_foley,,60,0,60,63,0,5000,5000,allon,default,allon,default,2,8,oldest,oldest,-80,70,70,70,0,1,2d,front,nonlooping,,1,0,0,0,0,0.25,no,yes,none,0,,no,,,yes,no,no,0,0,yes,no,,0,,no,no,no
fly_step_prone_plr_plastic,raw\sound\fly\footsteps\prone\drag\drag_01.LN65.pc.snd.wav,,loaded,bus_fx,grp_foley,snp_foley,,60,0,60,63,0,5000,5000,allon,default,allon,default,2,8,oldest,oldest,-80,70,70,70,0,1,2d,front,nonlooping,,1,0,0,0,0,0.25,no,yes,none,0,,no,,,yes,no,no,0,0,yes,no,,0,,no,no,no
fly_step_prone_plr_plastic,raw\sound\fly\footsteps\prone\drag\drag_02.LN65.pc.snd.wav,,loaded,bus_fx,grp_foley,snp_foley,,60,0,60,63,0,5000,5000,allon,default,allon,default,2,8,oldest,oldest,-80,70,70,70,0,1,2d,front,nonlooping,,1,0,0,0,0,0.25,no,yes,none,0,,no,,,yes,no,no,0,0,yes,no,,0,,no,no,no
fly_step_prone_plr_rock,raw\sound\fly\footsteps\prone\drag\drag_00.LN65.pc.snd.wav,,loaded,bus_fx,grp_foley,snp_foley,,60,0,60,63,0,5000,5000,allon,default,allon,default,2,8,oldest,oldest,-80,70,70,70,0,1,2d,front,nonlooping,,1,0,0,0,0,0.25,no,yes,none,0,,no,,,yes,no,no,0,0,yes,no,,0,,no,no,no
fly_step_prone_plr_rock,raw\sound\fly\footsteps\prone\drag\drag_01.LN65.pc.snd.wav,,loaded,bus_fx,grp_foley,snp_foley,,60,0,60,63,0,5000,5000,allon,default,allon,default,2,8,oldest,oldest,-80,70,70,70,0,1,2d,front,nonlooping,,1,0,0,0,0,0.25,no,yes,none,0,,no,,,yes,no,no,0,0,yes,no,,0,,no,no,no
fly_step_prone_plr_rock,raw\sound\fly\footsteps\prone\drag\drag_02.LN65.pc.snd.wav,,loaded,bus_fx,grp_foley,snp_foley,,60,0,60,63,0,5000,5000,allon,default,allon,default,2,8,oldest,oldest,-80,70,70,70,0,1,2d,front,nonlooping,,1,0,0,0,0,0.25,no,yes,none,0,,no,,,yes,no,no,0,0,yes,no,,0,,no,no,no
fly_step_prone_plr_rubber,raw\sound\fly\footsteps\prone\drag\drag_00.LN65.pc.snd.wav,,loaded,bus_fx,grp_foley,snp_foley,,60,0,60,63,0,5000,5000,allon,default,allon,default,2,8,oldest,oldest,-80,70,70,70,0,1,2d,front,nonlooping,,1,0,0,0,0,0.25,no,yes,none,0,,no,,,yes,no,no,0,0,yes,no,,0,,no,no,no
fly_step_prone_plr_rubber,raw\sound\fly\footsteps\prone\drag\drag_01.LN65.pc.snd.wav,,loaded,bus_fx,grp_foley,snp_foley,,60,0,60,63,0,5000,5000,allon,default,allon,default,2,8,oldest,oldest,-80,70,70,70,0,1,2d,front,nonlooping,,1,0,0,0,0,0.25,no,yes,none,0,,no,,,yes,no,no,0,0,yes,no,,0,,no,no,no
fly_step_prone_plr_rubber,raw\sound\fly\footsteps\prone\drag\drag_02.LN65.pc.snd.wav,,loaded,bus_fx,grp_foley,snp_foley,,60,0,60,63,0,5000,5000,allon,default,allon,default,2,8,oldest,oldest,-80,70,70,70,0,1,2d,front,nonlooping,,1,0,0,0,0,0.25,no,yes,none,0,,no,,,yes,no,no,0,0,yes,no,,0,,no,no,no
fly_step_prone_plr_sand,raw\sound\fly\footsteps\prone\drag\drag_00.LN65.pc.snd.wav,,loaded,bus_fx,grp_foley,snp_foley,,60,0,60,63,0,5000,5000,allon,default,allon,default,2,8,oldest,oldest,-80,70,70,70,0,1,2d,front,nonlooping,,1,0,0,0,0,0.25,no,yes,none,0,,no,,,yes,no,no,0,0,yes,no,,0,,no,no,no
fly_step_prone_plr_sand,raw\sound\fly\footsteps\prone\drag\drag_01.LN65.pc.snd.wav,,loaded,bus_fx,grp_foley,snp_foley,,60,0,60,63,0,5000,5000,allon,default,allon,default,2,8,oldest,oldest,-80,70,70,70,0,1,2d,front,nonlooping,,1,0,0,0,0,0.25,no,yes,none,0,,no,,,yes,no,no,0,0,yes,no,,0,,no,no,no
fly_step_prone_plr_sand,raw\sound\fly\footsteps\prone\drag\drag_02.LN65.pc.snd.wav,,loaded,bus_fx,grp_foley,snp_foley,,60,0,60,63,0,5000,5000,allon,default,allon,default,2,8,oldest,oldest,-80,70,70,70,0,1,2d,front,nonlooping,,1,0,0,0,0,0.25,no,yes,none,0,,no,,,yes,no,no,0,0,yes,no,,0,,no,no,no
fly_step_prone_plr_snow,raw\sound\fly\footsteps\prone\drag\drag_00.LN65.pc.snd.wav,,loaded,bus_fx,grp_foley,snp_foley,,60,0,60,63,0,5000,5000,allon,default,allon,default,2,8,oldest,oldest,-80,70,70,70,0,1,2d,front,nonlooping,,1,0,0,0,0,0.25,no,yes,none,0,,no,,,yes,no,no,0,0,yes,no,,0,,no,no,no
fly_step_prone_plr_snow,raw\sound\fly\footsteps\prone\drag\drag_01.LN65.pc.snd.wav,,loaded,bus_fx,grp_foley,snp_foley,,60,0,60,63,0,5000,5000,allon,default,allon,default,2,8,oldest,oldest,-80,70,70,70,0,1,2d,front,nonlooping,,1,0,0,0,0,0.25,no,yes,none,0,,no,,,yes,no,no,0,0,yes,no,,0,,no,no,no
fly_step_prone_plr_snow,raw\sound\fly\footsteps\prone\drag\drag_02.LN65.pc.snd.wav,,loaded,bus_fx,grp_foley,snp_foley,,60,0,60,63,0,5000,5000,allon,default,allon,default,2,8,oldest,oldest,-80,70,70,70,0,1,2d,front,nonlooping,,1,0,0,0,0,0.25,no,yes,none,0,,no,,,yes,no,no,0,0,yes,no,,0,,no,no,no
fly_step_prone_plr_water,raw\sound\fly\footsteps\prone\drag\drag_00.LN65.pc.snd.wav,,loaded,bus_fx,grp_foley,snp_foley,,60,0,60,63,0,5000,5000,allon,default,allon,default,2,8,oldest,oldest,-80,70,70,70,0,1,2d,front,nonlooping,,1,0,0,0,0,0.25,no,yes,none,0,,no,,,yes,no,no,0,0,yes,no,,0,,no,no,no
fly_step_prone_plr_water,raw\sound\fly\footsteps\prone\drag\drag_01.LN65.pc.snd.wav,,loaded,bus_fx,grp_foley,snp_foley,,60,0,60,63,0,5000,5000,allon,default,allon,default,2,8,oldest,oldest,-80,70,70,70,0,1,2d,front,nonlooping,,1,0,0,0,0,0.25,no,yes,none,0,,no,,,yes,no,no,0,0,yes,no,,0,,no,no,no
fly_step_prone_plr_water,raw\sound\fly\footsteps\prone\drag\drag_02.LN65.pc.snd.wav,,loaded,bus_fx,grp_foley,snp_foley,,60,0,60,63,0,5000,5000,allon,default,allon,default,2,8,oldest,oldest,-80,70,70,70,0,1,2d,front,nonlooping,,1,0,0,0,0,0.25,no,yes,none,0,,no,,,yes,no,no,0,0,yes,no,,0,,no,no,no
fly_step_prone_plr_wood,raw\sound\fly\footsteps\prone\drag\drag_00.LN65.pc.snd.wav,,loaded,bus_fx,grp_foley,snp_foley,,60,0,60,63,0,5000,5000,allon,default,allon,default,2,8,oldest,oldest,-80,70,70,70,0,1,2d,front,nonlooping,,1,0,0,0,0,0.25,no,yes,none,0,,no,,,yes,no,no,0,0,yes,no,,0,,no,no,no
fly_step_prone_plr_wood,raw\sound\fly\footsteps\prone\drag\drag_01.LN65.pc.snd.wav,,loaded,bus_fx,grp_foley,snp_foley,,60,0,60,63,0,5000,5000,allon,default,allon,default,2,8,oldest,oldest,-80,70,70,70,0,1,2d,front,nonlooping,,1,0,0,0,0,0.25,no,yes,none,0,,no,,,yes,no,no,0,0,yes,no,,0,,no,no,no
fly_step_prone_plr_wood,raw\sound\fly\footsteps\prone\drag\drag_02.LN65.pc.snd.wav,,loaded,bus_fx,grp_foley,snp_foley,,60,0,60,63,0,5000,5000,allon,default,allon,default,2,8,oldest,oldest,-80,70,70,70,0,1,2d,front,nonlooping,,1,0,0,0,0,0.25,no,yes,none,0,,no,,,yes,no,no,0,0,yes,no,,0,,no,no,no
fly_step_run_plr_asphalt,raw\sound\fly\footsteps\run\concrete\concrete_run_00.LN65.pc.snd.wav,fly_step_run_plr_asphalt_swt,loaded,bus_fx,grp_foley,snp_foley,,40,0,62,65,0,5000,5000,allon,default,allon,default,2,8,oldest,oldest,-170,170,70,70,0,1,2d,front,nonlooping,,1,10,0,0,0,0.25,no,yes,none,0,,no,,,yes,no,no,0,0,yes,no,,0,,no,no,no
fly_step_run_plr_asphalt,raw\sound\fly\footsteps\run\concrete\concrete_run_01.LN65.pc.snd.wav,fly_step_run_plr_asphalt_swt,loaded,bus_fx,grp_foley,snp_foley,,40,0,62,65,0,5000,5000,allon,default,allon,default,2,8,oldest,oldest,-170,170,70,70,0,1,2d,front,nonlooping,,1,10,0,0,0,0.25,no,yes,none,0,,no,,,yes,no,no,0,0,yes,no,,0,,no,no,no
fly_step_run_plr_asphalt,raw\sound\fly\footsteps\run\concrete\concrete_run_02.LN65.pc.snd.wav,fly_step_run_plr_asphalt_swt,loaded,bus_fx,grp_foley,snp_foley,,40,0,62,65,0,5000,5000,allon,default,allon,default,2,8,oldest,oldest,-170,170,70,70,0,1,2d,front,nonlooping,,1,10,0,0,0,0.25,no,yes,none,0,,no,,,yes,no,no,0,0,yes,no,,0,,no,no,no
fly_step_run_plr_asphalt,raw\sound\fly\footsteps\run\concrete\concrete_run_03.LN65.pc.snd.wav,fly_step_run_plr_asphalt_swt,loaded,bus_fx,grp_foley,snp_foley,,40,0,62,65,0,5000,5000,allon,default,allon,default,2,8,oldest,oldest,-170,170,70,70,0,1,2d,front,nonlooping,,1,10,0,0,0,0.25,no,yes,none,0,,no,,,yes,no,no,0,0,yes,no,,0,,no,no,no
fly_step_run_plr_asphalt,raw\sound\fly\footsteps\run\concrete\concrete_run_04.LN65.pc.snd.wav,fly_step_run_plr_asphalt_swt,loaded,bus_fx,grp_foley,snp_foley,,40,0,62,65,0,5000,5000,allon,default,allon,default,2,8,oldest,oldest,-170,170,70,70,0,1,2d,front,nonlooping,,1,10,0,0,0,0.25,no,yes,none,0,,no,,,yes,no,no,0,0,yes,no,,0,,no,no,no
fly_step_run_plr_asphalt,raw\sound\fly\footsteps\run\concrete\concrete_run_05.LN65.pc.snd.wav,fly_step_run_plr_asphalt_swt,loaded,bus_fx,grp_foley,snp_foley,,40,0,62,65,0,5000,5000,allon,default,allon,default,2,8,oldest,oldest,-170,170,70,70,0,1,2d,front,nonlooping,,1,10,0,0,0,0.25,no,yes,none,0,,no,,,yes,no,no,0,0,yes,no,,0,,no,no,no
fly_step_run_plr_asphalt_swt,raw\sound\fly\footsteps\sweeteners\asphault\asphault_00.LN65.pc.snd.wav,fly_gear_run_plr,loaded,bus_fx,grp_foley,snp_foley,,40,0,62,65,0,5000,5000,allon,default,allon,default,2,8,oldest,oldest,-170,170,70,70,0,1,2d,front,nonlooping,,1,10,0,0,0,0.25,no,yes,none,0,,no,,,yes,no,no,0,0,yes,no,,0,,no,no,no
fly_step_run_plr_asphalt_swt,raw\sound\fly\footsteps\sweeteners\asphault\asphault_01.LN65.pc.snd.wav,fly_gear_run_plr,loaded,bus_fx,grp_foley,snp_foley,,40,0,62,65,0,5000,5000,allon,default,allon,default,2,8,oldest,oldest,-170,170,70,70,0,1,2d,front,nonlooping,,1,10,0,0,0,0.25,no,yes,none,0,,no,,,yes,no,no,0,0,yes,no,,0,,no,no,no
fly_step_run_plr_asphalt_swt,raw\sound\fly\footsteps\sweeteners\asphault\asphault_02.LN65.pc.snd.wav,fly_gear_run_plr,loaded,bus_fx,grp_foley,snp_foley,,40,0,62,65,0,5000,5000,allon,default,allon,default,2,8,oldest,oldest,-170,170,70,70,0,1,2d,front,nonlooping,,1,10,0,0,0,0.25,no,yes,none,0,,no,,,yes,no,no,0,0,yes,no,,0,,no,no,no
fly_step_run_plr_asphalt_swt,raw\sound\fly\footsteps\sweeteners\asphault\asphault_03.LN65.pc.snd.wav,fly_gear_run_plr,loaded,bus_fx,grp_foley,snp_foley,,40,0,62,65,0,5000,5000,allon,default,allon,default,2,8,oldest,oldest,-170,170,70,70,0,1,2d,front,nonlooping,,1,10,0,0,0,0.25,no,yes,none,0,,no,,,yes,no,no,0,0,yes,no,,0,,no,no,no
fly_step_run_plr_asphalt_swt,raw\sound\fly\footsteps\sweeteners\asphault\asphault_04.LN65.pc.snd.wav,fly_gear_run_plr,loaded,bus_fx,grp_foley,snp_foley,,40,0,62,65,0,5000,5000,allon,default,allon,default,2,8,oldest,oldest,-170,170,70,70,0,1,2d,front,nonlooping,,1,10,0,0,0,0.25,no,yes,none,0,,no,,,yes,no,no,0,0,yes,no,,0,,no,no,no
fly_step_run_plr_bark,raw\sound\fly\footsteps\run\wood\wood_run_00.LN65.pc.snd.wav,fly_gear_run_plr,loaded,bus_fx,grp_foley,snp_foley,,40,0,62,65,0,5000,5000,allon,default,allon,default,2,8,oldest,oldest,-170,170,70,70,0,1,2d,front,nonlooping,,1,10,0,0,0,0.25,no,yes,none,0,,no,,,yes,no,no,0,0,yes,no,,0,,no,no,no
fly_step_run_plr_bark,raw\sound\fly\footsteps\run\wood\wood_run_01.LN65.pc.snd.wav,fly_gear_run_plr,loaded,bus_fx,grp_foley,snp_foley,,40,0,62,65,0,5000,5000,allon,default,allon,default,2,8,oldest,oldest,-170,170,70,70,0,1,2d,front,nonlooping,,1,10,0,0,0,0.25,no,yes,none,0,,no,,,yes,no,no,0,0,yes,no,,0,,no,no,no
fly_step_run_plr_bark,raw\sound\fly\footsteps\run\wood\wood_run_02.LN65.pc.snd.wav,fly_gear_run_plr,loaded,bus_fx,grp_foley,snp_foley,,40,0,62,65,0,5000,5000,allon,default,allon,default,2,8,oldest,oldest,-170,170,70,70,0,1,2d,front,nonlooping,,1,10,0,0,0,0.25,no,yes,none,0,,no,,,yes,no,no,0,0,yes,no,,0,,no,no,no
fly_step_run_plr_bark,raw\sound\fly\footsteps\run\wood\wood_run_03.LN65.pc.snd.wav,fly_gear_run_plr,loaded,bus_fx,grp_foley,snp_foley,,40,0,62,65,0,5000,5000,allon,default,allon,default,2,8,oldest,oldest,-170,170,70,70,0,1,2d,front,nonlooping,,1,10,0,0,0,0.25,no,yes,none,0,,no,,,yes,no,no,0,0,yes,no,,0,,no,no,no
fly_step_run_plr_bark,raw\sound\fly\footsteps\run\wood\wood_run_04.LN65.pc.snd.wav,fly_gear_run_plr,loaded,bus_fx,grp_foley,snp_foley,,40,0,62,65,0,5000,5000,allon,default,allon,default,2,8,oldest,oldest,-170,170,70,70,0,1,2d,front,nonlooping,,1,10,0,0,0,0.25,no,yes,none,0,,no,,,yes,no,no,0,0,yes,no,,0,,no,no,no
fly_step_run_plr_bark,raw\sound\fly\footsteps\run\wood\wood_run_05.LN65.pc.snd.wav,fly_gear_run_plr,loaded,bus_fx,grp_foley,snp_foley,,40,0,62,65,0,5000,5000,allon,default,allon,default,2,8,oldest,oldest,-170,170,70,70,0,1,2d,front,nonlooping,,1,10,0,0,0,0.25,no,yes,none,0,,no,,,yes,no,no,0,0,yes,no,,0,,no,no,no
fly_step_run_plr_brick,raw\sound\fly\footsteps\run\concrete\concrete_run_00.LN65.pc.snd.wav,fly_step_run_plr_brick_swt,loaded,bus_fx,grp_foley,snp_foley,,40,0,62,65,0,5000,5000,allon,default,allon,default,2,8,oldest,oldest,-170,170,70,70,0,1,2d,front,nonlooping,,1,10,0,0,0,0.25,no,yes,none,0,,no,,,yes,no,no,0,0,yes,no,,0,,no,no,no
fly_step_run_plr_brick,raw\sound\fly\footsteps\run\concrete\concrete_run_01.LN65.pc.snd.wav,fly_step_run_plr_brick_swt,loaded,bus_fx,grp_foley,snp_foley,,40,0,62,65,0,5000,5000,allon,default,allon,default,2,8,oldest,oldest,-170,170,70,70,0,1,2d,front,nonlooping,,1,10,0,0,0,0.25,no,yes,none,0,,no,,,yes,no,no,0,0,yes,no,,0,,no,no,no
fly_step_run_plr_brick,raw\sound\fly\footsteps\run\concrete\concrete_run_02.LN65.pc.snd.wav,fly_step_run_plr_brick_swt,loaded,bus_fx,grp_foley,snp_foley,,40,0,62,65,0,5000,5000,allon,default,allon,default,2,8,oldest,oldest,-170,170,70,70,0,1,2d,front,nonlooping,,1,10,0,0,0,0.25,no,yes,none,0,,no,,,yes,no,no,0,0,yes,no,,0,,no,no,no
fly_step_run_plr_brick,raw\sound\fly\footsteps\run\concrete\concrete_run_03.LN65.pc.snd.wav,fly_step_run_plr_brick_swt,loaded,bus_fx,grp_foley,snp_foley,,40,0,62,65,0,5000,5000,allon,default,allon,default,2,8,oldest,oldest,-170,170,70,70,0,1,2d,front,nonlooping,,1,10,0,0,0,0.25,no,yes,none,0,,no,,,yes,no,no,0,0,yes,no,,0,,no,no,no
fly_step_run_plr_brick,raw\sound\fly\footsteps\run\concrete\concrete_run_04.LN65.pc.snd.wav,fly_step_run_plr_brick_swt,loaded,bus_fx,grp_foley,snp_foley,,40,0,62,65,0,5000,5000,allon,default,allon,default,2,8,oldest,oldest,-170,170,70,70,0,1,2d,front,nonlooping,,1,10,0,0,0,0.25,no,yes,none,0,,no,,,yes,no,no,0,0,yes,no,,0,,no,no,no
fly_step_run_plr_brick,raw\sound\fly\footsteps\run\concrete\concrete_run_05.LN65.pc.snd.wav,fly_step_run_plr_brick_swt,loaded,bus_fx,grp_foley,snp_foley,,40,0,62,65,0,5000,5000,allon,default,allon,default,2,8,oldest,oldest,-170,170,70,70,0,1,2d,front,nonlooping,,1,10,0,0,0,0.25,no,yes,none,0,,no,,,yes,no,no,0,0,yes,no,,0,,no,no,no
fly_step_run_plr_brick_swt,raw\sound\fly\footsteps\sweeteners\brick\brick_00.LN65.pc.snd.wav,fly_gear_run_plr,loaded,bus_fx,grp_foley,snp_foley,,40,0,62,65,0,5000,5000,allon,default,allon,default,2,8,oldest,oldest,-170,170,70,70,0,1,2d,front,nonlooping,,1,10,0,0,0,0.25,no,yes,none,0,,no,,,yes,no,no,0,0,yes,no,,0,,no,no,no
fly_step_run_plr_brick_swt,raw\sound\fly\footsteps\sweeteners\brick\brick_01.LN65.pc.snd.wav,fly_gear_run_plr,loaded,bus_fx,grp_foley,snp_foley,,40,0,62,65,0,5000,5000,allon,default,allon,default,2,8,oldest,oldest,-170,170,70,70,0,1,2d,front,nonlooping,,1,10,0,0,0,0.25,no,yes,none,0,,no,,,yes,no,no,0,0,yes,no,,0,,no,no,no
fly_step_run_plr_brick_swt,raw\sound\fly\footsteps\sweeteners\brick\brick_02.LN65.pc.snd.wav,fly_gear_run_plr,loaded,bus_fx,grp_foley,snp_foley,,40,0,62,65,0,5000,5000,allon,default,allon,default,2,8,oldest,oldest,-170,170,70,70,0,1,2d,front,nonlooping,,1,10,0,0,0,0.25,no,yes,none,0,,no,,,yes,no,no,0,0,yes,no,,0,,no,no,no
fly_step_run_plr_brick_swt,raw\sound\fly\footsteps\sweeteners\brick\brick_03.LN65.pc.snd.wav,fly_gear_run_plr,loaded,bus_fx,grp_foley,snp_foley,,40,0,62,65,0,5000,5000,allon,default,allon,default,2,8,oldest,oldest,-170,170,70,70,0,1,2d,front,nonlooping,,1,10,0,0,0,0.25,no,yes,none,0,,no,,,yes,no,no,0,0,yes,no,,0,,no,no,no
fly_step_run_plr_brick_swt,raw\sound\fly\footsteps\sweeteners\brick\brick_04.LN65.pc.snd.wav,fly_gear_run_plr,loaded,bus_fx,grp_foley,snp_foley,,40,0,62,65,0,5000,5000,allon,default,allon,default,2,8,oldest,oldest,-170,170,70,70,0,1,2d,front,nonlooping,,1,10,0,0,0,0.25,no,yes,none,0,,no,,,yes,no,no,0,0,yes,no,,0,,no,no,no
fly_step_run_plr_carpet,raw\sound\fly\footsteps\run\carpet\carpet_run_00.LN65.pc.snd.wav,fly_gear_run_plr,loaded,bus_fx,grp_foley,snp_foley,,40,0,62,65,0,5000,5000,allon,default,allon,default,2,8,oldest,oldest,-170,170,70,70,0,1,2d,front,nonlooping,,1,10,0,0,0,0.25,no,yes,none,0,,no,,,yes,no,no,0,0,yes,no,,0,,no,no,no
fly_step_run_plr_carpet,raw\sound\fly\footsteps\run\carpet\carpet_run_01.LN65.pc.snd.wav,fly_gear_run_plr,loaded,bus_fx,grp_foley,snp_foley,,40,0,62,65,0,5000,5000,allon,default,allon,default,2,8,oldest,oldest,-170,170,70,70,0,1,2d,front,nonlooping,,1,10,0,0,0,0.25,no,yes,none,0,,no,,,yes,no,no,0,0,yes,no,,0,,no,no,no
fly_step_run_plr_carpet,raw\sound\fly\footsteps\run\carpet\carpet_run_02.LN65.pc.snd.wav,fly_gear_run_plr,loaded,bus_fx,grp_foley,snp_foley,,40,0,62,65,0,5000,5000,allon,default,allon,default,2,8,oldest,oldest,-170,170,70,70,0,1,2d,front,nonlooping,,1,10,0,0,0,0.25,no,yes,none,0,,no,,,yes,no,no,0,0,yes,no,,0,,no,no,no
fly_step_run_plr_carpet,raw\sound\fly\footsteps\run\carpet\carpet_run_03.LN65.pc.snd.wav,fly_gear_run_plr,loaded,bus_fx,grp_foley,snp_foley,,40,0,62,65,0,5000,5000,allon,default,allon,default,2,8,oldest,oldest,-170,170,70,70,0,1,2d,front,nonlooping,,1,10,0,0,0,0.25,no,yes,none,0,,no,,,yes,no,no,0,0,yes,no,,0,,no,no,no
fly_step_run_plr_carpet,raw\sound\fly\footsteps\run\carpet\carpet_run_04.LN65.pc.snd.wav,fly_gear_run_plr,loaded,bus_fx,grp_foley,snp_foley,,40,0,62,65,0,5000,5000,allon,default,allon,default,2,8,oldest,oldest,-170,170,70,70,0,1,2d,front,nonlooping,,1,10,0,0,0,0.25,no,yes,none,0,,no,,,yes,no,no,0,0,yes,no,,0,,no,no,no
fly_step_run_plr_carpet,raw\sound\fly\footsteps\run\carpet\carpet_run_05.LN65.pc.snd.wav,fly_gear_run_plr,loaded,bus_fx,grp_foley,snp_foley,,40,0,62,65,0,5000,5000,allon,default,allon,default,2,8,oldest,oldest,-170,170,70,70,0,1,2d,front,nonlooping,,1,10,0,0,0,0.25,no,yes,none,0,,no,,,yes,no,no,0,0,yes,no,,0,,no,no,no
fly_step_run_plr_carpet,raw\sound\fly\footsteps\run\carpet\carpet_run_06.LN65.pc.snd.wav,fly_gear_run_plr,loaded,bus_fx,grp_foley,snp_foley,,40,0,62,65,0,5000,5000,allon,default,allon,default,2,8,oldest,oldest,-170,170,70,70,0,1,2d,front,nonlooping,,1,10,0,0,0,0.25,no,yes,none,0,,no,,,yes,no,no,0,0,yes,no,,0,,no,no,no
fly_step_run_plr_ceramic,raw\sound\fly\footsteps\run\concrete\concrete_run_00.LN65.pc.snd.wav,fly_gear_run_plr,loaded,bus_fx,grp_foley,snp_foley,,40,0,62,65,0,5000,5000,allon,default,allon,default,2,8,oldest,oldest,-170,170,70,70,0,1,2d,front,nonlooping,,1,10,0,0,0,0.25,no,yes,none,0,,no,,,yes,no,no,0,0,yes,no,,0,,no,no,no
fly_step_run_plr_ceramic,raw\sound\fly\footsteps\run\concrete\concrete_run_01.LN65.pc.snd.wav,fly_gear_run_plr,loaded,bus_fx,grp_foley,snp_foley,,40,0,62,65,0,5000,5000,allon,default,allon,default,2,8,oldest,oldest,-170,170,70,70,0,1,2d,front,nonlooping,,1,10,0,0,0,0.25,no,yes,none,0,,no,,,yes,no,no,0,0,yes,no,,0,,no,no,no
fly_step_run_plr_ceramic,raw\sound\fly\footsteps\run\concrete\concrete_run_02.LN65.pc.snd.wav,fly_gear_run_plr,loaded,bus_fx,grp_foley,snp_foley,,40,0,62,65,0,5000,5000,allon,default,allon,default,2,8,oldest,oldest,-170,170,70,70,0,1,2d,front,nonlooping,,1,10,0,0,0,0.25,no,yes,none,0,,no,,,yes,no,no,0,0,yes,no,,0,,no,no,no
fly_step_run_plr_ceramic,raw\sound\fly\footsteps\run\concrete\concrete_run_03.LN65.pc.snd.wav,fly_gear_run_plr,loaded,bus_fx,grp_foley,snp_foley,,40,0,62,65,0,5000,5000,allon,default,allon,default,2,8,oldest,oldest,-170,170,70,70,0,1,2d,front,nonlooping,,1,10,0,0,0,0.25,no,yes,none,0,,no,,,yes,no,no,0,0,yes,no,,0,,no,no,no
fly_step_run_plr_ceramic,raw\sound\fly\footsteps\run\concrete\concrete_run_04.LN65.pc.snd.wav,fly_gear_run_plr,loaded,bus_fx,grp_foley,snp_foley,,40,0,62,65,0,5000,5000,allon,default,allon,default,2,8,oldest,oldest,-170,170,70,70,0,1,2d,front,nonlooping,,1,10,0,0,0,0.25,no,yes,none,0,,no,,,yes,no,no,0,0,yes,no,,0,,no,no,no
fly_step_run_plr_ceramic,raw\sound\fly\footsteps\run\concrete\concrete_run_05.LN65.pc.snd.wav,fly_gear_run_plr,loaded,bus_fx,grp_foley,snp_foley,,40,0,62,65,0,5000,5000,allon,default,allon,default,2,8,oldest,oldest,-170,170,70,70,0,1,2d,front,nonlooping,,1,10,0,0,0,0.25,no,yes,none,0,,no,,,yes,no,no,0,0,yes,no,,0,,no,no,no
fly_step_run_plr_cloth,raw\sound\fly\footsteps\run\carpet\carpet_run_00.LN65.pc.snd.wav,fly_gear_run_plr,loaded,bus_fx,grp_foley,snp_foley,,40,0,62,65,0,5000,5000,allon,default,allon,default,2,8,oldest,oldest,-170,170,70,70,0,1,2d,front,nonlooping,,1,10,0,0,0,0.25,no,yes,none,0,,no,,,yes,no,no,0,0,yes,no,,0,,no,no,no
fly_step_run_plr_cloth,raw\sound\fly\footsteps\run\carpet\carpet_run_01.LN65.pc.snd.wav,fly_gear_run_plr,loaded,bus_fx,grp_foley,snp_foley,,40,0,62,65,0,5000,5000,allon,default,allon,default,2,8,oldest,oldest,-170,170,70,70,0,1,2d,front,nonlooping,,1,10,0,0,0,0.25,no,yes,none,0,,no,,,yes,no,no,0,0,yes,no,,0,,no,no,no
fly_step_run_plr_cloth,raw\sound\fly\footsteps\run\carpet\carpet_run_02.LN65.pc.snd.wav,fly_gear_run_plr,loaded,bus_fx,grp_foley,snp_foley,,40,0,62,65,0,5000,5000,allon,default,allon,default,2,8,oldest,oldest,-170,170,70,70,0,1,2d,front,nonlooping,,1,10,0,0,0,0.25,no,yes,none,0,,no,,,yes,no,no,0,0,yes,no,,0,,no,no,no
fly_step_run_plr_cloth,raw\sound\fly\footsteps\run\carpet\carpet_run_03.LN65.pc.snd.wav,fly_gear_run_plr,loaded,bus_fx,grp_foley,snp_foley,,40,0,62,65,0,5000,5000,allon,default,allon,default,2,8,oldest,oldest,-170,170,70,70,0,1,2d,front,nonlooping,,1,10,0,0,0,0.25,no,yes,none,0,,no,,,yes,no,no,0,0,yes,no,,0,,no,no,no
fly_step_run_plr_cloth,raw\sound\fly\footsteps\run\carpet\carpet_run_04.LN65.pc.snd.wav,fly_gear_run_plr,loaded,bus_fx,grp_foley,snp_foley,,40,0,62,65,0,5000,5000,allon,default,allon,default,2,8,oldest,oldest,-170,170,70,70,0,1,2d,front,nonlooping,,1,10,0,0,0,0.25,no,yes,none,0,,no,,,yes,no,no,0,0,yes,no,,0,,no,no,no
fly_step_run_plr_cloth,raw\sound\fly\footsteps\run\carpet\carpet_run_05.LN65.pc.snd.wav,fly_gear_run_plr,loaded,bus_fx,grp_foley,snp_foley,,40,0,62,65,0,5000,5000,allon,default,allon,default,2,8,oldest,oldest,-170,170,70,70,0,1,2d,front,nonlooping,,1,10,0,0,0,0.25,no,yes,none,0,,no,,,yes,no,no,0,0,yes,no,,0,,no,no,no
fly_step_run_plr_cloth,raw\sound\fly\footsteps\run\carpet\carpet_run_06.LN65.pc.snd.wav,fly_gear_run_plr,loaded,bus_fx,grp_foley,snp_foley,,40,0,62,65,0,5000,5000,allon,default,allon,default,2,8,oldest,oldest,-170,170,70,70,0,1,2d,front,nonlooping,,1,10,0,0,0,0.25,no,yes,none,0,,no,,,yes,no,no,0,0,yes,no,,0,,no,no,no
fly_step_run_plr_concrete,raw\sound\fly\footsteps\run\concrete\concrete_run_00.LN65.pc.snd.wav,fly_gear_run_plr,loaded,bus_fx,grp_foley,snp_foley,,40,0,62,65,0,5000,5000,allon,default,allon,default,2,8,oldest,oldest,-170,170,70,70,0,1,2d,front,nonlooping,,1,10,0,0,0,0.25,no,yes,none,0,,no,,,yes,no,no,0,0,yes,no,,0,,no,no,no
fly_step_run_plr_concrete,raw\sound\fly\footsteps\run\concrete\concrete_run_01.LN65.pc.snd.wav,fly_gear_run_plr,loaded,bus_fx,grp_foley,snp_foley,,40,0,62,65,0,5000,5000,allon,default,allon,default,2,8,oldest,oldest,-170,170,70,70,0,1,2d,front,nonlooping,,1,10,0,0,0,0.25,no,yes,none,0,,no,,,yes,no,no,0,0,yes,no,,0,,no,no,no
fly_step_run_plr_concrete,raw\sound\fly\footsteps\run\concrete\concrete_run_02.LN65.pc.snd.wav,fly_gear_run_plr,loaded,bus_fx,grp_foley,snp_foley,,40,0,62,65,0,5000,5000,allon,default,allon,default,2,8,oldest,oldest,-170,170,70,70,0,1,2d,front,nonlooping,,1,10,0,0,0,0.25,no,yes,none,0,,no,,,yes,no,no,0,0,yes,no,,0,,no,no,no
fly_step_run_plr_concrete,raw\sound\fly\footsteps\run\concrete\concrete_run_03.LN65.pc.snd.wav,fly_gear_run_plr,loaded,bus_fx,grp_foley,snp_foley,,40,0,62,65,0,5000,5000,allon,default,allon,default,2,8,oldest,oldest,-170,170,70,70,0,1,2d,front,nonlooping,,1,10,0,0,0,0.25,no,yes,none,0,,no,,,yes,no,no,0,0,yes,no,,0,,no,no,no
fly_step_run_plr_concrete,raw\sound\fly\footsteps\run\concrete\concrete_run_04.LN65.pc.snd.wav,fly_gear_run_plr,loaded,bus_fx,grp_foley,snp_foley,,40,0,62,65,0,5000,5000,allon,default,allon,default,2,8,oldest,oldest,-170,170,70,70,0,1,2d,front,nonlooping,,1,10,0,0,0,0.25,no,yes,none,0,,no,,,yes,no,no,0,0,yes,no,,0,,no,no,no
fly_step_run_plr_concrete,raw\sound\fly\footsteps\run\concrete\concrete_run_05.LN65.pc.snd.wav,fly_gear_run_plr,loaded,bus_fx,grp_foley,snp_foley,,40,0,62,65,0,5000,5000,allon,default,allon,default,2,8,oldest,oldest,-170,170,70,70,0,1,2d,front,nonlooping,,1,10,0,0,0,0.25,no,yes,none,0,,no,,,yes,no,no,0,0,yes,no,,0,,no,no,no
fly_step_run_plr_cushion,raw\sound\fly\footsteps\run\carpet\carpet_run_00.LN65.pc.snd.wav,fly_gear_run_plr,loaded,bus_fx,grp_foley,snp_foley,,40,0,62,65,0,5000,5000,allon,default,allon,default,2,8,oldest,oldest,-170,170,70,70,0,1,2d,front,nonlooping,,1,10,0,0,0,0.25,no,yes,none,0,,no,,,yes,no,no,0,0,yes,no,,0,,no,no,no
fly_step_run_plr_cushion,raw\sound\fly\footsteps\run\carpet\carpet_run_01.LN65.pc.snd.wav,fly_gear_run_plr,loaded,bus_fx,grp_foley,snp_foley,,40,0,62,65,0,5000,5000,allon,default,allon,default,2,8,oldest,oldest,-170,170,70,70,0,1,2d,front,nonlooping,,1,10,0,0,0,0.25,no,yes,none,0,,no,,,yes,no,no,0,0,yes,no,,0,,no,no,no
fly_step_run_plr_cushion,raw\sound\fly\footsteps\run\carpet\carpet_run_02.LN65.pc.snd.wav,fly_gear_run_plr,loaded,bus_fx,grp_foley,snp_foley,,40,0,62,65,0,5000,5000,allon,default,allon,default,2,8,oldest,oldest,-170,170,70,70,0,1,2d,front,nonlooping,,1,10,0,0,0,0.25,no,yes,none,0,,no,,,yes,no,no,0,0,yes,no,,0,,no,no,no
fly_step_run_plr_cushion,raw\sound\fly\footsteps\run\carpet\carpet_run_03.LN65.pc.snd.wav,fly_gear_run_plr,loaded,bus_fx,grp_foley,snp_foley,,40,0,62,65,0,5000,5000,allon,default,allon,default,2,8,oldest,oldest,-170,170,70,70,0,1,2d,front,nonlooping,,1,10,0,0,0,0.25,no,yes,none,0,,no,,,yes,no,no,0,0,yes,no,,0,,no,no,no
fly_step_run_plr_cushion,raw\sound\fly\footsteps\run\carpet\carpet_run_04.LN65.pc.snd.wav,fly_gear_run_plr,loaded,bus_fx,grp_foley,snp_foley,,40,0,62,65,0,5000,5000,allon,default,allon,default,2,8,oldest,oldest,-170,170,70,70,0,1,2d,front,nonlooping,,1,10,0,0,0,0.25,no,yes,none,0,,no,,,yes,no,no,0,0,yes,no,,0,,no,no,no
fly_step_run_plr_cushion,raw\sound\fly\footsteps\run\carpet\carpet_run_05.LN65.pc.snd.wav,fly_gear_run_plr,loaded,bus_fx,grp_foley,snp_foley,,40,0,62,65,0,5000,5000,allon,default,allon,default,2,8,oldest,oldest,-170,170,70,70,0,1,2d,front,nonlooping,,1,10,0,0,0,0.25,no,yes,none,0,,no,,,yes,no,no,0,0,yes,no,,0,,no,no,no
fly_step_run_plr_cushion,raw\sound\fly\footsteps\run\carpet\carpet_run_06.LN65.pc.snd.wav,fly_gear_run_plr,loaded,bus_fx,grp_foley,snp_foley,,40,0,62,65,0,5000,5000,allon,default,allon,default,2,8,oldest,oldest,-170,170,70,70,0,1,2d,front,nonlooping,,1,10,0,0,0,0.25,no,yes,none,0,,no,,,yes,no,no,0,0,yes,no,,0,,no,no,no
fly_step_run_plr_default,raw\sound\fly\footsteps\run\dirt\dirt_run_00.LN65.pc.snd.wav,fly_gear_run_plr,loaded,bus_fx,grp_foley,snp_foley,,40,0,62,65,0,5000,5000,allon,default,allon,default,2,8,oldest,oldest,-170,170,70,70,0,1,2d,front,nonlooping,,1,10,0,0,0,0.25,no,yes,none,0,,no,,,yes,no,no,0,0,yes,no,,0,,no,no,no
fly_step_run_plr_default,raw\sound\fly\footsteps\run\dirt\dirt_run_01.LN65.pc.snd.wav,fly_gear_run_plr,loaded,bus_fx,grp_foley,snp_foley,,40,0,62,65,0,5000,5000,allon,default,allon,default,2,8,oldest,oldest,-170,170,70,70,0,1,2d,front,nonlooping,,1,10,0,0,0,0.25,no,yes,none,0,,no,,,yes,no,no,0,0,yes,no,,0,,no,no,no
fly_step_run_plr_default,raw\sound\fly\footsteps\run\dirt\dirt_run_02.LN65.pc.snd.wav,fly_gear_run_plr,loaded,bus_fx,grp_foley,snp_foley,,40,0,62,65,0,5000,5000,allon,default,allon,default,2,8,oldest,oldest,-170,170,70,70,0,1,2d,front,nonlooping,,1,10,0,0,0,0.25,no,yes,none,0,,no,,,yes,no,no,0,0,yes,no,,0,,no,no,no
fly_step_run_plr_default,raw\sound\fly\footsteps\run\dirt\dirt_run_03.LN65.pc.snd.wav,fly_gear_run_plr,loaded,bus_fx,grp_foley,snp_foley,,40,0,62,65,0,5000,5000,allon,default,allon,default,2,8,oldest,oldest,-170,170,70,70,0,1,2d,front,nonlooping,,1,10,0,0,0,0.25,no,yes,none,0,,no,,,yes,no,no,0,0,yes,no,,0,,no,no,no
fly_step_run_plr_default,raw\sound\fly\footsteps\run\dirt\dirt_run_04.LN65.pc.snd.wav,fly_gear_run_plr,loaded,bus_fx,grp_foley,snp_foley,,40,0,62,65,0,5000,5000,allon,default,allon,default,2,8,oldest,oldest,-170,170,70,70,0,1,2d,front,nonlooping,,1,10,0,0,0,0.25,no,yes,none,0,,no,,,yes,no,no,0,0,yes,no,,0,,no,no,no
fly_step_run_plr_dirt,raw\sound\fly\footsteps\run\dirt\dirt_run_00.LN65.pc.snd.wav,fly_gear_run_plr,loaded,bus_fx,grp_foley,snp_foley,,40,0,62,65,0,5000,5000,allon,default,allon,default,2,8,oldest,oldest,-170,170,70,70,0,1,2d,front,nonlooping,,1,10,0,0,0,0.25,no,yes,none,0,,no,,,yes,no,no,0,0,yes,no,,0,,no,no,no
fly_step_run_plr_dirt,raw\sound\fly\footsteps\run\dirt\dirt_run_01.LN65.pc.snd.wav,fly_gear_run_plr,loaded,bus_fx,grp_foley,snp_foley,,40,0,62,65,0,5000,5000,allon,default,allon,default,2,8,oldest,oldest,-170,170,70,70,0,1,2d,front,nonlooping,,1,10,0,0,0,0.25,no,yes,none,0,,no,,,yes,no,no,0,0,yes,no,,0,,no,no,no
fly_step_run_plr_dirt,raw\sound\fly\footsteps\run\dirt\dirt_run_02.LN65.pc.snd.wav,fly_gear_run_plr,loaded,bus_fx,grp_foley,snp_foley,,40,0,62,65,0,5000,5000,allon,default,allon,default,2,8,oldest,oldest,-170,170,70,70,0,1,2d,front,nonlooping,,1,10,0,0,0,0.25,no,yes,none,0,,no,,,yes,no,no,0,0,yes,no,,0,,no,no,no
fly_step_run_plr_dirt,raw\sound\fly\footsteps\run\dirt\dirt_run_03.LN65.pc.snd.wav,fly_gear_run_plr,loaded,bus_fx,grp_foley,snp_foley,,40,0,62,65,0,5000,5000,allon,default,allon,default,2,8,oldest,oldest,-170,170,70,70,0,1,2d,front,nonlooping,,1,10,0,0,0,0.25,no,yes,none,0,,no,,,yes,no,no,0,0,yes,no,,0,,no,no,no
fly_step_run_plr_dirt,raw\sound\fly\footsteps\run\dirt\dirt_run_04.LN65.pc.snd.wav,fly_gear_run_plr,loaded,bus_fx,grp_foley,snp_foley,,40,0,62,65,0,5000,5000,allon,default,allon,default,2,8,oldest,oldest,-170,170,70,70,0,1,2d,front,nonlooping,,1,10,0,0,0,0.25,no,yes,none,0,,no,,,yes,no,no,0,0,yes,no,,0,,no,no,no
fly_step_run_plr_flesh,raw\sound\fly\footsteps\run\concrete\concrete_run_00.LN65.pc.snd.wav,fly_gear_run_plr,loaded,bus_fx,grp_foley,snp_foley,,40,0,62,65,0,5000,5000,allon,default,allon,default,2,8,oldest,oldest,-170,170,70,70,0,1,2d,front,nonlooping,,1,10,0,0,0,0.25,no,yes,none,0,,no,,,yes,no,no,0,0,yes,no,,0,,no,no,no
fly_step_run_plr_flesh,raw\sound\fly\footsteps\run\concrete\concrete_run_01.LN65.pc.snd.wav,fly_gear_run_plr,loaded,bus_fx,grp_foley,snp_foley,,40,0,62,65,0,5000,5000,allon,default,allon,default,2,8,oldest,oldest,-170,170,70,70,0,1,2d,front,nonlooping,,1,10,0,0,0,0.25,no,yes,none,0,,no,,,yes,no,no,0,0,yes,no,,0,,no,no,no
fly_step_run_plr_flesh,raw\sound\fly\footsteps\run\concrete\concrete_run_02.LN65.pc.snd.wav,fly_gear_run_plr,loaded,bus_fx,grp_foley,snp_foley,,40,0,62,65,0,5000,5000,allon,default,allon,default,2,8,oldest,oldest,-170,170,70,70,0,1,2d,front,nonlooping,,1,10,0,0,0,0.25,no,yes,none,0,,no,,,yes,no,no,0,0,yes,no,,0,,no,no,no
fly_step_run_plr_flesh,raw\sound\fly\footsteps\run\concrete\concrete_run_03.LN65.pc.snd.wav,fly_gear_run_plr,loaded,bus_fx,grp_foley,snp_foley,,40,0,62,65,0,5000,5000,allon,default,allon,default,2,8,oldest,oldest,-170,170,70,70,0,1,2d,front,nonlooping,,1,10,0,0,0,0.25,no,yes,none,0,,no,,,yes,no,no,0,0,yes,no,,0,,no,no,no
fly_step_run_plr_flesh,raw\sound\fly\footsteps\run\concrete\concrete_run_04.LN65.pc.snd.wav,fly_gear_run_plr,loaded,bus_fx,grp_foley,snp_foley,,40,0,62,65,0,5000,5000,allon,default,allon,default,2,8,oldest,oldest,-170,170,70,70,0,1,2d,front,nonlooping,,1,10,0,0,0,0.25,no,yes,none,0,,no,,,yes,no,no,0,0,yes,no,,0,,no,no,no
fly_step_run_plr_flesh,raw\sound\fly\footsteps\run\concrete\concrete_run_05.LN65.pc.snd.wav,fly_gear_run_plr,loaded,bus_fx,grp_foley,snp_foley,,40,0,62,65,0,5000,5000,allon,default,allon,default,2,8,oldest,oldest,-170,170,70,70,0,1,2d,front,nonlooping,,1,10,0,0,0,0.25,no,yes,none,0,,no,,,yes,no,no,0,0,yes,no,,0,,no,no,no
fly_step_run_plr_foliage,raw\sound\fly\footsteps\run\grass\grass_run_00.LN65.pc.snd.wav,fly_gear_run_plr,loaded,bus_fx,grp_foley,snp_foley,,40,0,62,65,0,5000,5000,allon,default,allon,default,2,8,oldest,oldest,-170,170,70,70,0,1,2d,front,nonlooping,,1,10,0,0,0,0.25,no,yes,none,0,,no,,,yes,no,no,0,0,yes,no,,0,,no,no,no
fly_step_run_plr_foliage,raw\sound\fly\footsteps\run\grass\grass_run_01.LN65.pc.snd.wav,fly_gear_run_plr,loaded,bus_fx,grp_foley,snp_foley,,40,0,62,65,0,5000,5000,allon,default,allon,default,2,8,oldest,oldest,-170,170,70,70,0,1,2d,front,nonlooping,,1,10,0,0,0,0.25,no,yes,none,0,,no,,,yes,no,no,0,0,yes,no,,0,,no,no,no
fly_step_run_plr_foliage,raw\sound\fly\footsteps\run\grass\grass_run_02.LN65.pc.snd.wav,fly_gear_run_plr,loaded,bus_fx,grp_foley,snp_foley,,40,0,62,65,0,5000,5000,allon,default,allon,default,2,8,oldest,oldest,-170,170,70,70,0,1,2d,front,nonlooping,,1,10,0,0,0,0.25,no,yes,none,0,,no,,,yes,no,no,0,0,yes,no,,0,,no,no,no
fly_step_run_plr_foliage,raw\sound\fly\footsteps\run\grass\grass_run_03.LN65.pc.snd.wav,fly_gear_run_plr,loaded,bus_fx,grp_foley,snp_foley,,40,0,62,65,0,5000,5000,allon,default,allon,default,2,8,oldest,oldest,-170,170,70,70,0,1,2d,front,nonlooping,,1,10,0,0,0,0.25,no,yes,none,0,,no,,,yes,no,no,0,0,yes,no,,0,,no,no,no
fly_step_run_plr_foliage,raw\sound\fly\footsteps\run\grass\grass_run_04.LN65.pc.snd.wav,fly_gear_run_plr,loaded,bus_fx,grp_foley,snp_foley,,40,0,62,65,0,5000,5000,allon,default,allon,default,2,8,oldest,oldest,-170,170,70,70,0,1,2d,front,nonlooping,,1,10,0,0,0,0.25,no,yes,none,0,,no,,,yes,no,no,0,0,yes,no,,0,,no,no,no
fly_step_run_plr_fruit,raw\sound\fly\footsteps\run\dirt\dirt_run_00.LN65.pc.snd.wav,fly_gear_run_plr,loaded,bus_fx,grp_foley,snp_foley,,40,0,62,65,0,5000,5000,allon,default,allon,default,2,8,oldest,oldest,-170,170,70,70,0,1,2d,front,nonlooping,,1,10,0,0,0,0.25,no,yes,none,0,,no,,,yes,no,no,0,0,yes,no,,0,,no,no,no
fly_step_run_plr_fruit,raw\sound\fly\footsteps\run\dirt\dirt_run_01.LN65.pc.snd.wav,fly_gear_run_plr,loaded,bus_fx,grp_foley,snp_foley,,40,0,62,65,0,5000,5000,allon,default,allon,default,2,8,oldest,oldest,-170,170,70,70,0,1,2d,front,nonlooping,,1,10,0,0,0,0.25,no,yes,none,0,,no,,,yes,no,no,0,0,yes,no,,0,,no,no,no
fly_step_run_plr_fruit,raw\sound\fly\footsteps\run\dirt\dirt_run_02.LN65.pc.snd.wav,fly_gear_run_plr,loaded,bus_fx,grp_foley,snp_foley,,40,0,62,65,0,5000,5000,allon,default,allon,default,2,8,oldest,oldest,-170,170,70,70,0,1,2d,front,nonlooping,,1,10,0,0,0,0.25,no,yes,none,0,,no,,,yes,no,no,0,0,yes,no,,0,,no,no,no
fly_step_run_plr_fruit,raw\sound\fly\footsteps\run\dirt\dirt_run_03.LN65.pc.snd.wav,fly_gear_run_plr,loaded,bus_fx,grp_foley,snp_foley,,40,0,62,65,0,5000,5000,allon,default,allon,default,2,8,oldest,oldest,-170,170,70,70,0,1,2d,front,nonlooping,,1,10,0,0,0,0.25,no,yes,none,0,,no,,,yes,no,no,0,0,yes,no,,0,,no,no,no
fly_step_run_plr_fruit,raw\sound\fly\footsteps\run\dirt\dirt_run_04.LN65.pc.snd.wav,fly_gear_run_plr,loaded,bus_fx,grp_foley,snp_foley,,40,0,62,65,0,5000,5000,allon,default,allon,default,2,8,oldest,oldest,-170,170,70,70,0,1,2d,front,nonlooping,,1,10,0,0,0,0.25,no,yes,none,0,,no,,,yes,no,no,0,0,yes,no,,0,,no,no,no
fly_step_run_plr_glass,raw\sound\fly\footsteps\run\grass\grass_run_00.LN65.pc.snd.wav,fly_gear_run_plr,loaded,bus_fx,grp_foley,snp_foley,,40,0,62,65,0,5000,5000,allon,default,allon,default,2,8,oldest,oldest,-170,170,70,70,0,1,2d,front,nonlooping,,1,10,0,0,0,0.25,no,yes,none,0,,no,,,yes,no,no,0,0,yes,no,,0,,no,no,no
fly_step_run_plr_glass,raw\sound\fly\footsteps\run\grass\grass_run_01.LN65.pc.snd.wav,fly_gear_run_plr,loaded,bus_fx,grp_foley,snp_foley,,40,0,62,65,0,5000,5000,allon,default,allon,default,2,8,oldest,oldest,-170,170,70,70,0,1,2d,front,nonlooping,,1,10,0,0,0,0.25,no,yes,none,0,,no,,,yes,no,no,0,0,yes,no,,0,,no,no,no
fly_step_run_plr_glass,raw\sound\fly\footsteps\run\grass\grass_run_02.LN65.pc.snd.wav,fly_gear_run_plr,loaded,bus_fx,grp_foley,snp_foley,,40,0,62,65,0,5000,5000,allon,default,allon,default,2,8,oldest,oldest,-170,170,70,70,0,1,2d,front,nonlooping,,1,10,0,0,0,0.25,no,yes,none,0,,no,,,yes,no,no,0,0,yes,no,,0,,no,no,no
fly_step_run_plr_glass,raw\sound\fly\footsteps\run\grass\grass_run_03.LN65.pc.snd.wav,fly_gear_run_plr,loaded,bus_fx,grp_foley,snp_foley,,40,0,62,65,0,5000,5000,allon,default,allon,default,2,8,oldest,oldest,-170,170,70,70,0,1,2d,front,nonlooping,,1,10,0,0,0,0.25,no,yes,none,0,,no,,,yes,no,no,0,0,yes,no,,0,,no,no,no
fly_step_run_plr_glass,raw\sound\fly\footsteps\run\grass\grass_run_04.LN65.pc.snd.wav,fly_gear_run_plr,loaded,bus_fx,grp_foley,snp_foley,,40,0,62,65,0,5000,5000,allon,default,allon,default,2,8,oldest,oldest,-170,170,70,70,0,1,2d,front,nonlooping,,1,10,0,0,0,0.25,no,yes,none,0,,no,,,yes,no,no,0,0,yes,no,,0,,no,no,no
fly_step_run_plr_grass,raw\sound\fly\footsteps\run\grass\grass_run_00.LN65.pc.snd.wav,fly_gear_run_plr,loaded,bus_fx,grp_foley,snp_foley,,40,0,62,65,0,5000,5000,allon,default,allon,default,2,8,oldest,oldest,-170,170,70,70,0,1,2d,front,nonlooping,,1,10,0,0,0,0.25,no,yes,none,0,,no,,,yes,no,no,0,0,yes,no,,0,,no,no,no
fly_step_run_plr_grass,raw\sound\fly\footsteps\run\grass\grass_run_01.LN65.pc.snd.wav,fly_gear_run_plr,loaded,bus_fx,grp_foley,snp_foley,,40,0,62,65,0,5000,5000,allon,default,allon,default,2,8,oldest,oldest,-170,170,70,70,0,1,2d,front,nonlooping,,1,10,0,0,0,0.25,no,yes,none,0,,no,,,yes,no,no,0,0,yes,no,,0,,no,no,no
fly_step_run_plr_grass,raw\sound\fly\footsteps\run\grass\grass_run_02.LN65.pc.snd.wav,fly_gear_run_plr,loaded,bus_fx,grp_foley,snp_foley,,40,0,62,65,0,5000,5000,allon,default,allon,default,2,8,oldest,oldest,-170,170,70,70,0,1,2d,front,nonlooping,,1,10,0,0,0,0.25,no,yes,none,0,,no,,,yes,no,no,0,0,yes,no,,0,,no,no,no
fly_step_run_plr_grass,raw\sound\fly\footsteps\run\grass\grass_run_03.LN65.pc.snd.wav,fly_gear_run_plr,loaded,bus_fx,grp_foley,snp_foley,,40,0,62,65,0,5000,5000,allon,default,allon,default,2,8,oldest,oldest,-170,170,70,70,0,1,2d,front,nonlooping,,1,10,0,0,0,0.25,no,yes,none,0,,no,,,yes,no,no,0,0,yes,no,,0,,no,no,no
fly_step_run_plr_grass,raw\sound\fly\footsteps\run\grass\grass_run_04.LN65.pc.snd.wav,fly_gear_run_plr,loaded,bus_fx,grp_foley,snp_foley,,40,0,62,65,0,5000,5000,allon,default,allon,default,2,8,oldest,oldest,-170,170,70,70,0,1,2d,front,nonlooping,,1,10,0,0,0,0.25,no,yes,none,0,,no,,,yes,no,no,0,0,yes,no,,0,,no,no,no
fly_step_run_plr_gravel,raw\sound\fly\footsteps\run\dirt\dirt_run_00.LN65.pc.snd.wav,fly_gear_run_plr,loaded,bus_fx,grp_foley,snp_foley,,40,0,62,65,0,5000,5000,allon,default,allon,default,2,8,oldest,oldest,-170,170,70,70,0,1,2d,front,nonlooping,,1,10,0,0,0,0.25,no,yes,none,0,,no,,,yes,no,no,0,0,yes,no,,0,,no,no,no
fly_step_run_plr_gravel,raw\sound\fly\footsteps\run\dirt\dirt_run_01.LN65.pc.snd.wav,fly_gear_run_plr,loaded,bus_fx,grp_foley,snp_foley,,40,0,62,65,0,5000,5000,allon,default,allon,default,2,8,oldest,oldest,-170,170,70,70,0,1,2d,front,nonlooping,,1,10,0,0,0,0.25,no,yes,none,0,,no,,,yes,no,no,0,0,yes,no,,0,,no,no,no
fly_step_run_plr_gravel,raw\sound\fly\footsteps\run\dirt\dirt_run_02.LN65.pc.snd.wav,fly_gear_run_plr,loaded,bus_fx,grp_foley,snp_foley,,40,0,62,65,0,5000,5000,allon,default,allon,default,2,8,oldest,oldest,-170,170,70,70,0,1,2d,front,nonlooping,,1,10,0,0,0,0.25,no,yes,none,0,,no,,,yes,no,no,0,0,yes,no,,0,,no,no,no
fly_step_run_plr_gravel,raw\sound\fly\footsteps\run\dirt\dirt_run_03.LN65.pc.snd.wav,fly_gear_run_plr,loaded,bus_fx,grp_foley,snp_foley,,40,0,62,65,0,5000,5000,allon,default,allon,default,2,8,oldest,oldest,-170,170,70,70,0,1,2d,front,nonlooping,,1,10,0,0,0,0.25,no,yes,none,0,,no,,,yes,no,no,0,0,yes,no,,0,,no,no,no
fly_step_run_plr_gravel,raw\sound\fly\footsteps\run\dirt\dirt_run_04.LN65.pc.snd.wav,fly_gear_run_plr,loaded,bus_fx,grp_foley,snp_foley,,40,0,62,65,0,5000,5000,allon,default,allon,default,2,8,oldest,oldest,-170,170,70,70,0,1,2d,front,nonlooping,,1,10,0,0,0,0.25,no,yes,none,0,,no,,,yes,no,no,0,0,yes,no,,0,,no,no,no
fly_step_run_plr_ice,raw\sound\fly\footsteps\run\ice\ice_run_00.LN65.pc.snd.wav,fly_gear_run_plr,loaded,bus_fx,grp_foley,snp_foley,,40,0,62,65,0,5000,5000,allon,default,allon,default,2,8,oldest,oldest,-170,170,70,70,0,1,2d,front,nonlooping,,1,10,0,0,0,0.25,no,yes,none,0,,no,,,yes,no,no,0,0,yes,no,,0,,no,no,no
fly_step_run_plr_ice,raw\sound\fly\footsteps\run\ice\ice_run_01.LN65.pc.snd.wav,fly_gear_run_plr,loaded,bus_fx,grp_foley,snp_foley,,40,0,62,65,0,5000,5000,allon,default,allon,default,2,8,oldest,oldest,-170,170,70,70,0,1,2d,front,nonlooping,,1,10,0,0,0,0.25,no,yes,none,0,,no,,,yes,no,no,0,0,yes,no,,0,,no,no,no
fly_step_run_plr_ice,raw\sound\fly\footsteps\run\ice\ice_run_02.LN65.pc.snd.wav,fly_gear_run_plr,loaded,bus_fx,grp_foley,snp_foley,,40,0,62,65,0,5000,5000,allon,default,allon,default,2,8,oldest,oldest,-170,170,70,70,0,1,2d,front,nonlooping,,1,10,0,0,0,0.25,no,yes,none,0,,no,,,yes,no,no,0,0,yes,no,,0,,no,no,no
fly_step_run_plr_ice,raw\sound\fly\footsteps\run\ice\ice_run_03.LN65.pc.snd.wav,fly_gear_run_plr,loaded,bus_fx,grp_foley,snp_foley,,40,0,62,65,0,5000,5000,allon,default,allon,default,2,8,oldest,oldest,-170,170,70,70,0,1,2d,front,nonlooping,,1,10,0,0,0,0.25,no,yes,none,0,,no,,,yes,no,no,0,0,yes,no,,0,,no,no,no
fly_step_run_plr_metal,raw\sound\fly\footsteps\run\metal\metal_run_00.LN65.pc.snd.wav,fly_gear_run_plr,loaded,bus_fx,grp_foley,snp_foley,,40,0,62,65,0,5000,5000,allon,default,allon,default,2,8,oldest,oldest,-170,170,70,70,0,1,2d,front,nonlooping,,1,10,0,0,0,0.25,no,yes,none,0,,no,,,yes,no,no,0,0,yes,no,,0,,no,no,no
fly_step_run_plr_metal,raw\sound\fly\footsteps\run\metal\metal_run_01.LN65.pc.snd.wav,fly_gear_run_plr,loaded,bus_fx,grp_foley,snp_foley,,40,0,62,65,0,5000,5000,allon,default,allon,default,2,8,oldest,oldest,-170,170,70,70,0,1,2d,front,nonlooping,,1,10,0,0,0,0.25,no,yes,none,0,,no,,,yes,no,no,0,0,yes,no,,0,,no,no,no
fly_step_run_plr_metal,raw\sound\fly\footsteps\run\metal\metal_run_02.LN65.pc.snd.wav,fly_gear_run_plr,loaded,bus_fx,grp_foley,snp_foley,,40,0,62,65,0,5000,5000,allon,default,allon,default,2,8,oldest,oldest,-170,170,70,70,0,1,2d,front,nonlooping,,1,10,0,0,0,0.25,no,yes,none,0,,no,,,yes,no,no,0,0,yes,no,,0,,no,no,no
fly_step_run_plr_metal,raw\sound\fly\footsteps\run\metal\metal_run_03.LN65.pc.snd.wav,fly_gear_run_plr,loaded,bus_fx,grp_foley,snp_foley,,40,0,62,65,0,5000,5000,allon,default,allon,default,2,8,oldest,oldest,-170,170,70,70,0,1,2d,front,nonlooping,,1,10,0,0,0,0.25,no,yes,none,0,,no,,,yes,no,no,0,0,yes,no,,0,,no,no,no
fly_step_run_plr_metal,raw\sound\fly\footsteps\run\metal\metal_run_04.LN65.pc.snd.wav,fly_gear_run_plr,loaded,bus_fx,grp_foley,snp_foley,,40,0,62,65,0,5000,5000,allon,default,allon,default,2,8,oldest,oldest,-170,170,70,70,0,1,2d,front,nonlooping,,1,10,0,0,0,0.25,no,yes,none,0,,no,,,yes,no,no,0,0,yes,no,,0,,no,no,no
fly_step_run_plr_mud,raw\sound\fly\footsteps\run\mud\mud_run_00.LN65.pc.snd.wav,fly_gear_run_plr,loaded,bus_fx,grp_foley,snp_foley,,40,0,62,65,0,5000,5000,allon,default,allon,default,2,8,oldest,oldest,-170,170,70,70,0,1,2d,front,nonlooping,,1,10,0,0,0,0.25,no,yes,none,0,,no,,,yes,no,no,0,0,yes,no,,0,,no,no,no
fly_step_run_plr_mud,raw\sound\fly\footsteps\run\mud\mud_run_01.LN65.pc.snd.wav,fly_gear_run_plr,loaded,bus_fx,grp_foley,snp_foley,,40,0,62,65,0,5000,5000,allon,default,allon,default,2,8,oldest,oldest,-170,170,70,70,0,1,2d,front,nonlooping,,1,10,0,0,0,0.25,no,yes,none,0,,no,,,yes,no,no,0,0,yes,no,,0,,no,no,no
fly_step_run_plr_mud,raw\sound\fly\footsteps\run\mud\mud_run_02.LN65.pc.snd.wav,fly_gear_run_plr,loaded,bus_fx,grp_foley,snp_foley,,40,0,62,65,0,5000,5000,allon,default,allon,default,2,8,oldest,oldest,-170,170,70,70,0,1,2d,front,nonlooping,,1,10,0,0,0,0.25,no,yes,none,0,,no,,,yes,no,no,0,0,yes,no,,0,,no,no,no
fly_step_run_plr_mud,raw\sound\fly\footsteps\run\mud\mud_run_03.LN65.pc.snd.wav,fly_gear_run_plr,loaded,bus_fx,grp_foley,snp_foley,,40,0,62,65,0,5000,5000,allon,default,allon,default,2,8,oldest,oldest,-170,170,70,70,0,1,2d,front,nonlooping,,1,10,0,0,0,0.25,no,yes,none,0,,no,,,yes,no,no,0,0,yes,no,,0,,no,no,no
fly_step_run_plr_paintedmetal,raw\sound\fly\footsteps\run\metal\metal_run_00.LN65.pc.snd.wav,fly_gear_run_plr,loaded,bus_fx,grp_foley,snp_foley,,40,0,62,65,0,5000,5000,allon,default,allon,default,2,8,oldest,oldest,-170,170,70,70,0,1,2d,front,nonlooping,,1,10,0,0,0,0.25,no,yes,none,0,,no,,,yes,no,no,0,0,yes,no,,0,,no,no,no
fly_step_run_plr_paintedmetal,raw\sound\fly\footsteps\run\metal\metal_run_01.LN65.pc.snd.wav,fly_gear_run_plr,loaded,bus_fx,grp_foley,snp_foley,,40,0,62,65,0,5000,5000,allon,default,allon,default,2,8,oldest,oldest,-170,170,70,70,0,1,2d,front,nonlooping,,1,10,0,0,0,0.25,no,yes,none,0,,no,,,yes,no,no,0,0,yes,no,,0,,no,no,no
fly_step_run_plr_paintedmetal,raw\sound\fly\footsteps\run\metal\metal_run_02.LN65.pc.snd.wav,fly_gear_run_plr,loaded,bus_fx,grp_foley,snp_foley,,40,0,62,65,0,5000,5000,allon,default,allon,default,2,8,oldest,oldest,-170,170,70,70,0,1,2d,front,nonlooping,,1,10,0,0,0,0.25,no,yes,none,0,,no,,,yes,no,no,0,0,yes,no,,0,,no,no,no
fly_step_run_plr_paintedmetal,raw\sound\fly\footsteps\run\metal\metal_run_03.LN65.pc.snd.wav,fly_gear_run_plr,loaded,bus_fx,grp_foley,snp_foley,,40,0,62,65,0,5000,5000,allon,default,allon,default,2,8,oldest,oldest,-170,170,70,70,0,1,2d,front,nonlooping,,1,10,0,0,0,0.25,no,yes,none,0,,no,,,yes,no,no,0,0,yes,no,,0,,no,no,no
fly_step_run_plr_paintedmetal,raw\sound\fly\footsteps\run\metal\metal_run_04.LN65.pc.snd.wav,fly_gear_run_plr,loaded,bus_fx,grp_foley,snp_foley,,40,0,62,65,0,5000,5000,allon,default,allon,default,2,8,oldest,oldest,-170,170,70,70,0,1,2d,front,nonlooping,,1,10,0,0,0,0.25,no,yes,none,0,,no,,,yes,no,no,0,0,yes,no,,0,,no,no,no
fly_step_run_plr_paper,raw\sound\fly\footsteps\run\concrete\concrete_run_00.LN65.pc.snd.wav,fly_gear_run_plr,loaded,bus_fx,grp_foley,snp_foley,,40,0,62,65,0,5000,5000,allon,default,allon,default,2,8,oldest,oldest,-170,170,70,70,0,1,2d,front,nonlooping,,1,10,0,0,0,0.25,no,yes,none,0,,no,,,yes,no,no,0,0,yes,no,,0,,no,no,no
fly_step_run_plr_paper,raw\sound\fly\footsteps\run\concrete\concrete_run_01.LN65.pc.snd.wav,fly_gear_run_plr,loaded,bus_fx,grp_foley,snp_foley,,40,0,62,65,0,5000,5000,allon,default,allon,default,2,8,oldest,oldest,-170,170,70,70,0,1,2d,front,nonlooping,,1,10,0,0,0,0.25,no,yes,none,0,,no,,,yes,no,no,0,0,yes,no,,0,,no,no,no
fly_step_run_plr_paper,raw\sound\fly\footsteps\run\concrete\concrete_run_02.LN65.pc.snd.wav,fly_gear_run_plr,loaded,bus_fx,grp_foley,snp_foley,,40,0,62,65,0,5000,5000,allon,default,allon,default,2,8,oldest,oldest,-170,170,70,70,0,1,2d,front,nonlooping,,1,10,0,0,0,0.25,no,yes,none,0,,no,,,yes,no,no,0,0,yes,no,,0,,no,no,no
fly_step_run_plr_paper,raw\sound\fly\footsteps\run\concrete\concrete_run_03.LN65.pc.snd.wav,fly_gear_run_plr,loaded,bus_fx,grp_foley,snp_foley,,40,0,62,65,0,5000,5000,allon,default,allon,default,2,8,oldest,oldest,-170,170,70,70,0,1,2d,front,nonlooping,,1,10,0,0,0,0.25,no,yes,none,0,,no,,,yes,no,no,0,0,yes,no,,0,,no,no,no
fly_step_run_plr_paper,raw\sound\fly\footsteps\run\concrete\concrete_run_04.LN65.pc.snd.wav,fly_gear_run_plr,loaded,bus_fx,grp_foley,snp_foley,,40,0,62,65,0,5000,5000,allon,default,allon,default,2,8,oldest,oldest,-170,170,70,70,0,1,2d,front,nonlooping,,1,10,0,0,0,0.25,no,yes,none,0,,no,,,yes,no,no,0,0,yes,no,,0,,no,no,no
fly_step_run_plr_paper,raw\sound\fly\footsteps\run\concrete\concrete_run_05.LN65.pc.snd.wav,fly_gear_run_plr,loaded,bus_fx,grp_foley,snp_foley,,40,0,62,65,0,5000,5000,allon,default,allon,default,2,8,oldest,oldest,-170,170,70,70,0,1,2d,front,nonlooping,,1,10,0,0,0,0.25,no,yes,none,0,,no,,,yes,no,no,0,0,yes,no,,0,,no,no,no
fly_step_run_plr_plaster,raw\sound\fly\footsteps\run\concrete\concrete_run_00.LN65.pc.snd.wav,fly_gear_run_plr,loaded,bus_fx,grp_foley,snp_foley,,40,0,62,65,0,5000,5000,allon,default,allon,default,2,8,oldest,oldest,-170,170,70,70,0,1,2d,front,nonlooping,,1,10,0,0,0,0.25,no,yes,none,0,,no,,,yes,no,no,0,0,yes,no,,0,,no,no,no
fly_step_run_plr_plaster,raw\sound\fly\footsteps\run\concrete\concrete_run_01.LN65.pc.snd.wav,fly_gear_run_plr,loaded,bus_fx,grp_foley,snp_foley,,40,0,62,65,0,5000,5000,allon,default,allon,default,2,8,oldest,oldest,-170,170,70,70,0,1,2d,front,nonlooping,,1,10,0,0,0,0.25,no,yes,none,0,,no,,,yes,no,no,0,0,yes,no,,0,,no,no,no
fly_step_run_plr_plaster,raw\sound\fly\footsteps\run\concrete\concrete_run_02.LN65.pc.snd.wav,fly_gear_run_plr,loaded,bus_fx,grp_foley,snp_foley,,40,0,62,65,0,5000,5000,allon,default,allon,default,2,8,oldest,oldest,-170,170,70,70,0,1,2d,front,nonlooping,,1,10,0,0,0,0.25,no,yes,none,0,,no,,,yes,no,no,0,0,yes,no,,0,,no,no,no
fly_step_run_plr_plaster,raw\sound\fly\footsteps\run\concrete\concrete_run_03.LN65.pc.snd.wav,fly_gear_run_plr,loaded,bus_fx,grp_foley,snp_foley,,40,0,62,65,0,5000,5000,allon,default,allon,default,2,8,oldest,oldest,-170,170,70,70,0,1,2d,front,nonlooping,,1,10,0,0,0,0.25,no,yes,none,0,,no,,,yes,no,no,0,0,yes,no,,0,,no,no,no
fly_step_run_plr_plaster,raw\sound\fly\footsteps\run\concrete\concrete_run_04.LN65.pc.snd.wav,fly_gear_run_plr,loaded,bus_fx,grp_foley,snp_foley,,40,0,62,65,0,5000,5000,allon,default,allon,default,2,8,oldest,oldest,-170,170,70,70,0,1,2d,front,nonlooping,,1,10,0,0,0,0.25,no,yes,none,0,,no,,,yes,no,no,0,0,yes,no,,0,,no,no,no
fly_step_run_plr_plaster,raw\sound\fly\footsteps\run\concrete\concrete_run_05.LN65.pc.snd.wav,fly_gear_run_plr,loaded,bus_fx,grp_foley,snp_foley,,40,0,62,65,0,5000,5000,allon,default,allon,default,2,8,oldest,oldest,-170,170,70,70,0,1,2d,front,nonlooping,,1,10,0,0,0,0.25,no,yes,none,0,,no,,,yes,no,no,0,0,yes,no,,0,,no,no,no
fly_step_run_plr_plastic,raw\sound\fly\footsteps\run\carpet\carpet_run_00.LN65.pc.snd.wav,fly_gear_run_plr,loaded,bus_fx,grp_foley,snp_foley,,40,0,62,65,0,5000,5000,allon,default,allon,default,2,8,oldest,oldest,-170,170,70,70,0,1,2d,front,nonlooping,,1,10,0,0,0,0.25,no,yes,none,0,,no,,,yes,no,no,0,0,yes,no,,0,,no,no,no
fly_step_run_plr_plastic,raw\sound\fly\footsteps\run\carpet\carpet_run_01.LN65.pc.snd.wav,fly_gear_run_plr,loaded,bus_fx,grp_foley,snp_foley,,40,0,62,65,0,5000,5000,allon,default,allon,default,2,8,oldest,oldest,-170,170,70,70,0,1,2d,front,nonlooping,,1,10,0,0,0,0.25,no,yes,none,0,,no,,,yes,no,no,0,0,yes,no,,0,,no,no,no
fly_step_run_plr_plastic,raw\sound\fly\footsteps\run\carpet\carpet_run_02.LN65.pc.snd.wav,fly_gear_run_plr,loaded,bus_fx,grp_foley,snp_foley,,40,0,62,65,0,5000,5000,allon,default,allon,default,2,8,oldest,oldest,-170,170,70,70,0,1,2d,front,nonlooping,,1,10,0,0,0,0.25,no,yes,none,0,,no,,,yes,no,no,0,0,yes,no,,0,,no,no,no
fly_step_run_plr_plastic,raw\sound\fly\footsteps\run\carpet\carpet_run_03.LN65.pc.snd.wav,fly_gear_run_plr,loaded,bus_fx,grp_foley,snp_foley,,40,0,62,65,0,5000,5000,allon,default,allon,default,2,8,oldest,oldest,-170,170,70,70,0,1,2d,front,nonlooping,,1,10,0,0,0,0.25,no,yes,none,0,,no,,,yes,no,no,0,0,yes,no,,0,,no,no,no
fly_step_run_plr_plastic,raw\sound\fly\footsteps\run\carpet\carpet_run_04.LN65.pc.snd.wav,fly_gear_run_plr,loaded,bus_fx,grp_foley,snp_foley,,40,0,62,65,0,5000,5000,allon,default,allon,default,2,8,oldest,oldest,-170,170,70,70,0,1,2d,front,nonlooping,,1,10,0,0,0,0.25,no,yes,none,0,,no,,,yes,no,no,0,0,yes,no,,0,,no,no,no
fly_step_run_plr_plastic,raw\sound\fly\footsteps\run\carpet\carpet_run_05.LN65.pc.snd.wav,fly_gear_run_plr,loaded,bus_fx,grp_foley,snp_foley,,40,0,62,65,0,5000,5000,allon,default,allon,default,2,8,oldest,oldest,-170,170,70,70,0,1,2d,front,nonlooping,,1,10,0,0,0,0.25,no,yes,none,0,,no,,,yes,no,no,0,0,yes,no,,0,,no,no,no
fly_step_run_plr_plastic,raw\sound\fly\footsteps\run\carpet\carpet_run_06.LN65.pc.snd.wav,fly_gear_run_plr,loaded,bus_fx,grp_foley,snp_foley,,40,0,62,65,0,5000,5000,allon,default,allon,default,2,8,oldest,oldest,-170,170,70,70,0,1,2d,front,nonlooping,,1,10,0,0,0,0.25,no,yes,none,0,,no,,,yes,no,no,0,0,yes,no,,0,,no,no,no
fly_step_run_plr_rock,raw\sound\fly\footsteps\run\concrete\concrete_run_00.LN65.pc.snd.wav,fly_step_run_plr_rock_swt,loaded,bus_fx,grp_foley,snp_foley,,40,0,62,65,0,5000,5000,allon,default,allon,default,2,8,oldest,oldest,-170,170,70,70,0,1,2d,front,nonlooping,,1,10,0,0,0,0.25,no,yes,none,0,,no,,,yes,no,no,0,0,yes,no,,0,,no,no,no
fly_step_run_plr_rock,raw\sound\fly\footsteps\run\concrete\concrete_run_01.LN65.pc.snd.wav,fly_step_run_plr_rock_swt,loaded,bus_fx,grp_foley,snp_foley,,40,0,62,65,0,5000,5000,allon,default,allon,default,2,8,oldest,oldest,-170,170,70,70,0,1,2d,front,nonlooping,,1,10,0,0,0,0.25,no,yes,none,0,,no,,,yes,no,no,0,0,yes,no,,0,,no,no,no
fly_step_run_plr_rock,raw\sound\fly\footsteps\run\concrete\concrete_run_02.LN65.pc.snd.wav,fly_step_run_plr_rock_swt,loaded,bus_fx,grp_foley,snp_foley,,40,0,62,65,0,5000,5000,allon,default,allon,default,2,8,oldest,oldest,-170,170,70,70,0,1,2d,front,nonlooping,,1,10,0,0,0,0.25,no,yes,none,0,,no,,,yes,no,no,0,0,yes,no,,0,,no,no,no
fly_step_run_plr_rock,raw\sound\fly\footsteps\run\concrete\concrete_run_03.LN65.pc.snd.wav,fly_step_run_plr_rock_swt,loaded,bus_fx,grp_foley,snp_foley,,40,0,62,65,0,5000,5000,allon,default,allon,default,2,8,oldest,oldest,-170,170,70,70,0,1,2d,front,nonlooping,,1,10,0,0,0,0.25,no,yes,none,0,,no,,,yes,no,no,0,0,yes,no,,0,,no,no,no
fly_step_run_plr_rock,raw\sound\fly\footsteps\run\concrete\concrete_run_04.LN65.pc.snd.wav,fly_step_run_plr_rock_swt,loaded,bus_fx,grp_foley,snp_foley,,40,0,62,65,0,5000,5000,allon,default,allon,default,2,8,oldest,oldest,-170,170,70,70,0,1,2d,front,nonlooping,,1,10,0,0,0,0.25,no,yes,none,0,,no,,,yes,no,no,0,0,yes,no,,0,,no,no,no
fly_step_run_plr_rock,raw\sound\fly\footsteps\run\concrete\concrete_run_05.LN65.pc.snd.wav,fly_step_run_plr_rock_swt,loaded,bus_fx,grp_foley,snp_foley,,40,0,62,65,0,5000,5000,allon,default,allon,default,2,8,oldest,oldest,-170,170,70,70,0,1,2d,front,nonlooping,,1,10,0,0,0,0.25,no,yes,none,0,,no,,,yes,no,no,0,0,yes,no,,0,,no,no,no
fly_step_run_plr_rock_swt,raw\sound\fly\footsteps\sweeteners\stone\stone_00.LN65.pc.snd.wav,fly_gear_run_plr,loaded,bus_fx,grp_foley,snp_foley,,40,0,62,65,0,5000,5000,allon,default,allon,default,2,8,oldest,oldest,-170,170,70,70,0,1,2d,front,nonlooping,,1,10,0,0,0,0.25,no,yes,none,0,,no,,,yes,no,no,0,0,yes,no,,0,,no,no,no
fly_step_run_plr_rock_swt,raw\sound\fly\footsteps\sweeteners\stone\stone_01.LN65.pc.snd.wav,fly_gear_run_plr,loaded,bus_fx,grp_foley,snp_foley,,40,0,62,65,0,5000,5000,allon,default,allon,default,2,8,oldest,oldest,-170,170,70,70,0,1,2d,front,nonlooping,,1,10,0,0,0,0.25,no,yes,none,0,,no,,,yes,no,no,0,0,yes,no,,0,,no,no,no
fly_step_run_plr_rock_swt,raw\sound\fly\footsteps\sweeteners\stone\stone_02.LN65.pc.snd.wav,fly_gear_run_plr,loaded,bus_fx,grp_foley,snp_foley,,40,0,62,65,0,5000,5000,allon,default,allon,default,2,8,oldest,oldest,-170,170,70,70,0,1,2d,front,nonlooping,,1,10,0,0,0,0.25,no,yes,none,0,,no,,,yes,no,no,0,0,yes,no,,0,,no,no,no
fly_step_run_plr_rock_swt,raw\sound\fly\footsteps\sweeteners\stone\stone_03.LN65.pc.snd.wav,fly_gear_run_plr,loaded,bus_fx,grp_foley,snp_foley,,40,0,62,65,0,5000,5000,allon,default,allon,default,2,8,oldest,oldest,-170,170,70,70,0,1,2d,front,nonlooping,,1,10,0,0,0,0.25,no,yes,none,0,,no,,,yes,no,no,0,0,yes,no,,0,,no,no,no
fly_step_run_plr_rubber,raw\sound\fly\footsteps\run\carpet\carpet_run_00.LN65.pc.snd.wav,fly_gear_run_plr,loaded,bus_fx,grp_foley,snp_foley,,40,0,62,65,0,5000,5000,allon,default,allon,default,2,8,oldest,oldest,-170,170,70,70,0,1,2d,front,nonlooping,,1,10,0,0,0,0.25,no,yes,none,0,,no,,,yes,no,no,0,0,yes,no,,0,,no,no,no
fly_step_run_plr_rubber,raw\sound\fly\footsteps\run\carpet\carpet_run_01.LN65.pc.snd.wav,fly_gear_run_plr,loaded,bus_fx,grp_foley,snp_foley,,40,0,62,65,0,5000,5000,allon,default,allon,default,2,8,oldest,oldest,-170,170,70,70,0,1,2d,front,nonlooping,,1,10,0,0,0,0.25,no,yes,none,0,,no,,,yes,no,no,0,0,yes,no,,0,,no,no,no
fly_step_run_plr_rubber,raw\sound\fly\footsteps\run\carpet\carpet_run_02.LN65.pc.snd.wav,fly_gear_run_plr,loaded,bus_fx,grp_foley,snp_foley,,40,0,62,65,0,5000,5000,allon,default,allon,default,2,8,oldest,oldest,-170,170,70,70,0,1,2d,front,nonlooping,,1,10,0,0,0,0.25,no,yes,none,0,,no,,,yes,no,no,0,0,yes,no,,0,,no,no,no
fly_step_run_plr_rubber,raw\sound\fly\footsteps\run\carpet\carpet_run_03.LN65.pc.snd.wav,fly_gear_run_plr,loaded,bus_fx,grp_foley,snp_foley,,40,0,62,65,0,5000,5000,allon,default,allon,default,2,8,oldest,oldest,-170,170,70,70,0,1,2d,front,nonlooping,,1,10,0,0,0,0.25,no,yes,none,0,,no,,,yes,no,no,0,0,yes,no,,0,,no,no,no
fly_step_run_plr_rubber,raw\sound\fly\footsteps\run\carpet\carpet_run_04.LN65.pc.snd.wav,fly_gear_run_plr,loaded,bus_fx,grp_foley,snp_foley,,40,0,62,65,0,5000,5000,allon,default,allon,default,2,8,oldest,oldest,-170,170,70,70,0,1,2d,front,nonlooping,,1,10,0,0,0,0.25,no,yes,none,0,,no,,,yes,no,no,0,0,yes,no,,0,,no,no,no
fly_step_run_plr_rubber,raw\sound\fly\footsteps\run\carpet\carpet_run_05.LN65.pc.snd.wav,fly_gear_run_plr,loaded,bus_fx,grp_foley,snp_foley,,40,0,62,65,0,5000,5000,allon,default,allon,default,2,8,oldest,oldest,-170,170,70,70,0,1,2d,front,nonlooping,,1,10,0,0,0,0.25,no,yes,none,0,,no,,,yes,no,no,0,0,yes,no,,0,,no,no,no
fly_step_run_plr_rubber,raw\sound\fly\footsteps\run\carpet\carpet_run_06.LN65.pc.snd.wav,fly_gear_run_plr,loaded,bus_fx,grp_foley,snp_foley,,40,0,62,65,0,5000,5000,allon,default,allon,default,2,8,oldest,oldest,-170,170,70,70,0,1,2d,front,nonlooping,,1,10,0,0,0,0.25,no,yes,none,0,,no,,,yes,no,no,0,0,yes,no,,0,,no,no,no
fly_step_run_plr_sand,raw\sound\fly\footsteps\run\sand\sand_run_00.LN65.pc.snd.wav,fly_gear_run_plr,loaded,bus_fx,grp_foley,snp_foley,,40,0,62,65,0,5000,5000,allon,default,allon,default,2,8,oldest,oldest,-170,170,70,70,0,1,2d,front,nonlooping,,1,10,0,0,0,0.25,no,yes,none,0,,no,,,yes,no,no,0,0,yes,no,,0,,no,no,no
fly_step_run_plr_sand,raw\sound\fly\footsteps\run\sand\sand_run_01.LN65.pc.snd.wav,fly_gear_run_plr,loaded,bus_fx,grp_foley,snp_foley,,40,0,62,65,0,5000,5000,allon,default,allon,default,2,8,oldest,oldest,-170,170,70,70,0,1,2d,front,nonlooping,,1,10,0,0,0,0.25,no,yes,none,0,,no,,,yes,no,no,0,0,yes,no,,0,,no,no,no
fly_step_run_plr_sand,raw\sound\fly\footsteps\run\sand\sand_run_02.LN65.pc.snd.wav,fly_gear_run_plr,loaded,bus_fx,grp_foley,snp_foley,,40,0,62,65,0,5000,5000,allon,default,allon,default,2,8,oldest,oldest,-170,170,70,70,0,1,2d,front,nonlooping,,1,10,0,0,0,0.25,no,yes,none,0,,no,,,yes,no,no,0,0,yes,no,,0,,no,no,no
fly_step_run_plr_snow,raw\sound\fly\footsteps\run\snow\snow_run_00.LN65.pc.snd.wav,fly_gear_run_plr,loaded,bus_fx,grp_foley,snp_foley,,40,0,62,65,0,5000,5000,allon,default,allon,default,2,8,oldest,oldest,-170,170,70,70,0,1,2d,front,nonlooping,,1,10,0,0,0,0.25,no,yes,none,0,,no,,,yes,no,no,0,0,yes,no,,0,,no,no,no
fly_step_run_plr_snow,raw\sound\fly\footsteps\run\snow\snow_run_01.LN65.pc.snd.wav,fly_gear_run_plr,loaded,bus_fx,grp_foley,snp_foley,,40,0,62,65,0,5000,5000,allon,default,allon,default,2,8,oldest,oldest,-170,170,70,70,0,1,2d,front,nonlooping,,1,10,0,0,0,0.25,no,yes,none,0,,no,,,yes,no,no,0,0,yes,no,,0,,no,no,no
fly_step_run_plr_snow,raw\sound\fly\footsteps\run\snow\snow_run_02.LN65.pc.snd.wav,fly_gear_run_plr,loaded,bus_fx,grp_foley,snp_foley,,40,0,62,65,0,5000,5000,allon,default,allon,default,2,8,oldest,oldest,-170,170,70,70,0,1,2d,front,nonlooping,,1,10,0,0,0,0.25,no,yes,none,0,,no,,,yes,no,no,0,0,yes,no,,0,,no,no,no
fly_step_run_plr_snow,raw\sound\fly\footsteps\run\snow\snow_run_03.LN65.pc.snd.wav,fly_gear_run_plr,loaded,bus_fx,grp_foley,snp_foley,,40,0,62,65,0,5000,5000,allon,default,allon,default,2,8,oldest,oldest,-170,170,70,70,0,1,2d,front,nonlooping,,1,10,0,0,0,0.25,no,yes,none,0,,no,,,yes,no,no,0,0,yes,no,,0,,no,no,no
fly_step_run_plr_snow,raw\sound\fly\footsteps\run\snow\snow_run_04.LN65.pc.snd.wav,fly_gear_run_plr,loaded,bus_fx,grp_foley,snp_foley,,40,0,62,65,0,5000,5000,allon,default,allon,default,2,8,oldest,oldest,-170,170,70,70,0,1,2d,front,nonlooping,,1,10,0,0,0,0.25,no,yes,none,0,,no,,,yes,no,no,0,0,yes,no,,0,,no,no,no
fly_step_run_plr_water,raw\sound\fly\footsteps\run\water\water_run_00.LN65.pc.snd.wav,fly_gear_run_plr,loaded,bus_fx,grp_foley,snp_foley,,40,0,62,65,0,5000,5000,allon,default,allon,default,2,8,oldest,oldest,-170,170,70,70,0,1,2d,front,nonlooping,,1,10,0,0,0,0.25,no,yes,none,0,,no,,,yes,no,no,0,0,yes,no,,0,,no,no,no
fly_step_run_plr_water,raw\sound\fly\footsteps\run\water\water_run_01.LN65.pc.snd.wav,fly_gear_run_plr,loaded,bus_fx,grp_foley,snp_foley,,40,0,62,65,0,5000,5000,allon,default,allon,default,2,8,oldest,oldest,-170,170,70,70,0,1,2d,front,nonlooping,,1,10,0,0,0,0.25,no,yes,none,0,,no,,,yes,no,no,0,0,yes,no,,0,,no,no,no
fly_step_run_plr_water,raw\sound\fly\footsteps\run\water\water_run_02.LN65.pc.snd.wav,fly_gear_run_plr,loaded,bus_fx,grp_foley,snp_foley,,40,0,62,65,0,5000,5000,allon,default,allon,default,2,8,oldest,oldest,-170,170,70,70,0,1,2d,front,nonlooping,,1,10,0,0,0,0.25,no,yes,none,0,,no,,,yes,no,no,0,0,yes,no,,0,,no,no,no
fly_step_run_plr_water,raw\sound\fly\footsteps\run\water\water_run_03.LN65.pc.snd.wav,fly_gear_run_plr,loaded,bus_fx,grp_foley,snp_foley,,40,0,62,65,0,5000,5000,allon,default,allon,default,2,8,oldest,oldest,-170,170,70,70,0,1,2d,front,nonlooping,,1,10,0,0,0,0.25,no,yes,none,0,,no,,,yes,no,no,0,0,yes,no,,0,,no,no,no
fly_step_run_plr_water,raw\sound\fly\footsteps\run\water\water_run_04.LN65.pc.snd.wav,fly_gear_run_plr,loaded,bus_fx,grp_foley,snp_foley,,40,0,62,65,0,5000,5000,allon,default,allon,default,2,8,oldest,oldest,-170,170,70,70,0,1,2d,front,nonlooping,,1,10,0,0,0,0.25,no,yes,none,0,,no,,,yes,no,no,0,0,yes,no,,0,,no,no,no
fly_step_run_plr_wood,raw\sound\fly\footsteps\run\wood\wood_run_00.LN65.pc.snd.wav,fly_gear_run_plr,loaded,bus_fx,grp_foley,snp_foley,,40,0,62,65,0,5000,5000,allon,default,allon,default,2,8,oldest,oldest,-170,170,70,70,0,1,2d,front,nonlooping,,1,10,0,0,0,0.25,no,yes,none,0,,no,,,yes,no,no,0,0,yes,no,,0,,no,no,no
fly_step_run_plr_wood,raw\sound\fly\footsteps\run\wood\wood_run_01.LN65.pc.snd.wav,fly_gear_run_plr,loaded,bus_fx,grp_foley,snp_foley,,40,0,62,65,0,5000,5000,allon,default,allon,default,2,8,oldest,oldest,-170,170,70,70,0,1,2d,front,nonlooping,,1,10,0,0,0,0.25,no,yes,none,0,,no,,,yes,no,no,0,0,yes,no,,0,,no,no,no
fly_step_run_plr_wood,raw\sound\fly\footsteps\run\wood\wood_run_02.LN65.pc.snd.wav,fly_gear_run_plr,loaded,bus_fx,grp_foley,snp_foley,,40,0,62,65,0,5000,5000,allon,default,allon,default,2,8,oldest,oldest,-170,170,70,70,0,1,2d,front,nonlooping,,1,10,0,0,0,0.25,no,yes,none,0,,no,,,yes,no,no,0,0,yes,no,,0,,no,no,no
fly_step_run_plr_wood,raw\sound\fly\footsteps\run\wood\wood_run_03.LN65.pc.snd.wav,fly_gear_run_plr,loaded,bus_fx,grp_foley,snp_foley,,40,0,62,65,0,5000,5000,allon,default,allon,default,2,8,oldest,oldest,-170,170,70,70,0,1,2d,front,nonlooping,,1,10,0,0,0,0.25,no,yes,none,0,,no,,,yes,no,no,0,0,yes,no,,0,,no,no,no
fly_step_run_plr_wood,raw\sound\fly\footsteps\run\wood\wood_run_04.LN65.pc.snd.wav,fly_gear_run_plr,loaded,bus_fx,grp_foley,snp_foley,,40,0,62,65,0,5000,5000,allon,default,allon,default,2,8,oldest,oldest,-170,170,70,70,0,1,2d,front,nonlooping,,1,10,0,0,0,0.25,no,yes,none,0,,no,,,yes,no,no,0,0,yes,no,,0,,no,no,no
fly_step_run_plr_wood,raw\sound\fly\footsteps\run\wood\wood_run_05.LN65.pc.snd.wav,fly_gear_run_plr,loaded,bus_fx,grp_foley,snp_foley,,40,0,62,65,0,5000,5000,allon,default,allon,default,2,8,oldest,oldest,-170,170,70,70,0,1,2d,front,nonlooping,,1,10,0,0,0,0.25,no,yes,none,0,,no,,,yes,no,no,0,0,yes,no,,0,,no,no,no
fly_step_sprint_plr_asphalt,raw\sound\fly\footsteps\run\concrete\concrete_run_00.LN65.pc.snd.wav,fly_step_sprint_plr_asphalt_swt,loaded,bus_fx,grp_foley,snp_foley,,50,0,74,77,0,5000,5000,allon,default,allon,default,2,8,oldest,oldest,-200,200,70,70,0,1,2d,front,nonlooping,,1,10,0,0,0,0.25,no,yes,none,0,,no,,,yes,no,no,0,0,yes,no,,0,,no,no,no
fly_step_sprint_plr_asphalt,raw\sound\fly\footsteps\run\concrete\concrete_run_01.LN65.pc.snd.wav,fly_step_sprint_plr_asphalt_swt,loaded,bus_fx,grp_foley,snp_foley,,50,0,74,77,0,5000,5000,allon,default,allon,default,2,8,oldest,oldest,-200,200,70,70,0,1,2d,front,nonlooping,,1,10,0,0,0,0.25,no,yes,none,0,,no,,,yes,no,no,0,0,yes,no,,0,,no,no,no
fly_step_sprint_plr_asphalt,raw\sound\fly\footsteps\run\concrete\concrete_run_02.LN65.pc.snd.wav,fly_step_sprint_plr_asphalt_swt,loaded,bus_fx,grp_foley,snp_foley,,50,0,74,77,0,5000,5000,allon,default,allon,default,2,8,oldest,oldest,-200,200,70,70,0,1,2d,front,nonlooping,,1,10,0,0,0,0.25,no,yes,none,0,,no,,,yes,no,no,0,0,yes,no,,0,,no,no,no
fly_step_sprint_plr_asphalt,raw\sound\fly\footsteps\run\concrete\concrete_run_03.LN65.pc.snd.wav,fly_step_sprint_plr_asphalt_swt,loaded,bus_fx,grp_foley,snp_foley,,50,0,74,77,0,5000,5000,allon,default,allon,default,2,8,oldest,oldest,-200,200,70,70,0,1,2d,front,nonlooping,,1,10,0,0,0,0.25,no,yes,none,0,,no,,,yes,no,no,0,0,yes,no,,0,,no,no,no
fly_step_sprint_plr_asphalt,raw\sound\fly\footsteps\run\concrete\concrete_run_04.LN65.pc.snd.wav,fly_step_sprint_plr_asphalt_swt,loaded,bus_fx,grp_foley,snp_foley,,50,0,74,77,0,5000,5000,allon,default,allon,default,2,8,oldest,oldest,-200,200,70,70,0,1,2d,front,nonlooping,,1,10,0,0,0,0.25,no,yes,none,0,,no,,,yes,no,no,0,0,yes,no,,0,,no,no,no
fly_step_sprint_plr_asphalt,raw\sound\fly\footsteps\run\concrete\concrete_run_05.LN65.pc.snd.wav,fly_step_sprint_plr_asphalt_swt,loaded,bus_fx,grp_foley,snp_foley,,50,0,74,77,0,5000,5000,allon,default,allon,default,2,8,oldest,oldest,-200,200,70,70,0,1,2d,front,nonlooping,,1,10,0,0,0,0.25,no,yes,none,0,,no,,,yes,no,no,0,0,yes,no,,0,,no,no,no
fly_step_sprint_plr_asphalt_swt,raw\sound\fly\footsteps\sweeteners\asphault\asphault_00.LN65.pc.snd.wav,fly_gear_sprint_plr,loaded,bus_fx,grp_foley,snp_foley,,50,0,74,77,0,5000,5000,allon,default,allon,default,2,8,oldest,oldest,-200,200,70,70,0,1,2d,front,nonlooping,,1,10,0,0,0,0.25,no,yes,none,0,,no,,,yes,no,no,0,0,yes,no,,0,,no,no,no
fly_step_sprint_plr_asphalt_swt,raw\sound\fly\footsteps\sweeteners\asphault\asphault_01.LN65.pc.snd.wav,fly_gear_sprint_plr,loaded,bus_fx,grp_foley,snp_foley,,50,0,74,77,0,5000,5000,allon,default,allon,default,2,8,oldest,oldest,-200,200,70,70,0,1,2d,front,nonlooping,,1,10,0,0,0,0.25,no,yes,none,0,,no,,,yes,no,no,0,0,yes,no,,0,,no,no,no
fly_step_sprint_plr_asphalt_swt,raw\sound\fly\footsteps\sweeteners\asphault\asphault_02.LN65.pc.snd.wav,fly_gear_sprint_plr,loaded,bus_fx,grp_foley,snp_foley,,50,0,74,77,0,5000,5000,allon,default,allon,default,2,8,oldest,oldest,-200,200,70,70,0,1,2d,front,nonlooping,,1,10,0,0,0,0.25,no,yes,none,0,,no,,,yes,no,no,0,0,yes,no,,0,,no,no,no
fly_step_sprint_plr_asphalt_swt,raw\sound\fly\footsteps\sweeteners\asphault\asphault_03.LN65.pc.snd.wav,fly_gear_sprint_plr,loaded,bus_fx,grp_foley,snp_foley,,50,0,74,77,0,5000,5000,allon,default,allon,default,2,8,oldest,oldest,-200,200,70,70,0,1,2d,front,nonlooping,,1,10,0,0,0,0.25,no,yes,none,0,,no,,,yes,no,no,0,0,yes,no,,0,,no,no,no
fly_step_sprint_plr_asphalt_swt,raw\sound\fly\footsteps\sweeteners\asphault\asphault_04.LN65.pc.snd.wav,fly_gear_sprint_plr,loaded,bus_fx,grp_foley,snp_foley,,50,0,74,77,0,5000,5000,allon,default,allon,default,2,8,oldest,oldest,-200,200,70,70,0,1,2d,front,nonlooping,,1,10,0,0,0,0.25,no,yes,none,0,,no,,,yes,no,no,0,0,yes,no,,0,,no,no,no
fly_step_sprint_plr_bark,raw\sound\fly\footsteps\run\wood\wood_run_00.LN65.pc.snd.wav,fly_gear_sprint_plr,loaded,bus_fx,grp_foley,snp_foley,,50,0,74,77,0,5000,5000,allon,default,allon,default,2,8,oldest,oldest,-200,200,70,70,0,1,2d,front,nonlooping,,1,10,0,0,0,0.25,no,yes,none,0,,no,,,yes,no,no,0,0,yes,no,,0,,no,no,no
fly_step_sprint_plr_bark,raw\sound\fly\footsteps\run\wood\wood_run_01.LN65.pc.snd.wav,fly_gear_sprint_plr,loaded,bus_fx,grp_foley,snp_foley,,50,0,74,77,0,5000,5000,allon,default,allon,default,2,8,oldest,oldest,-200,200,70,70,0,1,2d,front,nonlooping,,1,10,0,0,0,0.25,no,yes,none,0,,no,,,yes,no,no,0,0,yes,no,,0,,no,no,no
fly_step_sprint_plr_bark,raw\sound\fly\footsteps\run\wood\wood_run_02.LN65.pc.snd.wav,fly_gear_sprint_plr,loaded,bus_fx,grp_foley,snp_foley,,50,0,74,77,0,5000,5000,allon,default,allon,default,2,8,oldest,oldest,-200,200,70,70,0,1,2d,front,nonlooping,,1,10,0,0,0,0.25,no,yes,none,0,,no,,,yes,no,no,0,0,yes,no,,0,,no,no,no
fly_step_sprint_plr_bark,raw\sound\fly\footsteps\run\wood\wood_run_03.LN65.pc.snd.wav,fly_gear_sprint_plr,loaded,bus_fx,grp_foley,snp_foley,,50,0,74,77,0,5000,5000,allon,default,allon,default,2,8,oldest,oldest,-200,200,70,70,0,1,2d,front,nonlooping,,1,10,0,0,0,0.25,no,yes,none,0,,no,,,yes,no,no,0,0,yes,no,,0,,no,no,no
fly_step_sprint_plr_bark,raw\sound\fly\footsteps\run\wood\wood_run_04.LN65.pc.snd.wav,fly_gear_sprint_plr,loaded,bus_fx,grp_foley,snp_foley,,50,0,74,77,0,5000,5000,allon,default,allon,default,2,8,oldest,oldest,-200,200,70,70,0,1,2d,front,nonlooping,,1,10,0,0,0,0.25,no,yes,none,0,,no,,,yes,no,no,0,0,yes,no,,0,,no,no,no
fly_step_sprint_plr_bark,raw\sound\fly\footsteps\run\wood\wood_run_05.LN65.pc.snd.wav,fly_gear_sprint_plr,loaded,bus_fx,grp_foley,snp_foley,,50,0,74,77,0,5000,5000,allon,default,allon,default,2,8,oldest,oldest,-200,200,70,70,0,1,2d,front,nonlooping,,1,10,0,0,0,0.25,no,yes,none,0,,no,,,yes,no,no,0,0,yes,no,,0,,no,no,no
fly_step_sprint_plr_brick,raw\sound\fly\footsteps\run\concrete\concrete_run_00.LN65.pc.snd.wav,fly_step_sprint_plr_brick_swt,loaded,bus_fx,grp_foley,snp_foley,,50,0,74,77,0,5000,5000,allon,default,allon,default,2,8,oldest,oldest,-200,200,70,70,0,1,2d,front,nonlooping,,1,10,0,0,0,0.25,no,yes,none,0,,no,,,yes,no,no,0,0,yes,no,,0,,no,no,no
fly_step_sprint_plr_brick,raw\sound\fly\footsteps\run\concrete\concrete_run_01.LN65.pc.snd.wav,fly_step_sprint_plr_brick_swt,loaded,bus_fx,grp_foley,snp_foley,,50,0,74,77,0,5000,5000,allon,default,allon,default,2,8,oldest,oldest,-200,200,70,70,0,1,2d,front,nonlooping,,1,10,0,0,0,0.25,no,yes,none,0,,no,,,yes,no,no,0,0,yes,no,,0,,no,no,no
fly_step_sprint_plr_brick,raw\sound\fly\footsteps\run\concrete\concrete_run_02.LN65.pc.snd.wav,fly_step_sprint_plr_brick_swt,loaded,bus_fx,grp_foley,snp_foley,,50,0,74,77,0,5000,5000,allon,default,allon,default,2,8,oldest,oldest,-200,200,70,70,0,1,2d,front,nonlooping,,1,10,0,0,0,0.25,no,yes,none,0,,no,,,yes,no,no,0,0,yes,no,,0,,no,no,no
fly_step_sprint_plr_brick,raw\sound\fly\footsteps\run\concrete\concrete_run_03.LN65.pc.snd.wav,fly_step_sprint_plr_brick_swt,loaded,bus_fx,grp_foley,snp_foley,,50,0,74,77,0,5000,5000,allon,default,allon,default,2,8,oldest,oldest,-200,200,70,70,0,1,2d,front,nonlooping,,1,10,0,0,0,0.25,no,yes,none,0,,no,,,yes,no,no,0,0,yes,no,,0,,no,no,no
fly_step_sprint_plr_brick,raw\sound\fly\footsteps\run\concrete\concrete_run_04.LN65.pc.snd.wav,fly_step_sprint_plr_brick_swt,loaded,bus_fx,grp_foley,snp_foley,,50,0,74,77,0,5000,5000,allon,default,allon,default,2,8,oldest,oldest,-200,200,70,70,0,1,2d,front,nonlooping,,1,10,0,0,0,0.25,no,yes,none,0,,no,,,yes,no,no,0,0,yes,no,,0,,no,no,no
fly_step_sprint_plr_brick,raw\sound\fly\footsteps\run\concrete\concrete_run_05.LN65.pc.snd.wav,fly_step_sprint_plr_brick_swt,loaded,bus_fx,grp_foley,snp_foley,,50,0,74,77,0,5000,5000,allon,default,allon,default,2,8,oldest,oldest,-200,200,70,70,0,1,2d,front,nonlooping,,1,10,0,0,0,0.25,no,yes,none,0,,no,,,yes,no,no,0,0,yes,no,,0,,no,no,no
fly_step_sprint_plr_brick_swt,raw\sound\fly\footsteps\sweeteners\brick\brick_00.LN65.pc.snd.wav,fly_gear_sprint_plr,loaded,bus_fx,grp_foley,snp_foley,,50,0,74,77,0,5000,5000,allon,default,allon,default,2,8,oldest,oldest,-200,200,70,70,0,1,2d,front,nonlooping,,1,10,0,0,0,0.25,no,yes,none,0,,no,,,yes,no,no,0,0,yes,no,,0,,no,no,no
fly_step_sprint_plr_brick_swt,raw\sound\fly\footsteps\sweeteners\brick\brick_01.LN65.pc.snd.wav,fly_gear_sprint_plr,loaded,bus_fx,grp_foley,snp_foley,,50,0,74,77,0,5000,5000,allon,default,allon,default,2,8,oldest,oldest,-200,200,70,70,0,1,2d,front,nonlooping,,1,10,0,0,0,0.25,no,yes,none,0,,no,,,yes,no,no,0,0,yes,no,,0,,no,no,no
fly_step_sprint_plr_brick_swt,raw\sound\fly\footsteps\sweeteners\brick\brick_02.LN65.pc.snd.wav,fly_gear_sprint_plr,loaded,bus_fx,grp_foley,snp_foley,,50,0,74,77,0,5000,5000,allon,default,allon,default,2,8,oldest,oldest,-200,200,70,70,0,1,2d,front,nonlooping,,1,10,0,0,0,0.25,no,yes,none,0,,no,,,yes,no,no,0,0,yes,no,,0,,no,no,no
fly_step_sprint_plr_brick_swt,raw\sound\fly\footsteps\sweeteners\brick\brick_03.LN65.pc.snd.wav,fly_gear_sprint_plr,loaded,bus_fx,grp_foley,snp_foley,,50,0,74,77,0,5000,5000,allon,default,allon,default,2,8,oldest,oldest,-200,200,70,70,0,1,2d,front,nonlooping,,1,10,0,0,0,0.25,no,yes,none,0,,no,,,yes,no,no,0,0,yes,no,,0,,no,no,no
fly_step_sprint_plr_brick_swt,raw\sound\fly\footsteps\sweeteners\brick\brick_04.LN65.pc.snd.wav,fly_gear_sprint_plr,loaded,bus_fx,grp_foley,snp_foley,,50,0,74,77,0,5000,5000,allon,default,allon,default,2,8,oldest,oldest,-200,200,70,70,0,1,2d,front,nonlooping,,1,10,0,0,0,0.25,no,yes,none,0,,no,,,yes,no,no,0,0,yes,no,,0,,no,no,no
fly_step_sprint_plr_carpet,raw\sound\fly\footsteps\run\carpet\carpet_run_00.LN65.pc.snd.wav,fly_gear_sprint_plr,loaded,bus_fx,grp_foley,snp_foley,,50,0,74,77,0,5000,5000,allon,default,allon,default,2,8,oldest,oldest,-200,200,70,70,0,1,2d,front,nonlooping,,1,10,0,0,0,0.25,no,yes,none,0,,no,,,yes,no,no,0,0,yes,no,,0,,no,no,no
fly_step_sprint_plr_carpet,raw\sound\fly\footsteps\run\carpet\carpet_run_01.LN65.pc.snd.wav,fly_gear_sprint_plr,loaded,bus_fx,grp_foley,snp_foley,,50,0,74,77,0,5000,5000,allon,default,allon,default,2,8,oldest,oldest,-200,200,70,70,0,1,2d,front,nonlooping,,1,10,0,0,0,0.25,no,yes,none,0,,no,,,yes,no,no,0,0,yes,no,,0,,no,no,no
fly_step_sprint_plr_carpet,raw\sound\fly\footsteps\run\carpet\carpet_run_02.LN65.pc.snd.wav,fly_gear_sprint_plr,loaded,bus_fx,grp_foley,snp_foley,,50,0,74,77,0,5000,5000,allon,default,allon,default,2,8,oldest,oldest,-200,200,70,70,0,1,2d,front,nonlooping,,1,10,0,0,0,0.25,no,yes,none,0,,no,,,yes,no,no,0,0,yes,no,,0,,no,no,no
fly_step_sprint_plr_carpet,raw\sound\fly\footsteps\run\carpet\carpet_run_03.LN65.pc.snd.wav,fly_gear_sprint_plr,loaded,bus_fx,grp_foley,snp_foley,,50,0,74,77,0,5000,5000,allon,default,allon,default,2,8,oldest,oldest,-200,200,70,70,0,1,2d,front,nonlooping,,1,10,0,0,0,0.25,no,yes,none,0,,no,,,yes,no,no,0,0,yes,no,,0,,no,no,no
fly_step_sprint_plr_carpet,raw\sound\fly\footsteps\run\carpet\carpet_run_04.LN65.pc.snd.wav,fly_gear_sprint_plr,loaded,bus_fx,grp_foley,snp_foley,,50,0,74,77,0,5000,5000,allon,default,allon,default,2,8,oldest,oldest,-200,200,70,70,0,1,2d,front,nonlooping,,1,10,0,0,0,0.25,no,yes,none,0,,no,,,yes,no,no,0,0,yes,no,,0,,no,no,no
fly_step_sprint_plr_carpet,raw\sound\fly\footsteps\run\carpet\carpet_run_05.LN65.pc.snd.wav,fly_gear_sprint_plr,loaded,bus_fx,grp_foley,snp_foley,,50,0,74,77,0,5000,5000,allon,default,allon,default,2,8,oldest,oldest,-200,200,70,70,0,1,2d,front,nonlooping,,1,10,0,0,0,0.25,no,yes,none,0,,no,,,yes,no,no,0,0,yes,no,,0,,no,no,no
fly_step_sprint_plr_carpet,raw\sound\fly\footsteps\run\carpet\carpet_run_06.LN65.pc.snd.wav,fly_gear_sprint_plr,loaded,bus_fx,grp_foley,snp_foley,,50,0,74,77,0,5000,5000,allon,default,allon,default,2,8,oldest,oldest,-200,200,70,70,0,1,2d,front,nonlooping,,1,10,0,0,0,0.25,no,yes,none,0,,no,,,yes,no,no,0,0,yes,no,,0,,no,no,no
fly_step_sprint_plr_ceramic,raw\sound\fly\footsteps\run\concrete\concrete_run_00.LN65.pc.snd.wav,fly_gear_sprint_plr,loaded,bus_fx,grp_foley,snp_foley,,50,0,74,77,0,5000,5000,allon,default,allon,default,2,8,oldest,oldest,-200,200,70,70,0,1,2d,front,nonlooping,,1,10,0,0,0,0.25,no,yes,none,0,,no,,,yes,no,no,0,0,yes,no,,0,,no,no,no
fly_step_sprint_plr_ceramic,raw\sound\fly\footsteps\run\concrete\concrete_run_01.LN65.pc.snd.wav,fly_gear_sprint_plr,loaded,bus_fx,grp_foley,snp_foley,,50,0,74,77,0,5000,5000,allon,default,allon,default,2,8,oldest,oldest,-200,200,70,70,0,1,2d,front,nonlooping,,1,10,0,0,0,0.25,no,yes,none,0,,no,,,yes,no,no,0,0,yes,no,,0,,no,no,no
fly_step_sprint_plr_ceramic,raw\sound\fly\footsteps\run\concrete\concrete_run_02.LN65.pc.snd.wav,fly_gear_sprint_plr,loaded,bus_fx,grp_foley,snp_foley,,50,0,74,77,0,5000,5000,allon,default,allon,default,2,8,oldest,oldest,-200,200,70,70,0,1,2d,front,nonlooping,,1,10,0,0,0,0.25,no,yes,none,0,,no,,,yes,no,no,0,0,yes,no,,0,,no,no,no
fly_step_sprint_plr_ceramic,raw\sound\fly\footsteps\run\concrete\concrete_run_03.LN65.pc.snd.wav,fly_gear_sprint_plr,loaded,bus_fx,grp_foley,snp_foley,,50,0,74,77,0,5000,5000,allon,default,allon,default,2,8,oldest,oldest,-200,200,70,70,0,1,2d,front,nonlooping,,1,10,0,0,0,0.25,no,yes,none,0,,no,,,yes,no,no,0,0,yes,no,,0,,no,no,no
fly_step_sprint_plr_ceramic,raw\sound\fly\footsteps\run\concrete\concrete_run_04.LN65.pc.snd.wav,fly_gear_sprint_plr,loaded,bus_fx,grp_foley,snp_foley,,50,0,74,77,0,5000,5000,allon,default,allon,default,2,8,oldest,oldest,-200,200,70,70,0,1,2d,front,nonlooping,,1,10,0,0,0,0.25,no,yes,none,0,,no,,,yes,no,no,0,0,yes,no,,0,,no,no,no
fly_step_sprint_plr_ceramic,raw\sound\fly\footsteps\run\concrete\concrete_run_05.LN65.pc.snd.wav,fly_gear_sprint_plr,loaded,bus_fx,grp_foley,snp_foley,,50,0,74,77,0,5000,5000,allon,default,allon,default,2,8,oldest,oldest,-200,200,70,70,0,1,2d,front,nonlooping,,1,10,0,0,0,0.25,no,yes,none,0,,no,,,yes,no,no,0,0,yes,no,,0,,no,no,no
fly_step_sprint_plr_cloth,raw\sound\fly\footsteps\run\carpet\carpet_run_00.LN65.pc.snd.wav,fly_gear_sprint_plr,loaded,bus_fx,grp_foley,snp_foley,,50,0,74,77,0,5000,5000,allon,default,allon,default,2,8,oldest,oldest,-200,200,70,70,0,1,2d,front,nonlooping,,1,10,0,0,0,0.25,no,yes,none,0,,no,,,yes,no,no,0,0,yes,no,,0,,no,no,no
fly_step_sprint_plr_cloth,raw\sound\fly\footsteps\run\carpet\carpet_run_01.LN65.pc.snd.wav,fly_gear_sprint_plr,loaded,bus_fx,grp_foley,snp_foley,,50,0,74,77,0,5000,5000,allon,default,allon,default,2,8,oldest,oldest,-200,200,70,70,0,1,2d,front,nonlooping,,1,10,0,0,0,0.25,no,yes,none,0,,no,,,yes,no,no,0,0,yes,no,,0,,no,no,no
fly_step_sprint_plr_cloth,raw\sound\fly\footsteps\run\carpet\carpet_run_02.LN65.pc.snd.wav,fly_gear_sprint_plr,loaded,bus_fx,grp_foley,snp_foley,,50,0,74,77,0,5000,5000,allon,default,allon,default,2,8,oldest,oldest,-200,200,70,70,0,1,2d,front,nonlooping,,1,10,0,0,0,0.25,no,yes,none,0,,no,,,yes,no,no,0,0,yes,no,,0,,no,no,no
fly_step_sprint_plr_cloth,raw\sound\fly\footsteps\run\carpet\carpet_run_03.LN65.pc.snd.wav,fly_gear_sprint_plr,loaded,bus_fx,grp_foley,snp_foley,,50,0,74,77,0,5000,5000,allon,default,allon,default,2,8,oldest,oldest,-200,200,70,70,0,1,2d,front,nonlooping,,1,10,0,0,0,0.25,no,yes,none,0,,no,,,yes,no,no,0,0,yes,no,,0,,no,no,no
fly_step_sprint_plr_cloth,raw\sound\fly\footsteps\run\carpet\carpet_run_04.LN65.pc.snd.wav,fly_gear_sprint_plr,loaded,bus_fx,grp_foley,snp_foley,,50,0,74,77,0,5000,5000,allon,default,allon,default,2,8,oldest,oldest,-200,200,70,70,0,1,2d,front,nonlooping,,1,10,0,0,0,0.25,no,yes,none,0,,no,,,yes,no,no,0,0,yes,no,,0,,no,no,no
fly_step_sprint_plr_cloth,raw\sound\fly\footsteps\run\carpet\carpet_run_05.LN65.pc.snd.wav,fly_gear_sprint_plr,loaded,bus_fx,grp_foley,snp_foley,,50,0,74,77,0,5000,5000,allon,default,allon,default,2,8,oldest,oldest,-200,200,70,70,0,1,2d,front,nonlooping,,1,10,0,0,0,0.25,no,yes,none,0,,no,,,yes,no,no,0,0,yes,no,,0,,no,no,no
fly_step_sprint_plr_cloth,raw\sound\fly\footsteps\run\carpet\carpet_run_06.LN65.pc.snd.wav,fly_gear_sprint_plr,loaded,bus_fx,grp_foley,snp_foley,,50,0,74,77,0,5000,5000,allon,default,allon,default,2,8,oldest,oldest,-200,200,70,70,0,1,2d,front,nonlooping,,1,10,0,0,0,0.25,no,yes,none,0,,no,,,yes,no,no,0,0,yes,no,,0,,no,no,no
fly_step_sprint_plr_concrete,raw\sound\fly\footsteps\run\concrete\concrete_run_00.LN65.pc.snd.wav,fly_gear_sprint_plr,loaded,bus_fx,grp_foley,snp_foley,,50,0,74,77,0,5000,5000,allon,default,allon,default,2,8,oldest,oldest,-200,200,70,70,0,1,2d,front,nonlooping,,1,10,0,0,0,0.25,no,yes,none,0,,no,,,yes,no,no,0,0,yes,no,,0,,no,no,no
fly_step_sprint_plr_concrete,raw\sound\fly\footsteps\run\concrete\concrete_run_01.LN65.pc.snd.wav,fly_gear_sprint_plr,loaded,bus_fx,grp_foley,snp_foley,,50,0,74,77,0,5000,5000,allon,default,allon,default,2,8,oldest,oldest,-200,200,70,70,0,1,2d,front,nonlooping,,1,10,0,0,0,0.25,no,yes,none,0,,no,,,yes,no,no,0,0,yes,no,,0,,no,no,no
fly_step_sprint_plr_concrete,raw\sound\fly\footsteps\run\concrete\concrete_run_02.LN65.pc.snd.wav,fly_gear_sprint_plr,loaded,bus_fx,grp_foley,snp_foley,,50,0,74,77,0,5000,5000,allon,default,allon,default,2,8,oldest,oldest,-200,200,70,70,0,1,2d,front,nonlooping,,1,10,0,0,0,0.25,no,yes,none,0,,no,,,yes,no,no,0,0,yes,no,,0,,no,no,no
fly_step_sprint_plr_concrete,raw\sound\fly\footsteps\run\concrete\concrete_run_03.LN65.pc.snd.wav,fly_gear_sprint_plr,loaded,bus_fx,grp_foley,snp_foley,,50,0,74,77,0,5000,5000,allon,default,allon,default,2,8,oldest,oldest,-200,200,70,70,0,1,2d,front,nonlooping,,1,10,0,0,0,0.25,no,yes,none,0,,no,,,yes,no,no,0,0,yes,no,,0,,no,no,no
fly_step_sprint_plr_concrete,raw\sound\fly\footsteps\run\concrete\concrete_run_04.LN65.pc.snd.wav,fly_gear_sprint_plr,loaded,bus_fx,grp_foley,snp_foley,,50,0,74,77,0,5000,5000,allon,default,allon,default,2,8,oldest,oldest,-200,200,70,70,0,1,2d,front,nonlooping,,1,10,0,0,0,0.25,no,yes,none,0,,no,,,yes,no,no,0,0,yes,no,,0,,no,no,no
fly_step_sprint_plr_concrete,raw\sound\fly\footsteps\run\concrete\concrete_run_05.LN65.pc.snd.wav,fly_gear_sprint_plr,loaded,bus_fx,grp_foley,snp_foley,,50,0,74,77,0,5000,5000,allon,default,allon,default,2,8,oldest,oldest,-200,200,70,70,0,1,2d,front,nonlooping,,1,10,0,0,0,0.25,no,yes,none,0,,no,,,yes,no,no,0,0,yes,no,,0,,no,no,no
fly_step_sprint_plr_cushion,raw\sound\fly\footsteps\run\carpet\carpet_run_00.LN65.pc.snd.wav,fly_gear_sprint_plr,loaded,bus_fx,grp_foley,snp_foley,,50,0,74,77,0,5000,5000,allon,default,allon,default,2,8,oldest,oldest,-200,200,70,70,0,1,2d,front,nonlooping,,1,10,0,0,0,0.25,no,yes,none,0,,no,,,yes,no,no,0,0,yes,no,,0,,no,no,no
fly_step_sprint_plr_cushion,raw\sound\fly\footsteps\run\carpet\carpet_run_01.LN65.pc.snd.wav,fly_gear_sprint_plr,loaded,bus_fx,grp_foley,snp_foley,,50,0,74,77,0,5000,5000,allon,default,allon,default,2,8,oldest,oldest,-200,200,70,70,0,1,2d,front,nonlooping,,1,10,0,0,0,0.25,no,yes,none,0,,no,,,yes,no,no,0,0,yes,no,,0,,no,no,no
fly_step_sprint_plr_cushion,raw\sound\fly\footsteps\run\carpet\carpet_run_02.LN65.pc.snd.wav,fly_gear_sprint_plr,loaded,bus_fx,grp_foley,snp_foley,,50,0,74,77,0,5000,5000,allon,default,allon,default,2,8,oldest,oldest,-200,200,70,70,0,1,2d,front,nonlooping,,1,10,0,0,0,0.25,no,yes,none,0,,no,,,yes,no,no,0,0,yes,no,,0,,no,no,no
fly_step_sprint_plr_cushion,raw\sound\fly\footsteps\run\carpet\carpet_run_03.LN65.pc.snd.wav,fly_gear_sprint_plr,loaded,bus_fx,grp_foley,snp_foley,,50,0,74,77,0,5000,5000,allon,default,allon,default,2,8,oldest,oldest,-200,200,70,70,0,1,2d,front,nonlooping,,1,10,0,0,0,0.25,no,yes,none,0,,no,,,yes,no,no,0,0,yes,no,,0,,no,no,no
fly_step_sprint_plr_cushion,raw\sound\fly\footsteps\run\carpet\carpet_run_04.LN65.pc.snd.wav,fly_gear_sprint_plr,loaded,bus_fx,grp_foley,snp_foley,,50,0,74,77,0,5000,5000,allon,default,allon,default,2,8,oldest,oldest,-200,200,70,70,0,1,2d,front,nonlooping,,1,10,0,0,0,0.25,no,yes,none,0,,no,,,yes,no,no,0,0,yes,no,,0,,no,no,no
fly_step_sprint_plr_cushion,raw\sound\fly\footsteps\run\carpet\carpet_run_05.LN65.pc.snd.wav,fly_gear_sprint_plr,loaded,bus_fx,grp_foley,snp_foley,,50,0,74,77,0,5000,5000,allon,default,allon,default,2,8,oldest,oldest,-200,200,70,70,0,1,2d,front,nonlooping,,1,10,0,0,0,0.25,no,yes,none,0,,no,,,yes,no,no,0,0,yes,no,,0,,no,no,no
fly_step_sprint_plr_cushion,raw\sound\fly\footsteps\run\carpet\carpet_run_06.LN65.pc.snd.wav,fly_gear_sprint_plr,loaded,bus_fx,grp_foley,snp_foley,,50,0,74,77,0,5000,5000,allon,default,allon,default,2,8,oldest,oldest,-200,200,70,70,0,1,2d,front,nonlooping,,1,10,0,0,0,0.25,no,yes,none,0,,no,,,yes,no,no,0,0,yes,no,,0,,no,no,no
fly_step_sprint_plr_default,raw\sound\fly\footsteps\run\dirt\dirt_run_00.LN65.pc.snd.wav,fly_gear_sprint_plr,loaded,bus_fx,grp_foley,snp_foley,,50,0,74,77,0,5000,5000,allon,default,allon,default,2,8,oldest,oldest,-200,200,70,70,0,1,2d,front,nonlooping,,1,10,0,0,0,0.25,no,yes,none,0,,no,,,yes,no,no,0,0,yes,no,,0,,no,no,no
fly_step_sprint_plr_default,raw\sound\fly\footsteps\run\dirt\dirt_run_01.LN65.pc.snd.wav,fly_gear_sprint_plr,loaded,bus_fx,grp_foley,snp_foley,,50,0,74,77,0,5000,5000,allon,default,allon,default,2,8,oldest,oldest,-200,200,70,70,0,1,2d,front,nonlooping,,1,10,0,0,0,0.25,no,yes,none,0,,no,,,yes,no,no,0,0,yes,no,,0,,no,no,no
fly_step_sprint_plr_default,raw\sound\fly\footsteps\run\dirt\dirt_run_02.LN65.pc.snd.wav,fly_gear_sprint_plr,loaded,bus_fx,grp_foley,snp_foley,,50,0,74,77,0,5000,5000,allon,default,allon,default,2,8,oldest,oldest,-200,200,70,70,0,1,2d,front,nonlooping,,1,10,0,0,0,0.25,no,yes,none,0,,no,,,yes,no,no,0,0,yes,no,,0,,no,no,no
fly_step_sprint_plr_default,raw\sound\fly\footsteps\run\dirt\dirt_run_03.LN65.pc.snd.wav,fly_gear_sprint_plr,loaded,bus_fx,grp_foley,snp_foley,,50,0,74,77,0,5000,5000,allon,default,allon,default,2,8,oldest,oldest,-200,200,70,70,0,1,2d,front,nonlooping,,1,10,0,0,0,0.25,no,yes,none,0,,no,,,yes,no,no,0,0,yes,no,,0,,no,no,no
fly_step_sprint_plr_default,raw\sound\fly\footsteps\run\dirt\dirt_run_04.LN65.pc.snd.wav,fly_gear_sprint_plr,loaded,bus_fx,grp_foley,snp_foley,,50,0,74,77,0,5000,5000,allon,default,allon,default,2,8,oldest,oldest,-200,200,70,70,0,1,2d,front,nonlooping,,1,10,0,0,0,0.25,no,yes,none,0,,no,,,yes,no,no,0,0,yes,no,,0,,no,no,no
fly_step_sprint_plr_dirt,raw\sound\fly\footsteps\run\dirt\dirt_run_00.LN65.pc.snd.wav,fly_gear_sprint_plr,loaded,bus_fx,grp_foley,snp_foley,,50,0,74,77,0,5000,5000,allon,default,allon,default,2,8,oldest,oldest,-200,200,70,70,0,1,2d,front,nonlooping,,1,10,0,0,0,0.25,no,yes,none,0,,no,,,yes,no,no,0,0,yes,no,,0,,no,no,no
fly_step_sprint_plr_dirt,raw\sound\fly\footsteps\run\dirt\dirt_run_01.LN65.pc.snd.wav,fly_gear_sprint_plr,loaded,bus_fx,grp_foley,snp_foley,,50,0,74,77,0,5000,5000,allon,default,allon,default,2,8,oldest,oldest,-200,200,70,70,0,1,2d,front,nonlooping,,1,10,0,0,0,0.25,no,yes,none,0,,no,,,yes,no,no,0,0,yes,no,,0,,no,no,no
fly_step_sprint_plr_dirt,raw\sound\fly\footsteps\run\dirt\dirt_run_02.LN65.pc.snd.wav,fly_gear_sprint_plr,loaded,bus_fx,grp_foley,snp_foley,,50,0,74,77,0,5000,5000,allon,default,allon,default,2,8,oldest,oldest,-200,200,70,70,0,1,2d,front,nonlooping,,1,10,0,0,0,0.25,no,yes,none,0,,no,,,yes,no,no,0,0,yes,no,,0,,no,no,no
fly_step_sprint_plr_dirt,raw\sound\fly\footsteps\run\dirt\dirt_run_03.LN65.pc.snd.wav,fly_gear_sprint_plr,loaded,bus_fx,grp_foley,snp_foley,,50,0,74,77,0,5000,5000,allon,default,allon,default,2,8,oldest,oldest,-200,200,70,70,0,1,2d,front,nonlooping,,1,10,0,0,0,0.25,no,yes,none,0,,no,,,yes,no,no,0,0,yes,no,,0,,no,no,no
fly_step_sprint_plr_dirt,raw\sound\fly\footsteps\run\dirt\dirt_run_04.LN65.pc.snd.wav,fly_gear_sprint_plr,loaded,bus_fx,grp_foley,snp_foley,,50,0,74,77,0,5000,5000,allon,default,allon,default,2,8,oldest,oldest,-200,200,70,70,0,1,2d,front,nonlooping,,1,10,0,0,0,0.25,no,yes,none,0,,no,,,yes,no,no,0,0,yes,no,,0,,no,no,no
fly_step_sprint_plr_flesh,raw\sound\fly\footsteps\run\concrete\concrete_run_00.LN65.pc.snd.wav,fly_gear_sprint_plr,loaded,bus_fx,grp_foley,snp_foley,,50,0,74,77,0,5000,5000,allon,default,allon,default,2,8,oldest,oldest,-200,200,70,70,0,1,2d,front,nonlooping,,1,10,0,0,0,0.25,no,yes,none,0,,no,,,yes,no,no,0,0,yes,no,,0,,no,no,no
fly_step_sprint_plr_flesh,raw\sound\fly\footsteps\run\concrete\concrete_run_01.LN65.pc.snd.wav,fly_gear_sprint_plr,loaded,bus_fx,grp_foley,snp_foley,,50,0,74,77,0,5000,5000,allon,default,allon,default,2,8,oldest,oldest,-200,200,70,70,0,1,2d,front,nonlooping,,1,10,0,0,0,0.25,no,yes,none,0,,no,,,yes,no,no,0,0,yes,no,,0,,no,no,no
fly_step_sprint_plr_flesh,raw\sound\fly\footsteps\run\concrete\concrete_run_02.LN65.pc.snd.wav,fly_gear_sprint_plr,loaded,bus_fx,grp_foley,snp_foley,,50,0,74,77,0,5000,5000,allon,default,allon,default,2,8,oldest,oldest,-200,200,70,70,0,1,2d,front,nonlooping,,1,10,0,0,0,0.25,no,yes,none,0,,no,,,yes,no,no,0,0,yes,no,,0,,no,no,no
fly_step_sprint_plr_flesh,raw\sound\fly\footsteps\run\concrete\concrete_run_03.LN65.pc.snd.wav,fly_gear_sprint_plr,loaded,bus_fx,grp_foley,snp_foley,,50,0,74,77,0,5000,5000,allon,default,allon,default,2,8,oldest,oldest,-200,200,70,70,0,1,2d,front,nonlooping,,1,10,0,0,0,0.25,no,yes,none,0,,no,,,yes,no,no,0,0,yes,no,,0,,no,no,no
fly_step_sprint_plr_flesh,raw\sound\fly\footsteps\run\concrete\concrete_run_04.LN65.pc.snd.wav,fly_gear_sprint_plr,loaded,bus_fx,grp_foley,snp_foley,,50,0,74,77,0,5000,5000,allon,default,allon,default,2,8,oldest,oldest,-200,200,70,70,0,1,2d,front,nonlooping,,1,10,0,0,0,0.25,no,yes,none,0,,no,,,yes,no,no,0,0,yes,no,,0,,no,no,no
fly_step_sprint_plr_flesh,raw\sound\fly\footsteps\run\concrete\concrete_run_05.LN65.pc.snd.wav,fly_gear_sprint_plr,loaded,bus_fx,grp_foley,snp_foley,,50,0,74,77,0,5000,5000,allon,default,allon,default,2,8,oldest,oldest,-200,200,70,70,0,1,2d,front,nonlooping,,1,10,0,0,0,0.25,no,yes,none,0,,no,,,yes,no,no,0,0,yes,no,,0,,no,no,no
fly_step_sprint_plr_foliage,raw\sound\fly\footsteps\run\grass\grass_run_00.LN65.pc.snd.wav,fly_gear_sprint_plr,loaded,bus_fx,grp_foley,snp_foley,,50,0,74,77,0,5000,5000,allon,default,allon,default,2,8,oldest,oldest,-200,200,70,70,0,1,2d,front,nonlooping,,1,10,0,0,0,0.25,no,yes,none,0,,no,,,yes,no,no,0,0,yes,no,,0,,no,no,no
fly_step_sprint_plr_foliage,raw\sound\fly\footsteps\run\grass\grass_run_01.LN65.pc.snd.wav,fly_gear_sprint_plr,loaded,bus_fx,grp_foley,snp_foley,,50,0,74,77,0,5000,5000,allon,default,allon,default,2,8,oldest,oldest,-200,200,70,70,0,1,2d,front,nonlooping,,1,10,0,0,0,0.25,no,yes,none,0,,no,,,yes,no,no,0,0,yes,no,,0,,no,no,no
fly_step_sprint_plr_foliage,raw\sound\fly\footsteps\run\grass\grass_run_02.LN65.pc.snd.wav,fly_gear_sprint_plr,loaded,bus_fx,grp_foley,snp_foley,,50,0,74,77,0,5000,5000,allon,default,allon,default,2,8,oldest,oldest,-200,200,70,70,0,1,2d,front,nonlooping,,1,10,0,0,0,0.25,no,yes,none,0,,no,,,yes,no,no,0,0,yes,no,,0,,no,no,no
fly_step_sprint_plr_foliage,raw\sound\fly\footsteps\run\grass\grass_run_03.LN65.pc.snd.wav,fly_gear_sprint_plr,loaded,bus_fx,grp_foley,snp_foley,,50,0,74,77,0,5000,5000,allon,default,allon,default,2,8,oldest,oldest,-200,200,70,70,0,1,2d,front,nonlooping,,1,10,0,0,0,0.25,no,yes,none,0,,no,,,yes,no,no,0,0,yes,no,,0,,no,no,no
fly_step_sprint_plr_foliage,raw\sound\fly\footsteps\run\grass\grass_run_04.LN65.pc.snd.wav,fly_gear_sprint_plr,loaded,bus_fx,grp_foley,snp_foley,,50,0,74,77,0,5000,5000,allon,default,allon,default,2,8,oldest,oldest,-200,200,70,70,0,1,2d,front,nonlooping,,1,10,0,0,0,0.25,no,yes,none,0,,no,,,yes,no,no,0,0,yes,no,,0,,no,no,no
fly_step_sprint_plr_fruit,raw\sound\fly\footsteps\run\dirt\dirt_run_00.LN65.pc.snd.wav,fly_gear_sprint_plr,loaded,bus_fx,grp_foley,snp_foley,,50,0,74,77,0,5000,5000,allon,default,allon,default,2,8,oldest,oldest,-200,200,70,70,0,1,2d,front,nonlooping,,1,10,0,0,0,0.25,no,yes,none,0,,no,,,yes,no,no,0,0,yes,no,,0,,no,no,no
fly_step_sprint_plr_fruit,raw\sound\fly\footsteps\run\dirt\dirt_run_01.LN65.pc.snd.wav,fly_gear_sprint_plr,loaded,bus_fx,grp_foley,snp_foley,,50,0,74,77,0,5000,5000,allon,default,allon,default,2,8,oldest,oldest,-200,200,70,70,0,1,2d,front,nonlooping,,1,10,0,0,0,0.25,no,yes,none,0,,no,,,yes,no,no,0,0,yes,no,,0,,no,no,no
fly_step_sprint_plr_fruit,raw\sound\fly\footsteps\run\dirt\dirt_run_02.LN65.pc.snd.wav,fly_gear_sprint_plr,loaded,bus_fx,grp_foley,snp_foley,,50,0,74,77,0,5000,5000,allon,default,allon,default,2,8,oldest,oldest,-200,200,70,70,0,1,2d,front,nonlooping,,1,10,0,0,0,0.25,no,yes,none,0,,no,,,yes,no,no,0,0,yes,no,,0,,no,no,no
fly_step_sprint_plr_fruit,raw\sound\fly\footsteps\run\dirt\dirt_run_03.LN65.pc.snd.wav,fly_gear_sprint_plr,loaded,bus_fx,grp_foley,snp_foley,,50,0,74,77,0,5000,5000,allon,default,allon,default,2,8,oldest,oldest,-200,200,70,70,0,1,2d,front,nonlooping,,1,10,0,0,0,0.25,no,yes,none,0,,no,,,yes,no,no,0,0,yes,no,,0,,no,no,no
fly_step_sprint_plr_fruit,raw\sound\fly\footsteps\run\dirt\dirt_run_04.LN65.pc.snd.wav,fly_gear_sprint_plr,loaded,bus_fx,grp_foley,snp_foley,,50,0,74,77,0,5000,5000,allon,default,allon,default,2,8,oldest,oldest,-200,200,70,70,0,1,2d,front,nonlooping,,1,10,0,0,0,0.25,no,yes,none,0,,no,,,yes,no,no,0,0,yes,no,,0,,no,no,no
fly_step_sprint_plr_glass,raw\sound\fly\footsteps\run\grass\grass_run_00.LN65.pc.snd.wav,fly_gear_sprint_plr,loaded,bus_fx,grp_foley,snp_foley,,50,0,74,77,0,5000,5000,allon,default,allon,default,2,8,oldest,oldest,-200,200,70,70,0,1,2d,front,nonlooping,,1,10,0,0,0,0.25,no,yes,none,0,,no,,,yes,no,no,0,0,yes,no,,0,,no,no,no
fly_step_sprint_plr_glass,raw\sound\fly\footsteps\run\grass\grass_run_01.LN65.pc.snd.wav,fly_gear_sprint_plr,loaded,bus_fx,grp_foley,snp_foley,,50,0,74,77,0,5000,5000,allon,default,allon,default,2,8,oldest,oldest,-200,200,70,70,0,1,2d,front,nonlooping,,1,10,0,0,0,0.25,no,yes,none,0,,no,,,yes,no,no,0,0,yes,no,,0,,no,no,no
fly_step_sprint_plr_glass,raw\sound\fly\footsteps\run\grass\grass_run_02.LN65.pc.snd.wav,fly_gear_sprint_plr,loaded,bus_fx,grp_foley,snp_foley,,50,0,74,77,0,5000,5000,allon,default,allon,default,2,8,oldest,oldest,-200,200,70,70,0,1,2d,front,nonlooping,,1,10,0,0,0,0.25,no,yes,none,0,,no,,,yes,no,no,0,0,yes,no,,0,,no,no,no
fly_step_sprint_plr_glass,raw\sound\fly\footsteps\run\grass\grass_run_03.LN65.pc.snd.wav,fly_gear_sprint_plr,loaded,bus_fx,grp_foley,snp_foley,,50,0,74,77,0,5000,5000,allon,default,allon,default,2,8,oldest,oldest,-200,200,70,70,0,1,2d,front,nonlooping,,1,10,0,0,0,0.25,no,yes,none,0,,no,,,yes,no,no,0,0,yes,no,,0,,no,no,no
fly_step_sprint_plr_glass,raw\sound\fly\footsteps\run\grass\grass_run_04.LN65.pc.snd.wav,fly_gear_sprint_plr,loaded,bus_fx,grp_foley,snp_foley,,50,0,74,77,0,5000,5000,allon,default,allon,default,2,8,oldest,oldest,-200,200,70,70,0,1,2d,front,nonlooping,,1,10,0,0,0,0.25,no,yes,none,0,,no,,,yes,no,no,0,0,yes,no,,0,,no,no,no
fly_step_sprint_plr_grass,raw\sound\fly\footsteps\run\grass\grass_run_00.LN65.pc.snd.wav,fly_gear_sprint_plr,loaded,bus_fx,grp_foley,snp_foley,,50,0,74,77,0,5000,5000,allon,default,allon,default,2,8,oldest,oldest,-200,200,70,70,0,1,2d,front,nonlooping,,1,10,0,0,0,0.25,no,yes,none,0,,no,,,yes,no,no,0,0,yes,no,,0,,no,no,no
fly_step_sprint_plr_grass,raw\sound\fly\footsteps\run\grass\grass_run_01.LN65.pc.snd.wav,fly_gear_sprint_plr,loaded,bus_fx,grp_foley,snp_foley,,50,0,74,77,0,5000,5000,allon,default,allon,default,2,8,oldest,oldest,-200,200,70,70,0,1,2d,front,nonlooping,,1,10,0,0,0,0.25,no,yes,none,0,,no,,,yes,no,no,0,0,yes,no,,0,,no,no,no
fly_step_sprint_plr_grass,raw\sound\fly\footsteps\run\grass\grass_run_02.LN65.pc.snd.wav,fly_gear_sprint_plr,loaded,bus_fx,grp_foley,snp_foley,,50,0,74,77,0,5000,5000,allon,default,allon,default,2,8,oldest,oldest,-200,200,70,70,0,1,2d,front,nonlooping,,1,10,0,0,0,0.25,no,yes,none,0,,no,,,yes,no,no,0,0,yes,no,,0,,no,no,no
fly_step_sprint_plr_grass,raw\sound\fly\footsteps\run\grass\grass_run_03.LN65.pc.snd.wav,fly_gear_sprint_plr,loaded,bus_fx,grp_foley,snp_foley,,50,0,74,77,0,5000,5000,allon,default,allon,default,2,8,oldest,oldest,-200,200,70,70,0,1,2d,front,nonlooping,,1,10,0,0,0,0.25,no,yes,none,0,,no,,,yes,no,no,0,0,yes,no,,0,,no,no,no
fly_step_sprint_plr_grass,raw\sound\fly\footsteps\run\grass\grass_run_04.LN65.pc.snd.wav,fly_gear_sprint_plr,loaded,bus_fx,grp_foley,snp_foley,,50,0,74,77,0,5000,5000,allon,default,allon,default,2,8,oldest,oldest,-200,200,70,70,0,1,2d,front,nonlooping,,1,10,0,0,0,0.25,no,yes,none,0,,no,,,yes,no,no,0,0,yes,no,,0,,no,no,no
fly_step_sprint_plr_gravel,raw\sound\fly\footsteps\run\dirt\dirt_run_00.LN65.pc.snd.wav,fly_gear_sprint_plr,loaded,bus_fx,grp_foley,snp_foley,,50,0,74,77,0,5000,5000,allon,default,allon,default,2,8,oldest,oldest,-200,200,70,70,0,1,2d,front,nonlooping,,1,10,0,0,0,0.25,no,yes,none,0,,no,,,yes,no,no,0,0,yes,no,,0,,no,no,no
fly_step_sprint_plr_gravel,raw\sound\fly\footsteps\run\dirt\dirt_run_01.LN65.pc.snd.wav,fly_gear_sprint_plr,loaded,bus_fx,grp_foley,snp_foley,,50,0,74,77,0,5000,5000,allon,default,allon,default,2,8,oldest,oldest,-200,200,70,70,0,1,2d,front,nonlooping,,1,10,0,0,0,0.25,no,yes,none,0,,no,,,yes,no,no,0,0,yes,no,,0,,no,no,no
fly_step_sprint_plr_gravel,raw\sound\fly\footsteps\run\dirt\dirt_run_02.LN65.pc.snd.wav,fly_gear_sprint_plr,loaded,bus_fx,grp_foley,snp_foley,,50,0,74,77,0,5000,5000,allon,default,allon,default,2,8,oldest,oldest,-200,200,70,70,0,1,2d,front,nonlooping,,1,10,0,0,0,0.25,no,yes,none,0,,no,,,yes,no,no,0,0,yes,no,,0,,no,no,no
fly_step_sprint_plr_gravel,raw\sound\fly\footsteps\run\dirt\dirt_run_03.LN65.pc.snd.wav,fly_gear_sprint_plr,loaded,bus_fx,grp_foley,snp_foley,,50,0,74,77,0,5000,5000,allon,default,allon,default,2,8,oldest,oldest,-200,200,70,70,0,1,2d,front,nonlooping,,1,10,0,0,0,0.25,no,yes,none,0,,no,,,yes,no,no,0,0,yes,no,,0,,no,no,no
fly_step_sprint_plr_gravel,raw\sound\fly\footsteps\run\dirt\dirt_run_04.LN65.pc.snd.wav,fly_gear_sprint_plr,loaded,bus_fx,grp_foley,snp_foley,,50,0,74,77,0,5000,5000,allon,default,allon,default,2,8,oldest,oldest,-200,200,70,70,0,1,2d,front,nonlooping,,1,10,0,0,0,0.25,no,yes,none,0,,no,,,yes,no,no,0,0,yes,no,,0,,no,no,no
fly_step_sprint_plr_ice,raw\sound\fly\footsteps\run\ice\ice_run_00.LN65.pc.snd.wav,fly_gear_sprint_plr,loaded,bus_fx,grp_foley,snp_foley,,50,0,74,77,0,5000,5000,allon,default,allon,default,2,8,oldest,oldest,-200,200,70,70,0,1,2d,front,nonlooping,,1,10,0,0,0,0.25,no,yes,none,0,,no,,,yes,no,no,0,0,yes,no,,0,,no,no,no
fly_step_sprint_plr_ice,raw\sound\fly\footsteps\run\ice\ice_run_01.LN65.pc.snd.wav,fly_gear_sprint_plr,loaded,bus_fx,grp_foley,snp_foley,,50,0,74,77,0,5000,5000,allon,default,allon,default,2,8,oldest,oldest,-200,200,70,70,0,1,2d,front,nonlooping,,1,10,0,0,0,0.25,no,yes,none,0,,no,,,yes,no,no,0,0,yes,no,,0,,no,no,no
fly_step_sprint_plr_ice,raw\sound\fly\footsteps\run\ice\ice_run_02.LN65.pc.snd.wav,fly_gear_sprint_plr,loaded,bus_fx,grp_foley,snp_foley,,50,0,74,77,0,5000,5000,allon,default,allon,default,2,8,oldest,oldest,-200,200,70,70,0,1,2d,front,nonlooping,,1,10,0,0,0,0.25,no,yes,none,0,,no,,,yes,no,no,0,0,yes,no,,0,,no,no,no
fly_step_sprint_plr_ice,raw\sound\fly\footsteps\run\ice\ice_run_03.LN65.pc.snd.wav,fly_gear_sprint_plr,loaded,bus_fx,grp_foley,snp_foley,,50,0,74,77,0,5000,5000,allon,default,allon,default,2,8,oldest,oldest,-200,200,70,70,0,1,2d,front,nonlooping,,1,10,0,0,0,0.25,no,yes,none,0,,no,,,yes,no,no,0,0,yes,no,,0,,no,no,no
fly_step_sprint_plr_metal,raw\sound\fly\footsteps\run\metal\metal_run_00.LN65.pc.snd.wav,fly_gear_sprint_plr,loaded,bus_fx,grp_foley,snp_foley,,50,0,74,77,0,5000,5000,allon,default,allon,default,2,8,oldest,oldest,-200,200,70,70,0,1,2d,front,nonlooping,,1,10,0,0,0,0.25,no,yes,none,0,,no,,,yes,no,no,0,0,yes,no,,0,,no,no,no
fly_step_sprint_plr_metal,raw\sound\fly\footsteps\run\metal\metal_run_01.LN65.pc.snd.wav,fly_gear_sprint_plr,loaded,bus_fx,grp_foley,snp_foley,,50,0,74,77,0,5000,5000,allon,default,allon,default,2,8,oldest,oldest,-200,200,70,70,0,1,2d,front,nonlooping,,1,10,0,0,0,0.25,no,yes,none,0,,no,,,yes,no,no,0,0,yes,no,,0,,no,no,no
fly_step_sprint_plr_metal,raw\sound\fly\footsteps\run\metal\metal_run_02.LN65.pc.snd.wav,fly_gear_sprint_plr,loaded,bus_fx,grp_foley,snp_foley,,50,0,74,77,0,5000,5000,allon,default,allon,default,2,8,oldest,oldest,-200,200,70,70,0,1,2d,front,nonlooping,,1,10,0,0,0,0.25,no,yes,none,0,,no,,,yes,no,no,0,0,yes,no,,0,,no,no,no
fly_step_sprint_plr_metal,raw\sound\fly\footsteps\run\metal\metal_run_03.LN65.pc.snd.wav,fly_gear_sprint_plr,loaded,bus_fx,grp_foley,snp_foley,,50,0,74,77,0,5000,5000,allon,default,allon,default,2,8,oldest,oldest,-200,200,70,70,0,1,2d,front,nonlooping,,1,10,0,0,0,0.25,no,yes,none,0,,no,,,yes,no,no,0,0,yes,no,,0,,no,no,no
fly_step_sprint_plr_metal,raw\sound\fly\footsteps\run\metal\metal_run_04.LN65.pc.snd.wav,fly_gear_sprint_plr,loaded,bus_fx,grp_foley,snp_foley,,50,0,74,77,0,5000,5000,allon,default,allon,default,2,8,oldest,oldest,-200,200,70,70,0,1,2d,front,nonlooping,,1,10,0,0,0,0.25,no,yes,none,0,,no,,,yes,no,no,0,0,yes,no,,0,,no,no,no
fly_step_sprint_plr_mud,raw\sound\fly\footsteps\run\mud\mud_run_00.LN65.pc.snd.wav,fly_gear_sprint_plr,loaded,bus_fx,grp_foley,snp_foley,,50,0,74,77,0,5000,5000,allon,default,allon,default,2,8,oldest,oldest,-200,200,70,70,0,1,2d,front,nonlooping,,1,10,0,0,0,0.25,no,yes,none,0,,no,,,yes,no,no,0,0,yes,no,,0,,no,no,no
fly_step_sprint_plr_mud,raw\sound\fly\footsteps\run\mud\mud_run_01.LN65.pc.snd.wav,fly_gear_sprint_plr,loaded,bus_fx,grp_foley,snp_foley,,50,0,74,77,0,5000,5000,allon,default,allon,default,2,8,oldest,oldest,-200,200,70,70,0,1,2d,front,nonlooping,,1,10,0,0,0,0.25,no,yes,none,0,,no,,,yes,no,no,0,0,yes,no,,0,,no,no,no
fly_step_sprint_plr_mud,raw\sound\fly\footsteps\run\mud\mud_run_02.LN65.pc.snd.wav,fly_gear_sprint_plr,loaded,bus_fx,grp_foley,snp_foley,,50,0,74,77,0,5000,5000,allon,default,allon,default,2,8,oldest,oldest,-200,200,70,70,0,1,2d,front,nonlooping,,1,10,0,0,0,0.25,no,yes,none,0,,no,,,yes,no,no,0,0,yes,no,,0,,no,no,no
fly_step_sprint_plr_mud,raw\sound\fly\footsteps\run\mud\mud_run_03.LN65.pc.snd.wav,fly_gear_sprint_plr,loaded,bus_fx,grp_foley,snp_foley,,50,0,74,77,0,5000,5000,allon,default,allon,default,2,8,oldest,oldest,-200,200,70,70,0,1,2d,front,nonlooping,,1,10,0,0,0,0.25,no,yes,none,0,,no,,,yes,no,no,0,0,yes,no,,0,,no,no,no
fly_step_sprint_plr_paintedmetal,raw\sound\fly\footsteps\run\metal\metal_run_00.LN65.pc.snd.wav,fly_gear_sprint_plr,loaded,bus_fx,grp_foley,snp_foley,,50,0,74,77,0,5000,5000,allon,default,allon,default,2,8,oldest,oldest,-200,200,70,70,0,1,2d,front,nonlooping,,1,10,0,0,0,0.25,no,yes,none,0,,no,,,yes,no,no,0,0,yes,no,,0,,no,no,no
fly_step_sprint_plr_paintedmetal,raw\sound\fly\footsteps\run\metal\metal_run_01.LN65.pc.snd.wav,fly_gear_sprint_plr,loaded,bus_fx,grp_foley,snp_foley,,50,0,74,77,0,5000,5000,allon,default,allon,default,2,8,oldest,oldest,-200,200,70,70,0,1,2d,front,nonlooping,,1,10,0,0,0,0.25,no,yes,none,0,,no,,,yes,no,no,0,0,yes,no,,0,,no,no,no
fly_step_sprint_plr_paintedmetal,raw\sound\fly\footsteps\run\metal\metal_run_02.LN65.pc.snd.wav,fly_gear_sprint_plr,loaded,bus_fx,grp_foley,snp_foley,,50,0,74,77,0,5000,5000,allon,default,allon,default,2,8,oldest,oldest,-200,200,70,70,0,1,2d,front,nonlooping,,1,10,0,0,0,0.25,no,yes,none,0,,no,,,yes,no,no,0,0,yes,no,,0,,no,no,no
fly_step_sprint_plr_paintedmetal,raw\sound\fly\footsteps\run\metal\metal_run_03.LN65.pc.snd.wav,fly_gear_sprint_plr,loaded,bus_fx,grp_foley,snp_foley,,50,0,74,77,0,5000,5000,allon,default,allon,default,2,8,oldest,oldest,-200,200,70,70,0,1,2d,front,nonlooping,,1,10,0,0,0,0.25,no,yes,none,0,,no,,,yes,no,no,0,0,yes,no,,0,,no,no,no
fly_step_sprint_plr_paintedmetal,raw\sound\fly\footsteps\run\metal\metal_run_04.LN65.pc.snd.wav,fly_gear_sprint_plr,loaded,bus_fx,grp_foley,snp_foley,,50,0,74,77,0,5000,5000,allon,default,allon,default,2,8,oldest,oldest,-200,200,70,70,0,1,2d,front,nonlooping,,1,10,0,0,0,0.25,no,yes,none,0,,no,,,yes,no,no,0,0,yes,no,,0,,no,no,no
fly_step_sprint_plr_paper,raw\sound\fly\footsteps\run\concrete\concrete_run_00.LN65.pc.snd.wav,fly_gear_sprint_plr,loaded,bus_fx,grp_foley,snp_foley,,50,0,74,77,0,5000,5000,allon,default,allon,default,2,8,oldest,oldest,-200,200,70,70,0,1,2d,front,nonlooping,,1,10,0,0,0,0.25,no,yes,none,0,,no,,,yes,no,no,0,0,yes,no,,0,,no,no,no
fly_step_sprint_plr_paper,raw\sound\fly\footsteps\run\concrete\concrete_run_01.LN65.pc.snd.wav,fly_gear_sprint_plr,loaded,bus_fx,grp_foley,snp_foley,,50,0,74,77,0,5000,5000,allon,default,allon,default,2,8,oldest,oldest,-200,200,70,70,0,1,2d,front,nonlooping,,1,10,0,0,0,0.25,no,yes,none,0,,no,,,yes,no,no,0,0,yes,no,,0,,no,no,no
fly_step_sprint_plr_paper,raw\sound\fly\footsteps\run\concrete\concrete_run_02.LN65.pc.snd.wav,fly_gear_sprint_plr,loaded,bus_fx,grp_foley,snp_foley,,50,0,74,77,0,5000,5000,allon,default,allon,default,2,8,oldest,oldest,-200,200,70,70,0,1,2d,front,nonlooping,,1,10,0,0,0,0.25,no,yes,none,0,,no,,,yes,no,no,0,0,yes,no,,0,,no,no,no
fly_step_sprint_plr_paper,raw\sound\fly\footsteps\run\concrete\concrete_run_03.LN65.pc.snd.wav,fly_gear_sprint_plr,loaded,bus_fx,grp_foley,snp_foley,,50,0,74,77,0,5000,5000,allon,default,allon,default,2,8,oldest,oldest,-200,200,70,70,0,1,2d,front,nonlooping,,1,10,0,0,0,0.25,no,yes,none,0,,no,,,yes,no,no,0,0,yes,no,,0,,no,no,no
fly_step_sprint_plr_paper,raw\sound\fly\footsteps\run\concrete\concrete_run_04.LN65.pc.snd.wav,fly_gear_sprint_plr,loaded,bus_fx,grp_foley,snp_foley,,50,0,74,77,0,5000,5000,allon,default,allon,default,2,8,oldest,oldest,-200,200,70,70,0,1,2d,front,nonlooping,,1,10,0,0,0,0.25,no,yes,none,0,,no,,,yes,no,no,0,0,yes,no,,0,,no,no,no
fly_step_sprint_plr_paper,raw\sound\fly\footsteps\run\concrete\concrete_run_05.LN65.pc.snd.wav,fly_gear_sprint_plr,loaded,bus_fx,grp_foley,snp_foley,,50,0,74,77,0,5000,5000,allon,default,allon,default,2,8,oldest,oldest,-200,200,70,70,0,1,2d,front,nonlooping,,1,10,0,0,0,0.25,no,yes,none,0,,no,,,yes,no,no,0,0,yes,no,,0,,no,no,no
fly_step_sprint_plr_plaster,raw\sound\fly\footsteps\run\concrete\concrete_run_00.LN65.pc.snd.wav,fly_gear_sprint_plr,loaded,bus_fx,grp_foley,snp_foley,,50,0,74,77,0,5000,5000,allon,default,allon,default,2,8,oldest,oldest,-200,200,70,70,0,1,2d,front,nonlooping,,1,10,0,0,0,0.25,no,yes,none,0,,no,,,yes,no,no,0,0,yes,no,,0,,no,no,no
fly_step_sprint_plr_plaster,raw\sound\fly\footsteps\run\concrete\concrete_run_01.LN65.pc.snd.wav,fly_gear_sprint_plr,loaded,bus_fx,grp_foley,snp_foley,,50,0,74,77,0,5000,5000,allon,default,allon,default,2,8,oldest,oldest,-200,200,70,70,0,1,2d,front,nonlooping,,1,10,0,0,0,0.25,no,yes,none,0,,no,,,yes,no,no,0,0,yes,no,,0,,no,no,no
fly_step_sprint_plr_plaster,raw\sound\fly\footsteps\run\concrete\concrete_run_02.LN65.pc.snd.wav,fly_gear_sprint_plr,loaded,bus_fx,grp_foley,snp_foley,,50,0,74,77,0,5000,5000,allon,default,allon,default,2,8,oldest,oldest,-200,200,70,70,0,1,2d,front,nonlooping,,1,10,0,0,0,0.25,no,yes,none,0,,no,,,yes,no,no,0,0,yes,no,,0,,no,no,no
fly_step_sprint_plr_plaster,raw\sound\fly\footsteps\run\concrete\concrete_run_03.LN65.pc.snd.wav,fly_gear_sprint_plr,loaded,bus_fx,grp_foley,snp_foley,,50,0,74,77,0,5000,5000,allon,default,allon,default,2,8,oldest,oldest,-200,200,70,70,0,1,2d,front,nonlooping,,1,10,0,0,0,0.25,no,yes,none,0,,no,,,yes,no,no,0,0,yes,no,,0,,no,no,no
fly_step_sprint_plr_plaster,raw\sound\fly\footsteps\run\concrete\concrete_run_04.LN65.pc.snd.wav,fly_gear_sprint_plr,loaded,bus_fx,grp_foley,snp_foley,,50,0,74,77,0,5000,5000,allon,default,allon,default,2,8,oldest,oldest,-200,200,70,70,0,1,2d,front,nonlooping,,1,10,0,0,0,0.25,no,yes,none,0,,no,,,yes,no,no,0,0,yes,no,,0,,no,no,no
fly_step_sprint_plr_plaster,raw\sound\fly\footsteps\run\concrete\concrete_run_05.LN65.pc.snd.wav,fly_gear_sprint_plr,loaded,bus_fx,grp_foley,snp_foley,,50,0,74,77,0,5000,5000,allon,default,allon,default,2,8,oldest,oldest,-200,200,70,70,0,1,2d,front,nonlooping,,1,10,0,0,0,0.25,no,yes,none,0,,no,,,yes,no,no,0,0,yes,no,,0,,no,no,no
fly_step_sprint_plr_plastic,raw\sound\fly\footsteps\run\carpet\carpet_run_00.LN65.pc.snd.wav,fly_gear_sprint_plr,loaded,bus_fx,grp_foley,snp_foley,,50,0,74,77,0,5000,5000,allon,default,allon,default,2,8,oldest,oldest,-200,200,70,70,0,1,2d,front,nonlooping,,1,10,0,0,0,0.25,no,yes,none,0,,no,,,yes,no,no,0,0,yes,no,,0,,no,no,no
fly_step_sprint_plr_plastic,raw\sound\fly\footsteps\run\carpet\carpet_run_01.LN65.pc.snd.wav,fly_gear_sprint_plr,loaded,bus_fx,grp_foley,snp_foley,,50,0,74,77,0,5000,5000,allon,default,allon,default,2,8,oldest,oldest,-200,200,70,70,0,1,2d,front,nonlooping,,1,10,0,0,0,0.25,no,yes,none,0,,no,,,yes,no,no,0,0,yes,no,,0,,no,no,no
fly_step_sprint_plr_plastic,raw\sound\fly\footsteps\run\carpet\carpet_run_02.LN65.pc.snd.wav,fly_gear_sprint_plr,loaded,bus_fx,grp_foley,snp_foley,,50,0,74,77,0,5000,5000,allon,default,allon,default,2,8,oldest,oldest,-200,200,70,70,0,1,2d,front,nonlooping,,1,10,0,0,0,0.25,no,yes,none,0,,no,,,yes,no,no,0,0,yes,no,,0,,no,no,no
fly_step_sprint_plr_plastic,raw\sound\fly\footsteps\run\carpet\carpet_run_03.LN65.pc.snd.wav,fly_gear_sprint_plr,loaded,bus_fx,grp_foley,snp_foley,,50,0,74,77,0,5000,5000,allon,default,allon,default,2,8,oldest,oldest,-200,200,70,70,0,1,2d,front,nonlooping,,1,10,0,0,0,0.25,no,yes,none,0,,no,,,yes,no,no,0,0,yes,no,,0,,no,no,no
fly_step_sprint_plr_plastic,raw\sound\fly\footsteps\run\carpet\carpet_run_04.LN65.pc.snd.wav,fly_gear_sprint_plr,loaded,bus_fx,grp_foley,snp_foley,,50,0,74,77,0,5000,5000,allon,default,allon,default,2,8,oldest,oldest,-200,200,70,70,0,1,2d,front,nonlooping,,1,10,0,0,0,0.25,no,yes,none,0,,no,,,yes,no,no,0,0,yes,no,,0,,no,no,no
fly_step_sprint_plr_plastic,raw\sound\fly\footsteps\run\carpet\carpet_run_05.LN65.pc.snd.wav,fly_gear_sprint_plr,loaded,bus_fx,grp_foley,snp_foley,,50,0,74,77,0,5000,5000,allon,default,allon,default,2,8,oldest,oldest,-200,200,70,70,0,1,2d,front,nonlooping,,1,10,0,0,0,0.25,no,yes,none,0,,no,,,yes,no,no,0,0,yes,no,,0,,no,no,no
fly_step_sprint_plr_plastic,raw\sound\fly\footsteps\run\carpet\carpet_run_06.LN65.pc.snd.wav,fly_gear_sprint_plr,loaded,bus_fx,grp_foley,snp_foley,,50,0,74,77,0,5000,5000,allon,default,allon,default,2,8,oldest,oldest,-200,200,70,70,0,1,2d,front,nonlooping,,1,10,0,0,0,0.25,no,yes,none,0,,no,,,yes,no,no,0,0,yes,no,,0,,no,no,no
fly_step_sprint_plr_rock,raw\sound\fly\footsteps\run\concrete\concrete_run_00.LN65.pc.snd.wav,fly_step_sprint_plr_rock_swt,loaded,bus_fx,grp_foley,snp_foley,,50,0,74,77,0,5000,5000,allon,default,allon,default,2,8,oldest,oldest,-200,200,70,70,0,1,2d,front,nonlooping,,1,10,0,0,0,0.25,no,yes,none,0,,no,,,yes,no,no,0,0,yes,no,,0,,no,no,no
fly_step_sprint_plr_rock,raw\sound\fly\footsteps\run\concrete\concrete_run_01.LN65.pc.snd.wav,fly_step_sprint_plr_rock_swt,loaded,bus_fx,grp_foley,snp_foley,,50,0,74,77,0,5000,5000,allon,default,allon,default,2,8,oldest,oldest,-200,200,70,70,0,1,2d,front,nonlooping,,1,10,0,0,0,0.25,no,yes,none,0,,no,,,yes,no,no,0,0,yes,no,,0,,no,no,no
fly_step_sprint_plr_rock,raw\sound\fly\footsteps\run\concrete\concrete_run_02.LN65.pc.snd.wav,fly_step_sprint_plr_rock_swt,loaded,bus_fx,grp_foley,snp_foley,,50,0,74,77,0,5000,5000,allon,default,allon,default,2,8,oldest,oldest,-200,200,70,70,0,1,2d,front,nonlooping,,1,10,0,0,0,0.25,no,yes,none,0,,no,,,yes,no,no,0,0,yes,no,,0,,no,no,no
fly_step_sprint_plr_rock,raw\sound\fly\footsteps\run\concrete\concrete_run_03.LN65.pc.snd.wav,fly_step_sprint_plr_rock_swt,loaded,bus_fx,grp_foley,snp_foley,,50,0,74,77,0,5000,5000,allon,default,allon,default,2,8,oldest,oldest,-200,200,70,70,0,1,2d,front,nonlooping,,1,10,0,0,0,0.25,no,yes,none,0,,no,,,yes,no,no,0,0,yes,no,,0,,no,no,no
fly_step_sprint_plr_rock,raw\sound\fly\footsteps\run\concrete\concrete_run_04.LN65.pc.snd.wav,fly_step_sprint_plr_rock_swt,loaded,bus_fx,grp_foley,snp_foley,,50,0,74,77,0,5000,5000,allon,default,allon,default,2,8,oldest,oldest,-200,200,70,70,0,1,2d,front,nonlooping,,1,10,0,0,0,0.25,no,yes,none,0,,no,,,yes,no,no,0,0,yes,no,,0,,no,no,no
fly_step_sprint_plr_rock,raw\sound\fly\footsteps\run\concrete\concrete_run_05.LN65.pc.snd.wav,fly_step_sprint_plr_rock_swt,loaded,bus_fx,grp_foley,snp_foley,,50,0,74,77,0,5000,5000,allon,default,allon,default,2,8,oldest,oldest,-200,200,70,70,0,1,2d,front,nonlooping,,1,10,0,0,0,0.25,no,yes,none,0,,no,,,yes,no,no,0,0,yes,no,,0,,no,no,no
fly_step_sprint_plr_rock_swt,raw\sound\fly\footsteps\sweeteners\stone\stone_00.LN65.pc.snd.wav,fly_gear_sprint_plr,loaded,bus_fx,grp_foley,snp_foley,,50,0,74,77,0,5000,5000,allon,default,allon,default,2,8,oldest,oldest,-200,200,70,70,0,1,2d,front,nonlooping,,1,10,0,0,0,0.25,no,yes,none,0,,no,,,yes,no,no,0,0,yes,no,,0,,no,no,no
fly_step_sprint_plr_rock_swt,raw\sound\fly\footsteps\sweeteners\stone\stone_01.LN65.pc.snd.wav,fly_gear_sprint_plr,loaded,bus_fx,grp_foley,snp_foley,,50,0,74,77,0,5000,5000,allon,default,allon,default,2,8,oldest,oldest,-200,200,70,70,0,1,2d,front,nonlooping,,1,10,0,0,0,0.25,no,yes,none,0,,no,,,yes,no,no,0,0,yes,no,,0,,no,no,no
fly_step_sprint_plr_rock_swt,raw\sound\fly\footsteps\sweeteners\stone\stone_02.LN65.pc.snd.wav,fly_gear_sprint_plr,loaded,bus_fx,grp_foley,snp_foley,,50,0,74,77,0,5000,5000,allon,default,allon,default,2,8,oldest,oldest,-200,200,70,70,0,1,2d,front,nonlooping,,1,10,0,0,0,0.25,no,yes,none,0,,no,,,yes,no,no,0,0,yes,no,,0,,no,no,no
fly_step_sprint_plr_rock_swt,raw\sound\fly\footsteps\sweeteners\stone\stone_03.LN65.pc.snd.wav,fly_gear_sprint_plr,loaded,bus_fx,grp_foley,snp_foley,,50,0,74,77,0,5000,5000,allon,default,allon,default,2,8,oldest,oldest,-200,200,70,70,0,1,2d,front,nonlooping,,1,10,0,0,0,0.25,no,yes,none,0,,no,,,yes,no,no,0,0,yes,no,,0,,no,no,no
fly_step_sprint_plr_rubber,raw\sound\fly\footsteps\run\carpet\carpet_run_00.LN65.pc.snd.wav,fly_gear_sprint_plr,loaded,bus_fx,grp_foley,snp_foley,,50,0,74,77,0,5000,5000,allon,default,allon,default,2,8,oldest,oldest,-200,200,70,70,0,1,2d,front,nonlooping,,1,10,0,0,0,0.25,no,yes,none,0,,no,,,yes,no,no,0,0,yes,no,,0,,no,no,no
fly_step_sprint_plr_rubber,raw\sound\fly\footsteps\run\carpet\carpet_run_01.LN65.pc.snd.wav,fly_gear_sprint_plr,loaded,bus_fx,grp_foley,snp_foley,,50,0,74,77,0,5000,5000,allon,default,allon,default,2,8,oldest,oldest,-200,200,70,70,0,1,2d,front,nonlooping,,1,10,0,0,0,0.25,no,yes,none,0,,no,,,yes,no,no,0,0,yes,no,,0,,no,no,no
fly_step_sprint_plr_rubber,raw\sound\fly\footsteps\run\carpet\carpet_run_02.LN65.pc.snd.wav,fly_gear_sprint_plr,loaded,bus_fx,grp_foley,snp_foley,,50,0,74,77,0,5000,5000,allon,default,allon,default,2,8,oldest,oldest,-200,200,70,70,0,1,2d,front,nonlooping,,1,10,0,0,0,0.25,no,yes,none,0,,no,,,yes,no,no,0,0,yes,no,,0,,no,no,no
fly_step_sprint_plr_rubber,raw\sound\fly\footsteps\run\carpet\carpet_run_03.LN65.pc.snd.wav,fly_gear_sprint_plr,loaded,bus_fx,grp_foley,snp_foley,,50,0,74,77,0,5000,5000,allon,default,allon,default,2,8,oldest,oldest,-200,200,70,70,0,1,2d,front,nonlooping,,1,10,0,0,0,0.25,no,yes,none,0,,no,,,yes,no,no,0,0,yes,no,,0,,no,no,no
fly_step_sprint_plr_rubber,raw\sound\fly\footsteps\run\carpet\carpet_run_04.LN65.pc.snd.wav,fly_gear_sprint_plr,loaded,bus_fx,grp_foley,snp_foley,,50,0,74,77,0,5000,5000,allon,default,allon,default,2,8,oldest,oldest,-200,200,70,70,0,1,2d,front,nonlooping,,1,10,0,0,0,0.25,no,yes,none,0,,no,,,yes,no,no,0,0,yes,no,,0,,no,no,no
fly_step_sprint_plr_rubber,raw\sound\fly\footsteps\run\carpet\carpet_run_05.LN65.pc.snd.wav,fly_gear_sprint_plr,loaded,bus_fx,grp_foley,snp_foley,,50,0,74,77,0,5000,5000,allon,default,allon,default,2,8,oldest,oldest,-200,200,70,70,0,1,2d,front,nonlooping,,1,10,0,0,0,0.25,no,yes,none,0,,no,,,yes,no,no,0,0,yes,no,,0,,no,no,no
fly_step_sprint_plr_rubber,raw\sound\fly\footsteps\run\carpet\carpet_run_06.LN65.pc.snd.wav,fly_gear_sprint_plr,loaded,bus_fx,grp_foley,snp_foley,,50,0,74,77,0,5000,5000,allon,default,allon,default,2,8,oldest,oldest,-200,200,70,70,0,1,2d,front,nonlooping,,1,10,0,0,0,0.25,no,yes,none,0,,no,,,yes,no,no,0,0,yes,no,,0,,no,no,no
fly_step_sprint_plr_sand,raw\sound\fly\footsteps\run\sand\sand_run_00.LN65.pc.snd.wav,fly_gear_sprint_plr,loaded,bus_fx,grp_foley,snp_foley,,50,0,74,77,0,5000,5000,allon,default,allon,default,2,8,oldest,oldest,-200,200,70,70,0,1,2d,front,nonlooping,,1,10,0,0,0,0.25,no,yes,none,0,,no,,,yes,no,no,0,0,yes,no,,0,,no,no,no
fly_step_sprint_plr_sand,raw\sound\fly\footsteps\run\sand\sand_run_01.LN65.pc.snd.wav,fly_gear_sprint_plr,loaded,bus_fx,grp_foley,snp_foley,,50,0,74,77,0,5000,5000,allon,default,allon,default,2,8,oldest,oldest,-200,200,70,70,0,1,2d,front,nonlooping,,1,10,0,0,0,0.25,no,yes,none,0,,no,,,yes,no,no,0,0,yes,no,,0,,no,no,no
fly_step_sprint_plr_sand,raw\sound\fly\footsteps\run\sand\sand_run_02.LN65.pc.snd.wav,fly_gear_sprint_plr,loaded,bus_fx,grp_foley,snp_foley,,50,0,74,77,0,5000,5000,allon,default,allon,default,2,8,oldest,oldest,-200,200,70,70,0,1,2d,front,nonlooping,,1,10,0,0,0,0.25,no,yes,none,0,,no,,,yes,no,no,0,0,yes,no,,0,,no,no,no
fly_step_sprint_plr_snow,raw\sound\fly\footsteps\run\snow\snow_run_00.LN65.pc.snd.wav,fly_gear_sprint_plr,loaded,bus_fx,grp_foley,snp_foley,,50,0,74,77,0,5000,5000,allon,default,allon,default,2,8,oldest,oldest,-200,200,70,70,0,1,2d,front,nonlooping,,1,10,0,0,0,0.25,no,yes,none,0,,no,,,yes,no,no,0,0,yes,no,,0,,no,no,no
fly_step_sprint_plr_snow,raw\sound\fly\footsteps\run\snow\snow_run_01.LN65.pc.snd.wav,fly_gear_sprint_plr,loaded,bus_fx,grp_foley,snp_foley,,50,0,74,77,0,5000,5000,allon,default,allon,default,2,8,oldest,oldest,-200,200,70,70,0,1,2d,front,nonlooping,,1,10,0,0,0,0.25,no,yes,none,0,,no,,,yes,no,no,0,0,yes,no,,0,,no,no,no
fly_step_sprint_plr_snow,raw\sound\fly\footsteps\run\snow\snow_run_02.LN65.pc.snd.wav,fly_gear_sprint_plr,loaded,bus_fx,grp_foley,snp_foley,,50,0,74,77,0,5000,5000,allon,default,allon,default,2,8,oldest,oldest,-200,200,70,70,0,1,2d,front,nonlooping,,1,10,0,0,0,0.25,no,yes,none,0,,no,,,yes,no,no,0,0,yes,no,,0,,no,no,no
fly_step_sprint_plr_snow,raw\sound\fly\footsteps\run\snow\snow_run_03.LN65.pc.snd.wav,fly_gear_sprint_plr,loaded,bus_fx,grp_foley,snp_foley,,50,0,74,77,0,5000,5000,allon,default,allon,default,2,8,oldest,oldest,-200,200,70,70,0,1,2d,front,nonlooping,,1,10,0,0,0,0.25,no,yes,none,0,,no,,,yes,no,no,0,0,yes,no,,0,,no,no,no
fly_step_sprint_plr_snow,raw\sound\fly\footsteps\run\snow\snow_run_04.LN65.pc.snd.wav,fly_gear_sprint_plr,loaded,bus_fx,grp_foley,snp_foley,,50,0,74,77,0,5000,5000,allon,default,allon,default,2,8,oldest,oldest,-200,200,70,70,0,1,2d,front,nonlooping,,1,10,0,0,0,0.25,no,yes,none,0,,no,,,yes,no,no,0,0,yes,no,,0,,no,no,no
fly_step_sprint_plr_water,raw\sound\fly\footsteps\run\water\water_run_00.LN65.pc.snd.wav,fly_gear_sprint_plr,loaded,bus_fx,grp_foley,snp_foley,,50,0,74,77,0,5000,5000,allon,default,allon,default,2,8,oldest,oldest,-200,200,70,70,0,1,2d,front,nonlooping,,1,10,0,0,0,0.25,no,yes,none,0,,no,,,yes,no,no,0,0,yes,no,,0,,no,no,no
fly_step_sprint_plr_water,raw\sound\fly\footsteps\run\water\water_run_01.LN65.pc.snd.wav,fly_gear_sprint_plr,loaded,bus_fx,grp_foley,snp_foley,,50,0,74,77,0,5000,5000,allon,default,allon,default,2,8,oldest,oldest,-200,200,70,70,0,1,2d,front,nonlooping,,1,10,0,0,0,0.25,no,yes,none,0,,no,,,yes,no,no,0,0,yes,no,,0,,no,no,no
fly_step_sprint_plr_water,raw\sound\fly\footsteps\run\water\water_run_02.LN65.pc.snd.wav,fly_gear_sprint_plr,loaded,bus_fx,grp_foley,snp_foley,,50,0,74,77,0,5000,5000,allon,default,allon,default,2,8,oldest,oldest,-200,200,70,70,0,1,2d,front,nonlooping,,1,10,0,0,0,0.25,no,yes,none,0,,no,,,yes,no,no,0,0,yes,no,,0,,no,no,no
fly_step_sprint_plr_water,raw\sound\fly\footsteps\run\water\water_run_03.LN65.pc.snd.wav,fly_gear_sprint_plr,loaded,bus_fx,grp_foley,snp_foley,,50,0,74,77,0,5000,5000,allon,default,allon,default,2,8,oldest,oldest,-200,200,70,70,0,1,2d,front,nonlooping,,1,10,0,0,0,0.25,no,yes,none,0,,no,,,yes,no,no,0,0,yes,no,,0,,no,no,no
fly_step_sprint_plr_water,raw\sound\fly\footsteps\run\water\water_run_04.LN65.pc.snd.wav,fly_gear_sprint_plr,loaded,bus_fx,grp_foley,snp_foley,,50,0,74,77,0,5000,5000,allon,default,allon,default,2,8,oldest,oldest,-200,200,70,70,0,1,2d,front,nonlooping,,1,10,0,0,0,0.25,no,yes,none,0,,no,,,yes,no,no,0,0,yes,no,,0,,no,no,no
fly_step_sprint_plr_wood,raw\sound\fly\footsteps\run\wood\wood_run_00.LN65.pc.snd.wav,fly_gear_sprint_plr,loaded,bus_fx,grp_foley,snp_foley,,50,0,74,77,0,5000,5000,allon,default,allon,default,2,8,oldest,oldest,-200,200,70,70,0,1,2d,front,nonlooping,,1,10,0,0,0,0.25,no,yes,none,0,,no,,,yes,no,no,0,0,yes,no,,0,,no,no,no
fly_step_sprint_plr_wood,raw\sound\fly\footsteps\run\wood\wood_run_01.LN65.pc.snd.wav,fly_gear_sprint_plr,loaded,bus_fx,grp_foley,snp_foley,,50,0,74,77,0,5000,5000,allon,default,allon,default,2,8,oldest,oldest,-200,200,70,70,0,1,2d,front,nonlooping,,1,10,0,0,0,0.25,no,yes,none,0,,no,,,yes,no,no,0,0,yes,no,,0,,no,no,no
fly_step_sprint_plr_wood,raw\sound\fly\footsteps\run\wood\wood_run_02.LN65.pc.snd.wav,fly_gear_sprint_plr,loaded,bus_fx,grp_foley,snp_foley,,50,0,74,77,0,5000,5000,allon,default,allon,default,2,8,oldest,oldest,-200,200,70,70,0,1,2d,front,nonlooping,,1,10,0,0,0,0.25,no,yes,none,0,,no,,,yes,no,no,0,0,yes,no,,0,,no,no,no
fly_step_sprint_plr_wood,raw\sound\fly\footsteps\run\wood\wood_run_03.LN65.pc.snd.wav,fly_gear_sprint_plr,loaded,bus_fx,grp_foley,snp_foley,,50,0,74,77,0,5000,5000,allon,default,allon,default,2,8,oldest,oldest,-200,200,70,70,0,1,2d,front,nonlooping,,1,10,0,0,0,0.25,no,yes,none,0,,no,,,yes,no,no,0,0,yes,no,,0,,no,no,no
fly_step_sprint_plr_wood,raw\sound\fly\footsteps\run\wood\wood_run_04.LN65.pc.snd.wav,fly_gear_sprint_plr,loaded,bus_fx,grp_foley,snp_foley,,50,0,74,77,0,5000,5000,allon,default,allon,default,2,8,oldest,oldest,-200,200,70,70,0,1,2d,front,nonlooping,,1,10,0,0,0,0.25,no,yes,none,0,,no,,,yes,no,no,0,0,yes,no,,0,,no,no,no
fly_step_sprint_plr_wood,raw\sound\fly\footsteps\run\wood\wood_run_05.LN65.pc.snd.wav,fly_gear_sprint_plr,loaded,bus_fx,grp_foley,snp_foley,,50,0,74,77,0,5000,5000,allon,default,allon,default,2,8,oldest,oldest,-200,200,70,70,0,1,2d,front,nonlooping,,1,10,0,0,0,0.25,no,yes,none,0,,no,,,yes,no,no,0,0,yes,no,,0,,no,no,no
fly_step_walk_asphalt,raw\sound\fly\footsteps\run\concrete\concrete_run_00.LN65.pc.snd.wav,,loaded,bus_fx,grp_foley,snp_foley,,19.234,0,51,56,50,500,1000,allon,default,allon,default,3,2,priority,oldest,-160,160,10,50,0.15,1,3d,default,nonlooping,,1,0,25,100,80,0.2,no,yes,none,0,,no,,,yes,no,no,0,0,yes,no,,0,,no,no,no
fly_step_walk_asphalt,raw\sound\fly\footsteps\run\concrete\concrete_run_01.LN65.pc.snd.wav,,loaded,bus_fx,grp_foley,snp_foley,,19.234,0,51,56,50,500,1000,allon,default,allon,default,3,2,priority,oldest,-160,160,10,50,0.15,1,3d,default,nonlooping,,1,0,25,100,80,0.2,no,yes,none,0,,no,,,yes,no,no,0,0,yes,no,,0,,no,no,no
fly_step_walk_asphalt,raw\sound\fly\footsteps\run\concrete\concrete_run_02.LN65.pc.snd.wav,,loaded,bus_fx,grp_foley,snp_foley,,19.234,0,51,56,50,500,1000,allon,default,allon,default,3,2,priority,oldest,-160,160,10,50,0.15,1,3d,default,nonlooping,,1,0,25,100,80,0.2,no,yes,none,0,,no,,,yes,no,no,0,0,yes,no,,0,,no,no,no
fly_step_walk_asphalt,raw\sound\fly\footsteps\run\concrete\concrete_run_03.LN65.pc.snd.wav,,loaded,bus_fx,grp_foley,snp_foley,,19.234,0,51,56,50,500,1000,allon,default,allon,default,3,2,priority,oldest,-160,160,10,50,0.15,1,3d,default,nonlooping,,1,0,25,100,80,0.2,no,yes,none,0,,no,,,yes,no,no,0,0,yes,no,,0,,no,no,no
fly_step_walk_asphalt,raw\sound\fly\footsteps\run\concrete\concrete_run_04.LN65.pc.snd.wav,,loaded,bus_fx,grp_foley,snp_foley,,19.234,0,51,56,50,500,1000,allon,default,allon,default,3,2,priority,oldest,-160,160,10,50,0.15,1,3d,default,nonlooping,,1,0,25,100,80,0.2,no,yes,none,0,,no,,,yes,no,no,0,0,yes,no,,0,,no,no,no
fly_step_walk_asphalt,raw\sound\fly\footsteps\run\concrete\concrete_run_05.LN65.pc.snd.wav,,loaded,bus_fx,grp_foley,snp_foley,,19.234,0,51,56,50,500,1000,allon,default,allon,default,3,2,priority,oldest,-160,160,10,50,0.15,1,3d,default,nonlooping,,1,0,25,100,80,0.2,no,yes,none,0,,no,,,yes,no,no,0,0,yes,no,,0,,no,no,no
fly_step_walk_bark,raw\sound\fly\footsteps\run\wood\wood_run_00.LN65.pc.snd.wav,,loaded,bus_fx,grp_foley,snp_foley,,19.234,0,51,56,50,500,1000,allon,default,allon,default,3,2,priority,oldest,-160,160,10,50,0.15,1,3d,default,nonlooping,,1,0,25,100,80,0.2,no,yes,none,0,,no,,,yes,no,no,0,0,yes,no,,0,,no,no,no
fly_step_walk_bark,raw\sound\fly\footsteps\run\wood\wood_run_01.LN65.pc.snd.wav,,loaded,bus_fx,grp_foley,snp_foley,,19.234,0,51,56,50,500,1000,allon,default,allon,default,3,2,priority,oldest,-160,160,10,50,0.15,1,3d,default,nonlooping,,1,0,25,100,80,0.2,no,yes,none,0,,no,,,yes,no,no,0,0,yes,no,,0,,no,no,no
fly_step_walk_bark,raw\sound\fly\footsteps\run\wood\wood_run_02.LN65.pc.snd.wav,,loaded,bus_fx,grp_foley,snp_foley,,19.234,0,51,56,50,500,1000,allon,default,allon,default,3,2,priority,oldest,-160,160,10,50,0.15,1,3d,default,nonlooping,,1,0,25,100,80,0.2,no,yes,none,0,,no,,,yes,no,no,0,0,yes,no,,0,,no,no,no
fly_step_walk_bark,raw\sound\fly\footsteps\run\wood\wood_run_03.LN65.pc.snd.wav,,loaded,bus_fx,grp_foley,snp_foley,,19.234,0,51,56,50,500,1000,allon,default,allon,default,3,2,priority,oldest,-160,160,10,50,0.15,1,3d,default,nonlooping,,1,0,25,100,80,0.2,no,yes,none,0,,no,,,yes,no,no,0,0,yes,no,,0,,no,no,no
fly_step_walk_bark,raw\sound\fly\footsteps\run\wood\wood_run_04.LN65.pc.snd.wav,,loaded,bus_fx,grp_foley,snp_foley,,19.234,0,51,56,50,500,1000,allon,default,allon,default,3,2,priority,oldest,-160,160,10,50,0.15,1,3d,default,nonlooping,,1,0,25,100,80,0.2,no,yes,none,0,,no,,,yes,no,no,0,0,yes,no,,0,,no,no,no
fly_step_walk_bark,raw\sound\fly\footsteps\run\wood\wood_run_05.LN65.pc.snd.wav,,loaded,bus_fx,grp_foley,snp_foley,,19.234,0,51,56,50,500,1000,allon,default,allon,default,3,2,priority,oldest,-160,160,10,50,0.15,1,3d,default,nonlooping,,1,0,25,100,80,0.2,no,yes,none,0,,no,,,yes,no,no,0,0,yes,no,,0,,no,no,no
fly_step_walk_brick,raw\sound\fly\footsteps\run\concrete\concrete_run_00.LN65.pc.snd.wav,,loaded,bus_fx,grp_foley,snp_foley,,19.234,0,51,56,50,500,1000,allon,default,allon,default,3,2,priority,oldest,-160,160,10,50,0.15,1,3d,default,nonlooping,,1,0,25,100,80,0.2,no,yes,none,0,,no,,,yes,no,no,0,0,yes,no,,0,,no,no,no
fly_step_walk_brick,raw\sound\fly\footsteps\run\concrete\concrete_run_01.LN65.pc.snd.wav,,loaded,bus_fx,grp_foley,snp_foley,,19.234,0,51,56,50,500,1000,allon,default,allon,default,3,2,priority,oldest,-160,160,10,50,0.15,1,3d,default,nonlooping,,1,0,25,100,80,0.2,no,yes,none,0,,no,,,yes,no,no,0,0,yes,no,,0,,no,no,no
fly_step_walk_brick,raw\sound\fly\footsteps\run\concrete\concrete_run_02.LN65.pc.snd.wav,,loaded,bus_fx,grp_foley,snp_foley,,19.234,0,51,56,50,500,1000,allon,default,allon,default,3,2,priority,oldest,-160,160,10,50,0.15,1,3d,default,nonlooping,,1,0,25,100,80,0.2,no,yes,none,0,,no,,,yes,no,no,0,0,yes,no,,0,,no,no,no
fly_step_walk_brick,raw\sound\fly\footsteps\run\concrete\concrete_run_03.LN65.pc.snd.wav,,loaded,bus_fx,grp_foley,snp_foley,,19.234,0,51,56,50,500,1000,allon,default,allon,default,3,2,priority,oldest,-160,160,10,50,0.15,1,3d,default,nonlooping,,1,0,25,100,80,0.2,no,yes,none,0,,no,,,yes,no,no,0,0,yes,no,,0,,no,no,no
fly_step_walk_brick,raw\sound\fly\footsteps\run\concrete\concrete_run_04.LN65.pc.snd.wav,,loaded,bus_fx,grp_foley,snp_foley,,19.234,0,51,56,50,500,1000,allon,default,allon,default,3,2,priority,oldest,-160,160,10,50,0.15,1,3d,default,nonlooping,,1,0,25,100,80,0.2,no,yes,none,0,,no,,,yes,no,no,0,0,yes,no,,0,,no,no,no
fly_step_walk_brick,raw\sound\fly\footsteps\run\concrete\concrete_run_05.LN65.pc.snd.wav,,loaded,bus_fx,grp_foley,snp_foley,,19.234,0,51,56,50,500,1000,allon,default,allon,default,3,2,priority,oldest,-160,160,10,50,0.15,1,3d,default,nonlooping,,1,0,25,100,80,0.2,no,yes,none,0,,no,,,yes,no,no,0,0,yes,no,,0,,no,no,no
fly_step_walk_carpet,raw\sound\fly\footsteps\run\carpet\carpet_run_00.LN65.pc.snd.wav,,loaded,bus_fx,grp_foley,snp_foley,,19.234,0,51,56,50,500,1000,allon,default,allon,default,3,2,priority,oldest,-160,160,10,50,0.15,1,3d,default,nonlooping,,1,0,25,100,80,0.2,no,yes,none,0,,no,,,yes,no,no,0,0,yes,no,,0,,no,no,no
fly_step_walk_carpet,raw\sound\fly\footsteps\run\carpet\carpet_run_01.LN65.pc.snd.wav,,loaded,bus_fx,grp_foley,snp_foley,,19.234,0,51,56,50,500,1000,allon,default,allon,default,3,2,priority,oldest,-160,160,10,50,0.15,1,3d,default,nonlooping,,1,0,25,100,80,0.2,no,yes,none,0,,no,,,yes,no,no,0,0,yes,no,,0,,no,no,no
fly_step_walk_carpet,raw\sound\fly\footsteps\run\carpet\carpet_run_02.LN65.pc.snd.wav,,loaded,bus_fx,grp_foley,snp_foley,,19.234,0,51,56,50,500,1000,allon,default,allon,default,3,2,priority,oldest,-160,160,10,50,0.15,1,3d,default,nonlooping,,1,0,25,100,80,0.2,no,yes,none,0,,no,,,yes,no,no,0,0,yes,no,,0,,no,no,no
fly_step_walk_carpet,raw\sound\fly\footsteps\run\carpet\carpet_run_03.LN65.pc.snd.wav,,loaded,bus_fx,grp_foley,snp_foley,,19.234,0,51,56,50,500,1000,allon,default,allon,default,3,2,priority,oldest,-160,160,10,50,0.15,1,3d,default,nonlooping,,1,0,25,100,80,0.2,no,yes,none,0,,no,,,yes,no,no,0,0,yes,no,,0,,no,no,no
fly_step_walk_carpet,raw\sound\fly\footsteps\run\carpet\carpet_run_04.LN65.pc.snd.wav,,loaded,bus_fx,grp_foley,snp_foley,,19.234,0,51,56,50,500,1000,allon,default,allon,default,3,2,priority,oldest,-160,160,10,50,0.15,1,3d,default,nonlooping,,1,0,25,100,80,0.2,no,yes,none,0,,no,,,yes,no,no,0,0,yes,no,,0,,no,no,no
fly_step_walk_carpet,raw\sound\fly\footsteps\run\carpet\carpet_run_05.LN65.pc.snd.wav,,loaded,bus_fx,grp_foley,snp_foley,,19.234,0,51,56,50,500,1000,allon,default,allon,default,3,2,priority,oldest,-160,160,10,50,0.15,1,3d,default,nonlooping,,1,0,25,100,80,0.2,no,yes,none,0,,no,,,yes,no,no,0,0,yes,no,,0,,no,no,no
fly_step_walk_carpet,raw\sound\fly\footsteps\run\carpet\carpet_run_06.LN65.pc.snd.wav,,loaded,bus_fx,grp_foley,snp_foley,,19.234,0,51,56,50,500,1000,allon,default,allon,default,3,2,priority,oldest,-160,160,10,50,0.15,1,3d,default,nonlooping,,1,0,25,100,80,0.2,no,yes,none,0,,no,,,yes,no,no,0,0,yes,no,,0,,no,no,no
fly_step_walk_ceramic,raw\sound\fly\footsteps\run\concrete\concrete_run_00.LN65.pc.snd.wav,,loaded,bus_fx,grp_foley,snp_foley,,19.234,0,51,56,50,500,1000,allon,default,allon,default,3,2,priority,oldest,-160,160,10,50,0.15,1,3d,default,nonlooping,,1,0,25,100,80,0.2,no,yes,none,0,,no,,,yes,no,no,0,0,yes,no,,0,,no,no,no
fly_step_walk_ceramic,raw\sound\fly\footsteps\run\concrete\concrete_run_01.LN65.pc.snd.wav,,loaded,bus_fx,grp_foley,snp_foley,,19.234,0,51,56,50,500,1000,allon,default,allon,default,3,2,priority,oldest,-160,160,10,50,0.15,1,3d,default,nonlooping,,1,0,25,100,80,0.2,no,yes,none,0,,no,,,yes,no,no,0,0,yes,no,,0,,no,no,no
fly_step_walk_ceramic,raw\sound\fly\footsteps\run\concrete\concrete_run_02.LN65.pc.snd.wav,,loaded,bus_fx,grp_foley,snp_foley,,19.234,0,51,56,50,500,1000,allon,default,allon,default,3,2,priority,oldest,-160,160,10,50,0.15,1,3d,default,nonlooping,,1,0,25,100,80,0.2,no,yes,none,0,,no,,,yes,no,no,0,0,yes,no,,0,,no,no,no
fly_step_walk_ceramic,raw\sound\fly\footsteps\run\concrete\concrete_run_03.LN65.pc.snd.wav,,loaded,bus_fx,grp_foley,snp_foley,,19.234,0,51,56,50,500,1000,allon,default,allon,default,3,2,priority,oldest,-160,160,10,50,0.15,1,3d,default,nonlooping,,1,0,25,100,80,0.2,no,yes,none,0,,no,,,yes,no,no,0,0,yes,no,,0,,no,no,no
fly_step_walk_ceramic,raw\sound\fly\footsteps\run\concrete\concrete_run_04.LN65.pc.snd.wav,,loaded,bus_fx,grp_foley,snp_foley,,19.234,0,51,56,50,500,1000,allon,default,allon,default,3,2,priority,oldest,-160,160,10,50,0.15,1,3d,default,nonlooping,,1,0,25,100,80,0.2,no,yes,none,0,,no,,,yes,no,no,0,0,yes,no,,0,,no,no,no
fly_step_walk_ceramic,raw\sound\fly\footsteps\run\concrete\concrete_run_05.LN65.pc.snd.wav,,loaded,bus_fx,grp_foley,snp_foley,,19.234,0,51,56,50,500,1000,allon,default,allon,default,3,2,priority,oldest,-160,160,10,50,0.15,1,3d,default,nonlooping,,1,0,25,100,80,0.2,no,yes,none,0,,no,,,yes,no,no,0,0,yes,no,,0,,no,no,no
fly_step_walk_cloth,raw\sound\fly\footsteps\run\carpet\carpet_run_00.LN65.pc.snd.wav,,loaded,bus_fx,grp_foley,snp_foley,,19.234,0,51,56,50,500,1000,allon,default,allon,default,3,2,priority,oldest,-160,160,10,50,0.15,1,3d,default,nonlooping,,1,0,25,100,80,0.2,no,yes,none,0,,no,,,yes,no,no,0,0,yes,no,,0,,no,no,no
fly_step_walk_cloth,raw\sound\fly\footsteps\run\carpet\carpet_run_01.LN65.pc.snd.wav,,loaded,bus_fx,grp_foley,snp_foley,,19.234,0,51,56,50,500,1000,allon,default,allon,default,3,2,priority,oldest,-160,160,10,50,0.15,1,3d,default,nonlooping,,1,0,25,100,80,0.2,no,yes,none,0,,no,,,yes,no,no,0,0,yes,no,,0,,no,no,no
fly_step_walk_cloth,raw\sound\fly\footsteps\run\carpet\carpet_run_02.LN65.pc.snd.wav,,loaded,bus_fx,grp_foley,snp_foley,,19.234,0,51,56,50,500,1000,allon,default,allon,default,3,2,priority,oldest,-160,160,10,50,0.15,1,3d,default,nonlooping,,1,0,25,100,80,0.2,no,yes,none,0,,no,,,yes,no,no,0,0,yes,no,,0,,no,no,no
fly_step_walk_cloth,raw\sound\fly\footsteps\run\carpet\carpet_run_03.LN65.pc.snd.wav,,loaded,bus_fx,grp_foley,snp_foley,,19.234,0,51,56,50,500,1000,allon,default,allon,default,3,2,priority,oldest,-160,160,10,50,0.15,1,3d,default,nonlooping,,1,0,25,100,80,0.2,no,yes,none,0,,no,,,yes,no,no,0,0,yes,no,,0,,no,no,no
fly_step_walk_cloth,raw\sound\fly\footsteps\run\carpet\carpet_run_04.LN65.pc.snd.wav,,loaded,bus_fx,grp_foley,snp_foley,,19.234,0,51,56,50,500,1000,allon,default,allon,default,3,2,priority,oldest,-160,160,10,50,0.15,1,3d,default,nonlooping,,1,0,25,100,80,0.2,no,yes,none,0,,no,,,yes,no,no,0,0,yes,no,,0,,no,no,no
fly_step_walk_cloth,raw\sound\fly\footsteps\run\carpet\carpet_run_05.LN65.pc.snd.wav,,loaded,bus_fx,grp_foley,snp_foley,,19.234,0,51,56,50,500,1000,allon,default,allon,default,3,2,priority,oldest,-160,160,10,50,0.15,1,3d,default,nonlooping,,1,0,25,100,80,0.2,no,yes,none,0,,no,,,yes,no,no,0,0,yes,no,,0,,no,no,no
fly_step_walk_cloth,raw\sound\fly\footsteps\run\carpet\carpet_run_06.LN65.pc.snd.wav,,loaded,bus_fx,grp_foley,snp_foley,,19.234,0,51,56,50,500,1000,allon,default,allon,default,3,2,priority,oldest,-160,160,10,50,0.15,1,3d,default,nonlooping,,1,0,25,100,80,0.2,no,yes,none,0,,no,,,yes,no,no,0,0,yes,no,,0,,no,no,no
fly_step_walk_concrete,raw\sound\fly\footsteps\run\concrete\concrete_run_00.LN65.pc.snd.wav,,loaded,bus_fx,grp_foley,snp_foley,,19.234,0,51,56,50,500,1000,allon,default,allon,default,3,2,priority,oldest,-160,160,10,50,0.15,1,3d,default,nonlooping,,1,0,25,100,80,0.2,no,yes,none,0,,no,,,yes,no,no,0,0,yes,no,,0,,no,no,no
fly_step_walk_concrete,raw\sound\fly\footsteps\run\concrete\concrete_run_01.LN65.pc.snd.wav,,loaded,bus_fx,grp_foley,snp_foley,,19.234,0,51,56,50,500,1000,allon,default,allon,default,3,2,priority,oldest,-160,160,10,50,0.15,1,3d,default,nonlooping,,1,0,25,100,80,0.2,no,yes,none,0,,no,,,yes,no,no,0,0,yes,no,,0,,no,no,no
fly_step_walk_concrete,raw\sound\fly\footsteps\run\concrete\concrete_run_02.LN65.pc.snd.wav,,loaded,bus_fx,grp_foley,snp_foley,,19.234,0,51,56,50,500,1000,allon,default,allon,default,3,2,priority,oldest,-160,160,10,50,0.15,1,3d,default,nonlooping,,1,0,25,100,80,0.2,no,yes,none,0,,no,,,yes,no,no,0,0,yes,no,,0,,no,no,no
fly_step_walk_concrete,raw\sound\fly\footsteps\run\concrete\concrete_run_03.LN65.pc.snd.wav,,loaded,bus_fx,grp_foley,snp_foley,,19.234,0,51,56,50,500,1000,allon,default,allon,default,3,2,priority,oldest,-160,160,10,50,0.15,1,3d,default,nonlooping,,1,0,25,100,80,0.2,no,yes,none,0,,no,,,yes,no,no,0,0,yes,no,,0,,no,no,no
fly_step_walk_concrete,raw\sound\fly\footsteps\run\concrete\concrete_run_04.LN65.pc.snd.wav,,loaded,bus_fx,grp_foley,snp_foley,,19.234,0,51,56,50,500,1000,allon,default,allon,default,3,2,priority,oldest,-160,160,10,50,0.15,1,3d,default,nonlooping,,1,0,25,100,80,0.2,no,yes,none,0,,no,,,yes,no,no,0,0,yes,no,,0,,no,no,no
fly_step_walk_concrete,raw\sound\fly\footsteps\run\concrete\concrete_run_05.LN65.pc.snd.wav,,loaded,bus_fx,grp_foley,snp_foley,,19.234,0,51,56,50,500,1000,allon,default,allon,default,3,2,priority,oldest,-160,160,10,50,0.15,1,3d,default,nonlooping,,1,0,25,100,80,0.2,no,yes,none,0,,no,,,yes,no,no,0,0,yes,no,,0,,no,no,no
fly_step_walk_cushion,raw\sound\fly\footsteps\run\carpet\carpet_run_00.LN65.pc.snd.wav,,loaded,bus_fx,grp_foley,snp_foley,,19.234,0,51,56,50,500,1000,allon,default,allon,default,3,2,priority,oldest,-160,160,10,50,0.15,1,3d,default,nonlooping,,1,0,25,100,80,0.2,no,yes,none,0,,no,,,yes,no,no,0,0,yes,no,,0,,no,no,no
fly_step_walk_cushion,raw\sound\fly\footsteps\run\carpet\carpet_run_01.LN65.pc.snd.wav,,loaded,bus_fx,grp_foley,snp_foley,,19.234,0,51,56,50,500,1000,allon,default,allon,default,3,2,priority,oldest,-160,160,10,50,0.15,1,3d,default,nonlooping,,1,0,25,100,80,0.2,no,yes,none,0,,no,,,yes,no,no,0,0,yes,no,,0,,no,no,no
fly_step_walk_cushion,raw\sound\fly\footsteps\run\carpet\carpet_run_02.LN65.pc.snd.wav,,loaded,bus_fx,grp_foley,snp_foley,,19.234,0,51,56,50,500,1000,allon,default,allon,default,3,2,priority,oldest,-160,160,10,50,0.15,1,3d,default,nonlooping,,1,0,25,100,80,0.2,no,yes,none,0,,no,,,yes,no,no,0,0,yes,no,,0,,no,no,no
fly_step_walk_cushion,raw\sound\fly\footsteps\run\carpet\carpet_run_03.LN65.pc.snd.wav,,loaded,bus_fx,grp_foley,snp_foley,,19.234,0,51,56,50,500,1000,allon,default,allon,default,3,2,priority,oldest,-160,160,10,50,0.15,1,3d,default,nonlooping,,1,0,25,100,80,0.2,no,yes,none,0,,no,,,yes,no,no,0,0,yes,no,,0,,no,no,no
fly_step_walk_cushion,raw\sound\fly\footsteps\run\carpet\carpet_run_04.LN65.pc.snd.wav,,loaded,bus_fx,grp_foley,snp_foley,,19.234,0,51,56,50,500,1000,allon,default,allon,default,3,2,priority,oldest,-160,160,10,50,0.15,1,3d,default,nonlooping,,1,0,25,100,80,0.2,no,yes,none,0,,no,,,yes,no,no,0,0,yes,no,,0,,no,no,no
fly_step_walk_cushion,raw\sound\fly\footsteps\run\carpet\carpet_run_05.LN65.pc.snd.wav,,loaded,bus_fx,grp_foley,snp_foley,,19.234,0,51,56,50,500,1000,allon,default,allon,default,3,2,priority,oldest,-160,160,10,50,0.15,1,3d,default,nonlooping,,1,0,25,100,80,0.2,no,yes,none,0,,no,,,yes,no,no,0,0,yes,no,,0,,no,no,no
fly_step_walk_cushion,raw\sound\fly\footsteps\run\carpet\carpet_run_06.LN65.pc.snd.wav,,loaded,bus_fx,grp_foley,snp_foley,,19.234,0,51,56,50,500,1000,allon,default,allon,default,3,2,priority,oldest,-160,160,10,50,0.15,1,3d,default,nonlooping,,1,0,25,100,80,0.2,no,yes,none,0,,no,,,yes,no,no,0,0,yes,no,,0,,no,no,no
fly_step_walk_default,raw\sound\fly\footsteps\run\dirt\dirt_run_00.LN65.pc.snd.wav,,loaded,bus_fx,grp_foley,snp_foley,,19.234,0,51,56,50,500,1000,allon,default,allon,default,3,2,priority,oldest,-160,160,10,50,0.15,1,3d,default,nonlooping,,1,0,25,100,80,0.2,no,yes,none,0,,no,,,yes,no,no,0,0,yes,no,,0,,no,no,no
fly_step_walk_default,raw\sound\fly\footsteps\run\dirt\dirt_run_01.LN65.pc.snd.wav,,loaded,bus_fx,grp_foley,snp_foley,,19.234,0,51,56,50,500,1000,allon,default,allon,default,3,2,priority,oldest,-160,160,10,50,0.15,1,3d,default,nonlooping,,1,0,25,100,80,0.2,no,yes,none,0,,no,,,yes,no,no,0,0,yes,no,,0,,no,no,no
fly_step_walk_default,raw\sound\fly\footsteps\run\dirt\dirt_run_02.LN65.pc.snd.wav,,loaded,bus_fx,grp_foley,snp_foley,,19.234,0,51,56,50,500,1000,allon,default,allon,default,3,2,priority,oldest,-160,160,10,50,0.15,1,3d,default,nonlooping,,1,0,25,100,80,0.2,no,yes,none,0,,no,,,yes,no,no,0,0,yes,no,,0,,no,no,no
fly_step_walk_default,raw\sound\fly\footsteps\run\dirt\dirt_run_03.LN65.pc.snd.wav,,loaded,bus_fx,grp_foley,snp_foley,,19.234,0,51,56,50,500,1000,allon,default,allon,default,3,2,priority,oldest,-160,160,10,50,0.15,1,3d,default,nonlooping,,1,0,25,100,80,0.2,no,yes,none,0,,no,,,yes,no,no,0,0,yes,no,,0,,no,no,no
fly_step_walk_default,raw\sound\fly\footsteps\run\dirt\dirt_run_04.LN65.pc.snd.wav,,loaded,bus_fx,grp_foley,snp_foley,,19.234,0,51,56,50,500,1000,allon,default,allon,default,3,2,priority,oldest,-160,160,10,50,0.15,1,3d,default,nonlooping,,1,0,25,100,80,0.2,no,yes,none,0,,no,,,yes,no,no,0,0,yes,no,,0,,no,no,no
fly_step_walk_dirt,raw\sound\fly\footsteps\run\dirt\dirt_run_00.LN65.pc.snd.wav,,loaded,bus_fx,grp_foley,snp_foley,,19.234,0,50,52,50,500,1000,allon,default,allon,default,3,2,priority,oldest,-160,160,10,50,0.15,1,3d,default,nonlooping,,1,0,25,100,80,0.2,no,yes,none,0,,no,,,yes,no,no,0,0,yes,no,,0,,no,no,no
fly_step_walk_dirt,raw\sound\fly\footsteps\run\dirt\dirt_run_01.LN65.pc.snd.wav,,loaded,bus_fx,grp_foley,snp_foley,,19.234,0,50,52,50,500,1000,allon,default,allon,default,3,2,priority,oldest,-160,160,10,50,0.15,1,3d,default,nonlooping,,1,0,25,100,80,0.2,no,yes,none,0,,no,,,yes,no,no,0,0,yes,no,,0,,no,no,no
fly_step_walk_dirt,raw\sound\fly\footsteps\run\dirt\dirt_run_02.LN65.pc.snd.wav,,loaded,bus_fx,grp_foley,snp_foley,,19.234,0,50,52,50,500,1000,allon,default,allon,default,3,2,priority,oldest,-160,160,10,50,0.15,1,3d,default,nonlooping,,1,0,25,100,80,0.2,no,yes,none,0,,no,,,yes,no,no,0,0,yes,no,,0,,no,no,no
fly_step_walk_dirt,raw\sound\fly\footsteps\run\dirt\dirt_run_03.LN65.pc.snd.wav,,loaded,bus_fx,grp_foley,snp_foley,,19.234,0,50,52,50,500,1000,allon,default,allon,default,3,2,priority,oldest,-160,160,10,50,0.15,1,3d,default,nonlooping,,1,0,25,100,80,0.2,no,yes,none,0,,no,,,yes,no,no,0,0,yes,no,,0,,no,no,no
fly_step_walk_dirt,raw\sound\fly\footsteps\run\dirt\dirt_run_04.LN65.pc.snd.wav,,loaded,bus_fx,grp_foley,snp_foley,,19.234,0,50,52,50,500,1000,allon,default,allon,default,3,2,priority,oldest,-160,160,10,50,0.15,1,3d,default,nonlooping,,1,0,25,100,80,0.2,no,yes,none,0,,no,,,yes,no,no,0,0,yes,no,,0,,no,no,no
fly_step_walk_flesh,raw\sound\fly\footsteps\run\concrete\concrete_run_00.LN65.pc.snd.wav,,loaded,bus_fx,grp_foley,snp_foley,,19.234,0,51,56,50,500,1000,allon,default,allon,default,3,2,priority,oldest,-160,160,10,50,0.15,1,3d,default,nonlooping,,1,0,25,100,80,0.2,no,yes,none,0,,no,,,yes,no,no,0,0,yes,no,,0,,no,no,no
fly_step_walk_flesh,raw\sound\fly\footsteps\run\concrete\concrete_run_01.LN65.pc.snd.wav,,loaded,bus_fx,grp_foley,snp_foley,,19.234,0,51,56,50,500,1000,allon,default,allon,default,3,2,priority,oldest,-160,160,10,50,0.15,1,3d,default,nonlooping,,1,0,25,100,80,0.2,no,yes,none,0,,no,,,yes,no,no,0,0,yes,no,,0,,no,no,no
fly_step_walk_flesh,raw\sound\fly\footsteps\run\concrete\concrete_run_02.LN65.pc.snd.wav,,loaded,bus_fx,grp_foley,snp_foley,,19.234,0,51,56,50,500,1000,allon,default,allon,default,3,2,priority,oldest,-160,160,10,50,0.15,1,3d,default,nonlooping,,1,0,25,100,80,0.2,no,yes,none,0,,no,,,yes,no,no,0,0,yes,no,,0,,no,no,no
fly_step_walk_flesh,raw\sound\fly\footsteps\run\concrete\concrete_run_03.LN65.pc.snd.wav,,loaded,bus_fx,grp_foley,snp_foley,,19.234,0,51,56,50,500,1000,allon,default,allon,default,3,2,priority,oldest,-160,160,10,50,0.15,1,3d,default,nonlooping,,1,0,25,100,80,0.2,no,yes,none,0,,no,,,yes,no,no,0,0,yes,no,,0,,no,no,no
fly_step_walk_flesh,raw\sound\fly\footsteps\run\concrete\concrete_run_04.LN65.pc.snd.wav,,loaded,bus_fx,grp_foley,snp_foley,,19.234,0,51,56,50,500,1000,allon,default,allon,default,3,2,priority,oldest,-160,160,10,50,0.15,1,3d,default,nonlooping,,1,0,25,100,80,0.2,no,yes,none,0,,no,,,yes,no,no,0,0,yes,no,,0,,no,no,no
fly_step_walk_flesh,raw\sound\fly\footsteps\run\concrete\concrete_run_05.LN65.pc.snd.wav,,loaded,bus_fx,grp_foley,snp_foley,,19.234,0,51,56,50,500,1000,allon,default,allon,default,3,2,priority,oldest,-160,160,10,50,0.15,1,3d,default,nonlooping,,1,0,25,100,80,0.2,no,yes,none,0,,no,,,yes,no,no,0,0,yes,no,,0,,no,no,no
fly_step_walk_foliage,raw\sound\fly\footsteps\run\grass\grass_run_00.LN65.pc.snd.wav,,loaded,bus_fx,grp_foley,snp_foley,,19.234,0,51,56,50,500,1000,allon,default,allon,default,3,2,priority,oldest,-160,160,10,50,0.15,1,3d,default,nonlooping,,1,0,25,100,80,0.2,no,yes,none,0,,no,,,yes,no,no,0,0,yes,no,,0,,no,no,no
fly_step_walk_foliage,raw\sound\fly\footsteps\run\grass\grass_run_01.LN65.pc.snd.wav,,loaded,bus_fx,grp_foley,snp_foley,,19.234,0,51,56,50,500,1000,allon,default,allon,default,3,2,priority,oldest,-160,160,10,50,0.15,1,3d,default,nonlooping,,1,0,25,100,80,0.2,no,yes,none,0,,no,,,yes,no,no,0,0,yes,no,,0,,no,no,no
fly_step_walk_foliage,raw\sound\fly\footsteps\run\grass\grass_run_02.LN65.pc.snd.wav,,loaded,bus_fx,grp_foley,snp_foley,,19.234,0,51,56,50,500,1000,allon,default,allon,default,3,2,priority,oldest,-160,160,10,50,0.15,1,3d,default,nonlooping,,1,0,25,100,80,0.2,no,yes,none,0,,no,,,yes,no,no,0,0,yes,no,,0,,no,no,no
fly_step_walk_foliage,raw\sound\fly\footsteps\run\grass\grass_run_03.LN65.pc.snd.wav,,loaded,bus_fx,grp_foley,snp_foley,,19.234,0,51,56,50,500,1000,allon,default,allon,default,3,2,priority,oldest,-160,160,10,50,0.15,1,3d,default,nonlooping,,1,0,25,100,80,0.2,no,yes,none,0,,no,,,yes,no,no,0,0,yes,no,,0,,no,no,no
fly_step_walk_foliage,raw\sound\fly\footsteps\run\grass\grass_run_04.LN65.pc.snd.wav,,loaded,bus_fx,grp_foley,snp_foley,,19.234,0,51,56,50,500,1000,allon,default,allon,default,3,2,priority,oldest,-160,160,10,50,0.15,1,3d,default,nonlooping,,1,0,25,100,80,0.2,no,yes,none,0,,no,,,yes,no,no,0,0,yes,no,,0,,no,no,no
fly_step_walk_fruit,raw\sound\fly\footsteps\run\dirt\dirt_run_00.LN65.pc.snd.wav,,loaded,bus_fx,grp_foley,snp_foley,,19.234,0,51,56,50,500,1000,allon,default,allon,default,3,2,priority,oldest,-160,160,10,50,0.15,1,3d,default,nonlooping,,1,0,25,100,80,0.2,no,yes,none,0,,no,,,yes,no,no,0,0,yes,no,,0,,no,no,no
fly_step_walk_fruit,raw\sound\fly\footsteps\run\dirt\dirt_run_01.LN65.pc.snd.wav,,loaded,bus_fx,grp_foley,snp_foley,,19.234,0,51,56,50,500,1000,allon,default,allon,default,3,2,priority,oldest,-160,160,10,50,0.15,1,3d,default,nonlooping,,1,0,25,100,80,0.2,no,yes,none,0,,no,,,yes,no,no,0,0,yes,no,,0,,no,no,no
fly_step_walk_fruit,raw\sound\fly\footsteps\run\dirt\dirt_run_02.LN65.pc.snd.wav,,loaded,bus_fx,grp_foley,snp_foley,,19.234,0,51,56,50,500,1000,allon,default,allon,default,3,2,priority,oldest,-160,160,10,50,0.15,1,3d,default,nonlooping,,1,0,25,100,80,0.2,no,yes,none,0,,no,,,yes,no,no,0,0,yes,no,,0,,no,no,no
fly_step_walk_fruit,raw\sound\fly\footsteps\run\dirt\dirt_run_03.LN65.pc.snd.wav,,loaded,bus_fx,grp_foley,snp_foley,,19.234,0,51,56,50,500,1000,allon,default,allon,default,3,2,priority,oldest,-160,160,10,50,0.15,1,3d,default,nonlooping,,1,0,25,100,80,0.2,no,yes,none,0,,no,,,yes,no,no,0,0,yes,no,,0,,no,no,no
fly_step_walk_fruit,raw\sound\fly\footsteps\run\dirt\dirt_run_04.LN65.pc.snd.wav,,loaded,bus_fx,grp_foley,snp_foley,,19.234,0,51,56,50,500,1000,allon,default,allon,default,3,2,priority,oldest,-160,160,10,50,0.15,1,3d,default,nonlooping,,1,0,25,100,80,0.2,no,yes,none,0,,no,,,yes,no,no,0,0,yes,no,,0,,no,no,no
fly_step_walk_glass,raw\sound\fly\footsteps\run\grass\grass_run_00.LN65.pc.snd.wav,,loaded,bus_fx,grp_foley,snp_foley,,19.234,0,51,56,50,500,1000,allon,default,allon,default,3,2,priority,oldest,-160,160,10,50,0.15,1,3d,default,nonlooping,,1,0,25,100,80,0.2,no,yes,none,0,,no,,,yes,no,no,0,0,yes,no,,0,,no,no,no
fly_step_walk_glass,raw\sound\fly\footsteps\run\grass\grass_run_01.LN65.pc.snd.wav,,loaded,bus_fx,grp_foley,snp_foley,,19.234,0,51,56,50,500,1000,allon,default,allon,default,3,2,priority,oldest,-160,160,10,50,0.15,1,3d,default,nonlooping,,1,0,25,100,80,0.2,no,yes,none,0,,no,,,yes,no,no,0,0,yes,no,,0,,no,no,no
fly_step_walk_glass,raw\sound\fly\footsteps\run\grass\grass_run_02.LN65.pc.snd.wav,,loaded,bus_fx,grp_foley,snp_foley,,19.234,0,51,56,50,500,1000,allon,default,allon,default,3,2,priority,oldest,-160,160,10,50,0.15,1,3d,default,nonlooping,,1,0,25,100,80,0.2,no,yes,none,0,,no,,,yes,no,no,0,0,yes,no,,0,,no,no,no
fly_step_walk_glass,raw\sound\fly\footsteps\run\grass\grass_run_03.LN65.pc.snd.wav,,loaded,bus_fx,grp_foley,snp_foley,,19.234,0,51,56,50,500,1000,allon,default,allon,default,3,2,priority,oldest,-160,160,10,50,0.15,1,3d,default,nonlooping,,1,0,25,100,80,0.2,no,yes,none,0,,no,,,yes,no,no,0,0,yes,no,,0,,no,no,no
fly_step_walk_glass,raw\sound\fly\footsteps\run\grass\grass_run_04.LN65.pc.snd.wav,,loaded,bus_fx,grp_foley,snp_foley,,19.234,0,51,56,50,500,1000,allon,default,allon,default,3,2,priority,oldest,-160,160,10,50,0.15,1,3d,default,nonlooping,,1,0,25,100,80,0.2,no,yes,none,0,,no,,,yes,no,no,0,0,yes,no,,0,,no,no,no
fly_step_walk_grass,raw\sound\fly\footsteps\run\grass\grass_run_00.LN65.pc.snd.wav,,loaded,bus_fx,grp_foley,snp_foley,,19.234,0,51,56,50,500,1000,allon,default,allon,default,3,2,priority,oldest,-160,160,10,50,0.15,1,3d,default,nonlooping,,1,0,25,100,80,0.2,no,yes,none,0,,no,,,yes,no,no,0,0,yes,no,,0,,no,no,no
fly_step_walk_grass,raw\sound\fly\footsteps\run\grass\grass_run_01.LN65.pc.snd.wav,,loaded,bus_fx,grp_foley,snp_foley,,19.234,0,51,56,50,500,1000,allon,default,allon,default,3,2,priority,oldest,-160,160,10,50,0.15,1,3d,default,nonlooping,,1,0,25,100,80,0.2,no,yes,none,0,,no,,,yes,no,no,0,0,yes,no,,0,,no,no,no
fly_step_walk_grass,raw\sound\fly\footsteps\run\grass\grass_run_02.LN65.pc.snd.wav,,loaded,bus_fx,grp_foley,snp_foley,,19.234,0,51,56,50,500,1000,allon,default,allon,default,3,2,priority,oldest,-160,160,10,50,0.15,1,3d,default,nonlooping,,1,0,25,100,80,0.2,no,yes,none,0,,no,,,yes,no,no,0,0,yes,no,,0,,no,no,no
fly_step_walk_grass,raw\sound\fly\footsteps\run\grass\grass_run_03.LN65.pc.snd.wav,,loaded,bus_fx,grp_foley,snp_foley,,19.234,0,51,56,50,500,1000,allon,default,allon,default,3,2,priority,oldest,-160,160,10,50,0.15,1,3d,default,nonlooping,,1,0,25,100,80,0.2,no,yes,none,0,,no,,,yes,no,no,0,0,yes,no,,0,,no,no,no
fly_step_walk_grass,raw\sound\fly\footsteps\run\grass\grass_run_04.LN65.pc.snd.wav,,loaded,bus_fx,grp_foley,snp_foley,,19.234,0,51,56,50,500,1000,allon,default,allon,default,3,2,priority,oldest,-160,160,10,50,0.15,1,3d,default,nonlooping,,1,0,25,100,80,0.2,no,yes,none,0,,no,,,yes,no,no,0,0,yes,no,,0,,no,no,no
fly_step_walk_gravel,raw\sound\fly\footsteps\run\dirt\dirt_run_00.LN65.pc.snd.wav,,loaded,bus_fx,grp_foley,snp_foley,,19.234,0,51,56,50,500,1000,allon,default,allon,default,3,2,priority,oldest,-160,160,10,50,0.15,1,3d,default,nonlooping,,1,0,25,100,80,0.2,no,yes,none,0,,no,,,yes,no,no,0,0,yes,no,,0,,no,no,no
fly_step_walk_gravel,raw\sound\fly\footsteps\run\dirt\dirt_run_01.LN65.pc.snd.wav,,loaded,bus_fx,grp_foley,snp_foley,,19.234,0,51,56,50,500,1000,allon,default,allon,default,3,2,priority,oldest,-160,160,10,50,0.15,1,3d,default,nonlooping,,1,0,25,100,80,0.2,no,yes,none,0,,no,,,yes,no,no,0,0,yes,no,,0,,no,no,no
fly_step_walk_gravel,raw\sound\fly\footsteps\run\dirt\dirt_run_02.LN65.pc.snd.wav,,loaded,bus_fx,grp_foley,snp_foley,,19.234,0,51,56,50,500,1000,allon,default,allon,default,3,2,priority,oldest,-160,160,10,50,0.15,1,3d,default,nonlooping,,1,0,25,100,80,0.2,no,yes,none,0,,no,,,yes,no,no,0,0,yes,no,,0,,no,no,no
fly_step_walk_gravel,raw\sound\fly\footsteps\run\dirt\dirt_run_03.LN65.pc.snd.wav,,loaded,bus_fx,grp_foley,snp_foley,,19.234,0,51,56,50,500,1000,allon,default,allon,default,3,2,priority,oldest,-160,160,10,50,0.15,1,3d,default,nonlooping,,1,0,25,100,80,0.2,no,yes,none,0,,no,,,yes,no,no,0,0,yes,no,,0,,no,no,no
fly_step_walk_gravel,raw\sound\fly\footsteps\run\dirt\dirt_run_04.LN65.pc.snd.wav,,loaded,bus_fx,grp_foley,snp_foley,,19.234,0,51,56,50,500,1000,allon,default,allon,default,3,2,priority,oldest,-160,160,10,50,0.15,1,3d,default,nonlooping,,1,0,25,100,80,0.2,no,yes,none,0,,no,,,yes,no,no,0,0,yes,no,,0,,no,no,no
fly_step_walk_ice,raw\sound\fly\footsteps\run\ice\ice_run_00.LN65.pc.snd.wav,,loaded,bus_fx,grp_foley,snp_foley,,19.234,0,51,56,50,500,1000,allon,default,allon,default,3,2,priority,oldest,-160,160,10,50,0.15,1,3d,default,nonlooping,,1,0,25,100,80,0.2,no,yes,none,0,,no,,,yes,no,no,0,0,yes,no,,0,,no,no,no
fly_step_walk_ice,raw\sound\fly\footsteps\run\ice\ice_run_01.LN65.pc.snd.wav,,loaded,bus_fx,grp_foley,snp_foley,,19.234,0,51,56,50,500,1000,allon,default,allon,default,3,2,priority,oldest,-160,160,10,50,0.15,1,3d,default,nonlooping,,1,0,25,100,80,0.2,no,yes,none,0,,no,,,yes,no,no,0,0,yes,no,,0,,no,no,no
fly_step_walk_ice,raw\sound\fly\footsteps\run\ice\ice_run_02.LN65.pc.snd.wav,,loaded,bus_fx,grp_foley,snp_foley,,19.234,0,51,56,50,500,1000,allon,default,allon,default,3,2,priority,oldest,-160,160,10,50,0.15,1,3d,default,nonlooping,,1,0,25,100,80,0.2,no,yes,none,0,,no,,,yes,no,no,0,0,yes,no,,0,,no,no,no
fly_step_walk_ice,raw\sound\fly\footsteps\run\ice\ice_run_03.LN65.pc.snd.wav,,loaded,bus_fx,grp_foley,snp_foley,,19.234,0,51,56,50,500,1000,allon,default,allon,default,3,2,priority,oldest,-160,160,10,50,0.15,1,3d,default,nonlooping,,1,0,25,100,80,0.2,no,yes,none,0,,no,,,yes,no,no,0,0,yes,no,,0,,no,no,no
fly_step_walk_metal,raw\sound\fly\footsteps\run\metal\metal_run_00.LN65.pc.snd.wav,,loaded,bus_fx,grp_foley,snp_foley,,19.234,0,51,56,50,500,1000,allon,default,allon,default,3,2,priority,oldest,-160,160,10,50,0.15,1,3d,default,nonlooping,,1,0,25,100,80,0.2,no,yes,none,0,,no,,,yes,no,no,0,0,yes,no,,0,,no,no,no
fly_step_walk_metal,raw\sound\fly\footsteps\run\metal\metal_run_01.LN65.pc.snd.wav,,loaded,bus_fx,grp_foley,snp_foley,,19.234,0,51,56,50,500,1000,allon,default,allon,default,3,2,priority,oldest,-160,160,10,50,0.15,1,3d,default,nonlooping,,1,0,25,100,80,0.2,no,yes,none,0,,no,,,yes,no,no,0,0,yes,no,,0,,no,no,no
fly_step_walk_metal,raw\sound\fly\footsteps\run\metal\metal_run_02.LN65.pc.snd.wav,,loaded,bus_fx,grp_foley,snp_foley,,19.234,0,51,56,50,500,1000,allon,default,allon,default,3,2,priority,oldest,-160,160,10,50,0.15,1,3d,default,nonlooping,,1,0,25,100,80,0.2,no,yes,none,0,,no,,,yes,no,no,0,0,yes,no,,0,,no,no,no
fly_step_walk_metal,raw\sound\fly\footsteps\run\metal\metal_run_03.LN65.pc.snd.wav,,loaded,bus_fx,grp_foley,snp_foley,,19.234,0,51,56,50,500,1000,allon,default,allon,default,3,2,priority,oldest,-160,160,10,50,0.15,1,3d,default,nonlooping,,1,0,25,100,80,0.2,no,yes,none,0,,no,,,yes,no,no,0,0,yes,no,,0,,no,no,no
fly_step_walk_metal,raw\sound\fly\footsteps\run\metal\metal_run_04.LN65.pc.snd.wav,,loaded,bus_fx,grp_foley,snp_foley,,19.234,0,51,56,50,500,1000,allon,default,allon,default,3,2,priority,oldest,-160,160,10,50,0.15,1,3d,default,nonlooping,,1,0,25,100,80,0.2,no,yes,none,0,,no,,,yes,no,no,0,0,yes,no,,0,,no,no,no
fly_step_walk_mud,raw\sound\fly\footsteps\run\mud\mud_run_00.LN65.pc.snd.wav,,loaded,bus_fx,grp_foley,snp_foley,,19.234,0,51,56,50,500,1000,allon,default,allon,default,3,2,priority,oldest,-160,160,10,50,0.15,1,3d,default,nonlooping,,1,0,25,100,80,0.2,no,yes,none,0,,no,,,yes,no,no,0,0,yes,no,,0,,no,no,no
fly_step_walk_mud,raw\sound\fly\footsteps\run\mud\mud_run_01.LN65.pc.snd.wav,,loaded,bus_fx,grp_foley,snp_foley,,19.234,0,51,56,50,500,1000,allon,default,allon,default,3,2,priority,oldest,-160,160,10,50,0.15,1,3d,default,nonlooping,,1,0,25,100,80,0.2,no,yes,none,0,,no,,,yes,no,no,0,0,yes,no,,0,,no,no,no
fly_step_walk_mud,raw\sound\fly\footsteps\run\mud\mud_run_02.LN65.pc.snd.wav,,loaded,bus_fx,grp_foley,snp_foley,,19.234,0,51,56,50,500,1000,allon,default,allon,default,3,2,priority,oldest,-160,160,10,50,0.15,1,3d,default,nonlooping,,1,0,25,100,80,0.2,no,yes,none,0,,no,,,yes,no,no,0,0,yes,no,,0,,no,no,no
fly_step_walk_mud,raw\sound\fly\footsteps\run\mud\mud_run_03.LN65.pc.snd.wav,,loaded,bus_fx,grp_foley,snp_foley,,19.234,0,51,56,50,500,1000,allon,default,allon,default,3,2,priority,oldest,-160,160,10,50,0.15,1,3d,default,nonlooping,,1,0,25,100,80,0.2,no,yes,none,0,,no,,,yes,no,no,0,0,yes,no,,0,,no,no,no
fly_step_walk_paintedmetal,raw\sound\fly\footsteps\run\metal\metal_run_00.LN65.pc.snd.wav,,loaded,bus_fx,grp_foley,snp_foley,,19.234,0,51,56,50,500,1000,allon,default,allon,default,3,2,priority,oldest,-160,160,10,50,0.15,1,3d,default,nonlooping,,1,0,25,100,80,0.2,no,yes,none,0,,no,,,yes,no,no,0,0,yes,no,,0,,no,no,no
fly_step_walk_paintedmetal,raw\sound\fly\footsteps\run\metal\metal_run_01.LN65.pc.snd.wav,,loaded,bus_fx,grp_foley,snp_foley,,19.234,0,51,56,50,500,1000,allon,default,allon,default,3,2,priority,oldest,-160,160,10,50,0.15,1,3d,default,nonlooping,,1,0,25,100,80,0.2,no,yes,none,0,,no,,,yes,no,no,0,0,yes,no,,0,,no,no,no
fly_step_walk_paintedmetal,raw\sound\fly\footsteps\run\metal\metal_run_02.LN65.pc.snd.wav,,loaded,bus_fx,grp_foley,snp_foley,,19.234,0,51,56,50,500,1000,allon,default,allon,default,3,2,priority,oldest,-160,160,10,50,0.15,1,3d,default,nonlooping,,1,0,25,100,80,0.2,no,yes,none,0,,no,,,yes,no,no,0,0,yes,no,,0,,no,no,no
fly_step_walk_paintedmetal,raw\sound\fly\footsteps\run\metal\metal_run_03.LN65.pc.snd.wav,,loaded,bus_fx,grp_foley,snp_foley,,19.234,0,51,56,50,500,1000,allon,default,allon,default,3,2,priority,oldest,-160,160,10,50,0.15,1,3d,default,nonlooping,,1,0,25,100,80,0.2,no,yes,none,0,,no,,,yes,no,no,0,0,yes,no,,0,,no,no,no
fly_step_walk_paintedmetal,raw\sound\fly\footsteps\run\metal\metal_run_04.LN65.pc.snd.wav,,loaded,bus_fx,grp_foley,snp_foley,,19.234,0,51,56,50,500,1000,allon,default,allon,default,3,2,priority,oldest,-160,160,10,50,0.15,1,3d,default,nonlooping,,1,0,25,100,80,0.2,no,yes,none,0,,no,,,yes,no,no,0,0,yes,no,,0,,no,no,no
fly_step_walk_paper,raw\sound\fly\footsteps\run\concrete\concrete_run_00.LN65.pc.snd.wav,,loaded,bus_fx,grp_foley,snp_foley,,19.234,0,51,56,50,500,1000,allon,default,allon,default,3,2,priority,oldest,-160,160,10,50,0.15,1,3d,default,nonlooping,,1,0,25,100,80,0.2,no,yes,none,0,,no,,,yes,no,no,0,0,yes,no,,0,,no,no,no
fly_step_walk_paper,raw\sound\fly\footsteps\run\concrete\concrete_run_01.LN65.pc.snd.wav,,loaded,bus_fx,grp_foley,snp_foley,,19.234,0,51,56,50,500,1000,allon,default,allon,default,3,2,priority,oldest,-160,160,10,50,0.15,1,3d,default,nonlooping,,1,0,25,100,80,0.2,no,yes,none,0,,no,,,yes,no,no,0,0,yes,no,,0,,no,no,no
fly_step_walk_paper,raw\sound\fly\footsteps\run\concrete\concrete_run_02.LN65.pc.snd.wav,,loaded,bus_fx,grp_foley,snp_foley,,19.234,0,51,56,50,500,1000,allon,default,allon,default,3,2,priority,oldest,-160,160,10,50,0.15,1,3d,default,nonlooping,,1,0,25,100,80,0.2,no,yes,none,0,,no,,,yes,no,no,0,0,yes,no,,0,,no,no,no
fly_step_walk_paper,raw\sound\fly\footsteps\run\concrete\concrete_run_03.LN65.pc.snd.wav,,loaded,bus_fx,grp_foley,snp_foley,,19.234,0,51,56,50,500,1000,allon,default,allon,default,3,2,priority,oldest,-160,160,10,50,0.15,1,3d,default,nonlooping,,1,0,25,100,80,0.2,no,yes,none,0,,no,,,yes,no,no,0,0,yes,no,,0,,no,no,no
fly_step_walk_paper,raw\sound\fly\footsteps\run\concrete\concrete_run_04.LN65.pc.snd.wav,,loaded,bus_fx,grp_foley,snp_foley,,19.234,0,51,56,50,500,1000,allon,default,allon,default,3,2,priority,oldest,-160,160,10,50,0.15,1,3d,default,nonlooping,,1,0,25,100,80,0.2,no,yes,none,0,,no,,,yes,no,no,0,0,yes,no,,0,,no,no,no
fly_step_walk_paper,raw\sound\fly\footsteps\run\concrete\concrete_run_05.LN65.pc.snd.wav,,loaded,bus_fx,grp_foley,snp_foley,,19.234,0,51,56,50,500,1000,allon,default,allon,default,3,2,priority,oldest,-160,160,10,50,0.15,1,3d,default,nonlooping,,1,0,25,100,80,0.2,no,yes,none,0,,no,,,yes,no,no,0,0,yes,no,,0,,no,no,no
fly_step_walk_plaster,raw\sound\fly\footsteps\run\concrete\concrete_run_00.LN65.pc.snd.wav,,loaded,bus_fx,grp_foley,snp_foley,,19.234,0,51,56,50,500,1000,allon,default,allon,default,3,2,priority,oldest,-160,160,10,50,0.15,1,3d,default,nonlooping,,1,0,25,100,80,0.2,no,yes,none,0,,no,,,yes,no,no,0,0,yes,no,,0,,no,no,no
fly_step_walk_plaster,raw\sound\fly\footsteps\run\concrete\concrete_run_01.LN65.pc.snd.wav,,loaded,bus_fx,grp_foley,snp_foley,,19.234,0,51,56,50,500,1000,allon,default,allon,default,3,2,priority,oldest,-160,160,10,50,0.15,1,3d,default,nonlooping,,1,0,25,100,80,0.2,no,yes,none,0,,no,,,yes,no,no,0,0,yes,no,,0,,no,no,no
fly_step_walk_plaster,raw\sound\fly\footsteps\run\concrete\concrete_run_02.LN65.pc.snd.wav,,loaded,bus_fx,grp_foley,snp_foley,,19.234,0,51,56,50,500,1000,allon,default,allon,default,3,2,priority,oldest,-160,160,10,50,0.15,1,3d,default,nonlooping,,1,0,25,100,80,0.2,no,yes,none,0,,no,,,yes,no,no,0,0,yes,no,,0,,no,no,no
fly_step_walk_plaster,raw\sound\fly\footsteps\run\concrete\concrete_run_03.LN65.pc.snd.wav,,loaded,bus_fx,grp_foley,snp_foley,,19.234,0,51,56,50,500,1000,allon,default,allon,default,3,2,priority,oldest,-160,160,10,50,0.15,1,3d,default,nonlooping,,1,0,25,100,80,0.2,no,yes,none,0,,no,,,yes,no,no,0,0,yes,no,,0,,no,no,no
fly_step_walk_plaster,raw\sound\fly\footsteps\run\concrete\concrete_run_04.LN65.pc.snd.wav,,loaded,bus_fx,grp_foley,snp_foley,,19.234,0,51,56,50,500,1000,allon,default,allon,default,3,2,priority,oldest,-160,160,10,50,0.15,1,3d,default,nonlooping,,1,0,25,100,80,0.2,no,yes,none,0,,no,,,yes,no,no,0,0,yes,no,,0,,no,no,no
fly_step_walk_plaster,raw\sound\fly\footsteps\run\concrete\concrete_run_05.LN65.pc.snd.wav,,loaded,bus_fx,grp_foley,snp_foley,,19.234,0,51,56,50,500,1000,allon,default,allon,default,3,2,priority,oldest,-160,160,10,50,0.15,1,3d,default,nonlooping,,1,0,25,100,80,0.2,no,yes,none,0,,no,,,yes,no,no,0,0,yes,no,,0,,no,no,no
fly_step_walk_plastic,raw\sound\fly\footsteps\run\carpet\carpet_run_00.LN65.pc.snd.wav,,loaded,bus_fx,grp_foley,snp_foley,,19.234,0,51,56,50,500,1000,allon,default,allon,default,3,2,priority,oldest,-160,160,10,50,0.15,1,3d,default,nonlooping,,1,0,25,100,80,0.2,no,yes,none,0,,no,,,yes,no,no,0,0,yes,no,,0,,no,no,no
fly_step_walk_plastic,raw\sound\fly\footsteps\run\carpet\carpet_run_01.LN65.pc.snd.wav,,loaded,bus_fx,grp_foley,snp_foley,,19.234,0,51,56,50,500,1000,allon,default,allon,default,3,2,priority,oldest,-160,160,10,50,0.15,1,3d,default,nonlooping,,1,0,25,100,80,0.2,no,yes,none,0,,no,,,yes,no,no,0,0,yes,no,,0,,no,no,no
fly_step_walk_plastic,raw\sound\fly\footsteps\run\carpet\carpet_run_02.LN65.pc.snd.wav,,loaded,bus_fx,grp_foley,snp_foley,,19.234,0,51,56,50,500,1000,allon,default,allon,default,3,2,priority,oldest,-160,160,10,50,0.15,1,3d,default,nonlooping,,1,0,25,100,80,0.2,no,yes,none,0,,no,,,yes,no,no,0,0,yes,no,,0,,no,no,no
fly_step_walk_plastic,raw\sound\fly\footsteps\run\carpet\carpet_run_03.LN65.pc.snd.wav,,loaded,bus_fx,grp_foley,snp_foley,,19.234,0,51,56,50,500,1000,allon,default,allon,default,3,2,priority,oldest,-160,160,10,50,0.15,1,3d,default,nonlooping,,1,0,25,100,80,0.2,no,yes,none,0,,no,,,yes,no,no,0,0,yes,no,,0,,no,no,no
fly_step_walk_plastic,raw\sound\fly\footsteps\run\carpet\carpet_run_04.LN65.pc.snd.wav,,loaded,bus_fx,grp_foley,snp_foley,,19.234,0,51,56,50,500,1000,allon,default,allon,default,3,2,priority,oldest,-160,160,10,50,0.15,1,3d,default,nonlooping,,1,0,25,100,80,0.2,no,yes,none,0,,no,,,yes,no,no,0,0,yes,no,,0,,no,no,no
fly_step_walk_plastic,raw\sound\fly\footsteps\run\carpet\carpet_run_05.LN65.pc.snd.wav,,loaded,bus_fx,grp_foley,snp_foley,,19.234,0,51,56,50,500,1000,allon,default,allon,default,3,2,priority,oldest,-160,160,10,50,0.15,1,3d,default,nonlooping,,1,0,25,100,80,0.2,no,yes,none,0,,no,,,yes,no,no,0,0,yes,no,,0,,no,no,no
fly_step_walk_plastic,raw\sound\fly\footsteps\run\carpet\carpet_run_06.LN65.pc.snd.wav,,loaded,bus_fx,grp_foley,snp_foley,,19.234,0,51,56,50,500,1000,allon,default,allon,default,3,2,priority,oldest,-160,160,10,50,0.15,1,3d,default,nonlooping,,1,0,25,100,80,0.2,no,yes,none,0,,no,,,yes,no,no,0,0,yes,no,,0,,no,no,no
fly_step_walk_plr_asphalt,raw\sound\fly\footsteps\run\concrete\concrete_run_00.LN65.pc.snd.wav,fly_gear_plr,loaded,bus_fx,grp_foley,snp_foley,,19.234,0,57,60,0,5000,5000,allon,default,allon,default,2,8,oldest,oldest,-160,160,70,70,0,1,2d,front,nonlooping,,1,10,0,0,0,0.25,no,yes,none,0,,no,,,yes,no,no,0,0,yes,no,,0,,no,no,no
fly_step_walk_plr_asphalt,raw\sound\fly\footsteps\run\concrete\concrete_run_01.LN65.pc.snd.wav,fly_gear_plr,loaded,bus_fx,grp_foley,snp_foley,,19.234,0,57,60,0,5000,5000,allon,default,allon,default,2,8,oldest,oldest,-160,160,70,70,0,1,2d,front,nonlooping,,1,10,0,0,0,0.25,no,yes,none,0,,no,,,yes,no,no,0,0,yes,no,,0,,no,no,no
fly_step_walk_plr_asphalt,raw\sound\fly\footsteps\run\concrete\concrete_run_02.LN65.pc.snd.wav,fly_gear_plr,loaded,bus_fx,grp_foley,snp_foley,,19.234,0,57,60,0,5000,5000,allon,default,allon,default,2,8,oldest,oldest,-160,160,70,70,0,1,2d,front,nonlooping,,1,10,0,0,0,0.25,no,yes,none,0,,no,,,yes,no,no,0,0,yes,no,,0,,no,no,no
fly_step_walk_plr_asphalt,raw\sound\fly\footsteps\run\concrete\concrete_run_03.LN65.pc.snd.wav,fly_gear_plr,loaded,bus_fx,grp_foley,snp_foley,,19.234,0,57,60,0,5000,5000,allon,default,allon,default,2,8,oldest,oldest,-160,160,70,70,0,1,2d,front,nonlooping,,1,10,0,0,0,0.25,no,yes,none,0,,no,,,yes,no,no,0,0,yes,no,,0,,no,no,no
fly_step_walk_plr_asphalt,raw\sound\fly\footsteps\run\concrete\concrete_run_04.LN65.pc.snd.wav,fly_gear_plr,loaded,bus_fx,grp_foley,snp_foley,,19.234,0,57,60,0,5000,5000,allon,default,allon,default,2,8,oldest,oldest,-160,160,70,70,0,1,2d,front,nonlooping,,1,10,0,0,0,0.25,no,yes,none,0,,no,,,yes,no,no,0,0,yes,no,,0,,no,no,no
fly_step_walk_plr_asphalt,raw\sound\fly\footsteps\run\concrete\concrete_run_05.LN65.pc.snd.wav,fly_gear_plr,loaded,bus_fx,grp_foley,snp_foley,,19.234,0,57,60,0,5000,5000,allon,default,allon,default,2,8,oldest,oldest,-160,160,70,70,0,1,2d,front,nonlooping,,1,10,0,0,0,0.25,no,yes,none,0,,no,,,yes,no,no,0,0,yes,no,,0,,no,no,no
fly_step_walk_plr_bark,raw\sound\fly\footsteps\run\wood\wood_run_00.LN65.pc.snd.wav,fly_gear_plr,loaded,bus_fx,grp_foley,snp_foley,,19.234,0,57,60,0,5000,5000,allon,default,allon,default,2,8,oldest,oldest,-160,160,70,70,0,1,2d,front,nonlooping,,1,10,0,0,0,0.25,no,yes,none,0,,no,,,yes,no,no,0,0,yes,no,,0,,no,no,no
fly_step_walk_plr_bark,raw\sound\fly\footsteps\run\wood\wood_run_01.LN65.pc.snd.wav,fly_gear_plr,loaded,bus_fx,grp_foley,snp_foley,,19.234,0,57,60,0,5000,5000,allon,default,allon,default,2,8,oldest,oldest,-160,160,70,70,0,1,2d,front,nonlooping,,1,10,0,0,0,0.25,no,yes,none,0,,no,,,yes,no,no,0,0,yes,no,,0,,no,no,no
fly_step_walk_plr_bark,raw\sound\fly\footsteps\run\wood\wood_run_02.LN65.pc.snd.wav,fly_gear_plr,loaded,bus_fx,grp_foley,snp_foley,,19.234,0,57,60,0,5000,5000,allon,default,allon,default,2,8,oldest,oldest,-160,160,70,70,0,1,2d,front,nonlooping,,1,10,0,0,0,0.25,no,yes,none,0,,no,,,yes,no,no,0,0,yes,no,,0,,no,no,no
fly_step_walk_plr_bark,raw\sound\fly\footsteps\run\wood\wood_run_03.LN65.pc.snd.wav,fly_gear_plr,loaded,bus_fx,grp_foley,snp_foley,,19.234,0,57,60,0,5000,5000,allon,default,allon,default,2,8,oldest,oldest,-160,160,70,70,0,1,2d,front,nonlooping,,1,10,0,0,0,0.25,no,yes,none,0,,no,,,yes,no,no,0,0,yes,no,,0,,no,no,no
fly_step_walk_plr_bark,raw\sound\fly\footsteps\run\wood\wood_run_04.LN65.pc.snd.wav,fly_gear_plr,loaded,bus_fx,grp_foley,snp_foley,,19.234,0,57,60,0,5000,5000,allon,default,allon,default,2,8,oldest,oldest,-160,160,70,70,0,1,2d,front,nonlooping,,1,10,0,0,0,0.25,no,yes,none,0,,no,,,yes,no,no,0,0,yes,no,,0,,no,no,no
fly_step_walk_plr_bark,raw\sound\fly\footsteps\run\wood\wood_run_05.LN65.pc.snd.wav,fly_gear_plr,loaded,bus_fx,grp_foley,snp_foley,,19.234,0,57,60,0,5000,5000,allon,default,allon,default,2,8,oldest,oldest,-160,160,70,70,0,1,2d,front,nonlooping,,1,10,0,0,0,0.25,no,yes,none,0,,no,,,yes,no,no,0,0,yes,no,,0,,no,no,no
fly_step_walk_plr_brick,raw\sound\fly\footsteps\run\concrete\concrete_run_00.LN65.pc.snd.wav,fly_gear_plr,loaded,bus_fx,grp_foley,snp_foley,,19.234,0,57,60,0,5000,5000,allon,default,allon,default,2,8,oldest,oldest,-160,160,70,70,0,1,2d,front,nonlooping,,1,10,0,0,0,0.25,no,yes,none,0,,no,,,yes,no,no,0,0,yes,no,,0,,no,no,no
fly_step_walk_plr_brick,raw\sound\fly\footsteps\run\concrete\concrete_run_01.LN65.pc.snd.wav,fly_gear_plr,loaded,bus_fx,grp_foley,snp_foley,,19.234,0,57,60,0,5000,5000,allon,default,allon,default,2,8,oldest,oldest,-160,160,70,70,0,1,2d,front,nonlooping,,1,10,0,0,0,0.25,no,yes,none,0,,no,,,yes,no,no,0,0,yes,no,,0,,no,no,no
fly_step_walk_plr_brick,raw\sound\fly\footsteps\run\concrete\concrete_run_02.LN65.pc.snd.wav,fly_gear_plr,loaded,bus_fx,grp_foley,snp_foley,,19.234,0,57,60,0,5000,5000,allon,default,allon,default,2,8,oldest,oldest,-160,160,70,70,0,1,2d,front,nonlooping,,1,10,0,0,0,0.25,no,yes,none,0,,no,,,yes,no,no,0,0,yes,no,,0,,no,no,no
fly_step_walk_plr_brick,raw\sound\fly\footsteps\run\concrete\concrete_run_03.LN65.pc.snd.wav,fly_gear_plr,loaded,bus_fx,grp_foley,snp_foley,,19.234,0,57,60,0,5000,5000,allon,default,allon,default,2,8,oldest,oldest,-160,160,70,70,0,1,2d,front,nonlooping,,1,10,0,0,0,0.25,no,yes,none,0,,no,,,yes,no,no,0,0,yes,no,,0,,no,no,no
fly_step_walk_plr_brick,raw\sound\fly\footsteps\run\concrete\concrete_run_04.LN65.pc.snd.wav,fly_gear_plr,loaded,bus_fx,grp_foley,snp_foley,,19.234,0,57,60,0,5000,5000,allon,default,allon,default,2,8,oldest,oldest,-160,160,70,70,0,1,2d,front,nonlooping,,1,10,0,0,0,0.25,no,yes,none,0,,no,,,yes,no,no,0,0,yes,no,,0,,no,no,no
fly_step_walk_plr_brick,raw\sound\fly\footsteps\run\concrete\concrete_run_05.LN65.pc.snd.wav,fly_gear_plr,loaded,bus_fx,grp_foley,snp_foley,,19.234,0,57,60,0,5000,5000,allon,default,allon,default,2,8,oldest,oldest,-160,160,70,70,0,1,2d,front,nonlooping,,1,10,0,0,0,0.25,no,yes,none,0,,no,,,yes,no,no,0,0,yes,no,,0,,no,no,no
fly_step_walk_plr_carpet,raw\sound\fly\footsteps\run\carpet\carpet_run_00.LN65.pc.snd.wav,fly_gear_plr,loaded,bus_fx,grp_foley,snp_foley,,19.234,0,57,60,0,5000,5000,allon,default,allon,default,2,8,oldest,oldest,-160,160,70,70,0,1,2d,front,nonlooping,,1,10,0,0,0,0.25,no,yes,none,0,,no,,,yes,no,no,0,0,yes,no,,0,,no,no,no
fly_step_walk_plr_carpet,raw\sound\fly\footsteps\run\carpet\carpet_run_01.LN65.pc.snd.wav,fly_gear_plr,loaded,bus_fx,grp_foley,snp_foley,,19.234,0,57,60,0,5000,5000,allon,default,allon,default,2,8,oldest,oldest,-160,160,70,70,0,1,2d,front,nonlooping,,1,10,0,0,0,0.25,no,yes,none,0,,no,,,yes,no,no,0,0,yes,no,,0,,no,no,no
fly_step_walk_plr_carpet,raw\sound\fly\footsteps\run\carpet\carpet_run_02.LN65.pc.snd.wav,fly_gear_plr,loaded,bus_fx,grp_foley,snp_foley,,19.234,0,57,60,0,5000,5000,allon,default,allon,default,2,8,oldest,oldest,-160,160,70,70,0,1,2d,front,nonlooping,,1,10,0,0,0,0.25,no,yes,none,0,,no,,,yes,no,no,0,0,yes,no,,0,,no,no,no
fly_step_walk_plr_carpet,raw\sound\fly\footsteps\run\carpet\carpet_run_03.LN65.pc.snd.wav,fly_gear_plr,loaded,bus_fx,grp_foley,snp_foley,,19.234,0,57,60,0,5000,5000,allon,default,allon,default,2,8,oldest,oldest,-160,160,70,70,0,1,2d,front,nonlooping,,1,10,0,0,0,0.25,no,yes,none,0,,no,,,yes,no,no,0,0,yes,no,,0,,no,no,no
fly_step_walk_plr_carpet,raw\sound\fly\footsteps\run\carpet\carpet_run_04.LN65.pc.snd.wav,fly_gear_plr,loaded,bus_fx,grp_foley,snp_foley,,19.234,0,57,60,0,5000,5000,allon,default,allon,default,2,8,oldest,oldest,-160,160,70,70,0,1,2d,front,nonlooping,,1,10,0,0,0,0.25,no,yes,none,0,,no,,,yes,no,no,0,0,yes,no,,0,,no,no,no
fly_step_walk_plr_carpet,raw\sound\fly\footsteps\run\carpet\carpet_run_05.LN65.pc.snd.wav,fly_gear_plr,loaded,bus_fx,grp_foley,snp_foley,,19.234,0,57,60,0,5000,5000,allon,default,allon,default,2,8,oldest,oldest,-160,160,70,70,0,1,2d,front,nonlooping,,1,10,0,0,0,0.25,no,yes,none,0,,no,,,yes,no,no,0,0,yes,no,,0,,no,no,no
fly_step_walk_plr_carpet,raw\sound\fly\footsteps\run\carpet\carpet_run_06.LN65.pc.snd.wav,fly_gear_plr,loaded,bus_fx,grp_foley,snp_foley,,19.234,0,57,60,0,5000,5000,allon,default,allon,default,2,8,oldest,oldest,-160,160,70,70,0,1,2d,front,nonlooping,,1,10,0,0,0,0.25,no,yes,none,0,,no,,,yes,no,no,0,0,yes,no,,0,,no,no,no
fly_step_walk_plr_ceramic,raw\sound\fly\footsteps\run\concrete\concrete_run_00.LN65.pc.snd.wav,fly_gear_plr,loaded,bus_fx,grp_foley,snp_foley,,19.234,0,57,60,0,5000,5000,allon,default,allon,default,2,8,oldest,oldest,-160,160,70,70,0,1,2d,front,nonlooping,,1,10,0,0,0,0.25,no,yes,none,0,,no,,,yes,no,no,0,0,yes,no,,0,,no,no,no
fly_step_walk_plr_ceramic,raw\sound\fly\footsteps\run\concrete\concrete_run_01.LN65.pc.snd.wav,fly_gear_plr,loaded,bus_fx,grp_foley,snp_foley,,19.234,0,57,60,0,5000,5000,allon,default,allon,default,2,8,oldest,oldest,-160,160,70,70,0,1,2d,front,nonlooping,,1,10,0,0,0,0.25,no,yes,none,0,,no,,,yes,no,no,0,0,yes,no,,0,,no,no,no
fly_step_walk_plr_ceramic,raw\sound\fly\footsteps\run\concrete\concrete_run_02.LN65.pc.snd.wav,fly_gear_plr,loaded,bus_fx,grp_foley,snp_foley,,19.234,0,57,60,0,5000,5000,allon,default,allon,default,2,8,oldest,oldest,-160,160,70,70,0,1,2d,front,nonlooping,,1,10,0,0,0,0.25,no,yes,none,0,,no,,,yes,no,no,0,0,yes,no,,0,,no,no,no
fly_step_walk_plr_ceramic,raw\sound\fly\footsteps\run\concrete\concrete_run_03.LN65.pc.snd.wav,fly_gear_plr,loaded,bus_fx,grp_foley,snp_foley,,19.234,0,57,60,0,5000,5000,allon,default,allon,default,2,8,oldest,oldest,-160,160,70,70,0,1,2d,front,nonlooping,,1,10,0,0,0,0.25,no,yes,none,0,,no,,,yes,no,no,0,0,yes,no,,0,,no,no,no
fly_step_walk_plr_ceramic,raw\sound\fly\footsteps\run\concrete\concrete_run_04.LN65.pc.snd.wav,fly_gear_plr,loaded,bus_fx,grp_foley,snp_foley,,19.234,0,57,60,0,5000,5000,allon,default,allon,default,2,8,oldest,oldest,-160,160,70,70,0,1,2d,front,nonlooping,,1,10,0,0,0,0.25,no,yes,none,0,,no,,,yes,no,no,0,0,yes,no,,0,,no,no,no
fly_step_walk_plr_ceramic,raw\sound\fly\footsteps\run\concrete\concrete_run_05.LN65.pc.snd.wav,fly_gear_plr,loaded,bus_fx,grp_foley,snp_foley,,19.234,0,57,60,0,5000,5000,allon,default,allon,default,2,8,oldest,oldest,-160,160,70,70,0,1,2d,front,nonlooping,,1,10,0,0,0,0.25,no,yes,none,0,,no,,,yes,no,no,0,0,yes,no,,0,,no,no,no
fly_step_walk_plr_cloth,raw\sound\fly\footsteps\run\carpet\carpet_run_00.LN65.pc.snd.wav,fly_gear_plr,loaded,bus_fx,grp_foley,snp_foley,,19.234,0,57,60,0,5000,5000,allon,default,allon,default,2,8,oldest,oldest,-160,160,70,70,0,1,2d,front,nonlooping,,1,10,0,0,0,0.25,no,yes,none,0,,no,,,yes,no,no,0,0,yes,no,,0,,no,no,no
fly_step_walk_plr_cloth,raw\sound\fly\footsteps\run\carpet\carpet_run_01.LN65.pc.snd.wav,fly_gear_plr,loaded,bus_fx,grp_foley,snp_foley,,19.234,0,57,60,0,5000,5000,allon,default,allon,default,2,8,oldest,oldest,-160,160,70,70,0,1,2d,front,nonlooping,,1,10,0,0,0,0.25,no,yes,none,0,,no,,,yes,no,no,0,0,yes,no,,0,,no,no,no
fly_step_walk_plr_cloth,raw\sound\fly\footsteps\run\carpet\carpet_run_02.LN65.pc.snd.wav,fly_gear_plr,loaded,bus_fx,grp_foley,snp_foley,,19.234,0,57,60,0,5000,5000,allon,default,allon,default,2,8,oldest,oldest,-160,160,70,70,0,1,2d,front,nonlooping,,1,10,0,0,0,0.25,no,yes,none,0,,no,,,yes,no,no,0,0,yes,no,,0,,no,no,no
fly_step_walk_plr_cloth,raw\sound\fly\footsteps\run\carpet\carpet_run_03.LN65.pc.snd.wav,fly_gear_plr,loaded,bus_fx,grp_foley,snp_foley,,19.234,0,57,60,0,5000,5000,allon,default,allon,default,2,8,oldest,oldest,-160,160,70,70,0,1,2d,front,nonlooping,,1,10,0,0,0,0.25,no,yes,none,0,,no,,,yes,no,no,0,0,yes,no,,0,,no,no,no
fly_step_walk_plr_cloth,raw\sound\fly\footsteps\run\carpet\carpet_run_04.LN65.pc.snd.wav,fly_gear_plr,loaded,bus_fx,grp_foley,snp_foley,,19.234,0,57,60,0,5000,5000,allon,default,allon,default,2,8,oldest,oldest,-160,160,70,70,0,1,2d,front,nonlooping,,1,10,0,0,0,0.25,no,yes,none,0,,no,,,yes,no,no,0,0,yes,no,,0,,no,no,no
fly_step_walk_plr_cloth,raw\sound\fly\footsteps\run\carpet\carpet_run_05.LN65.pc.snd.wav,fly_gear_plr,loaded,bus_fx,grp_foley,snp_foley,,19.234,0,57,60,0,5000,5000,allon,default,allon,default,2,8,oldest,oldest,-160,160,70,70,0,1,2d,front,nonlooping,,1,10,0,0,0,0.25,no,yes,none,0,,no,,,yes,no,no,0,0,yes,no,,0,,no,no,no
fly_step_walk_plr_cloth,raw\sound\fly\footsteps\run\carpet\carpet_run_06.LN65.pc.snd.wav,fly_gear_plr,loaded,bus_fx,grp_foley,snp_foley,,19.234,0,57,60,0,5000,5000,allon,default,allon,default,2,8,oldest,oldest,-160,160,70,70,0,1,2d,front,nonlooping,,1,10,0,0,0,0.25,no,yes,none,0,,no,,,yes,no,no,0,0,yes,no,,0,,no,no,no
fly_step_walk_plr_concrete,raw\sound\fly\footsteps\run\concrete\concrete_run_00.LN65.pc.snd.wav,fly_gear_plr,loaded,bus_fx,grp_foley,snp_foley,,19.234,0,57,60,0,5000,5000,allon,default,allon,default,2,8,oldest,oldest,-160,160,70,70,0,1,2d,front,nonlooping,,1,10,0,0,0,0.25,no,yes,none,0,,no,,,yes,no,no,0,0,yes,no,,0,,no,no,no
fly_step_walk_plr_concrete,raw\sound\fly\footsteps\run\concrete\concrete_run_01.LN65.pc.snd.wav,fly_gear_plr,loaded,bus_fx,grp_foley,snp_foley,,19.234,0,57,60,0,5000,5000,allon,default,allon,default,2,8,oldest,oldest,-160,160,70,70,0,1,2d,front,nonlooping,,1,10,0,0,0,0.25,no,yes,none,0,,no,,,yes,no,no,0,0,yes,no,,0,,no,no,no
fly_step_walk_plr_concrete,raw\sound\fly\footsteps\run\concrete\concrete_run_02.LN65.pc.snd.wav,fly_gear_plr,loaded,bus_fx,grp_foley,snp_foley,,19.234,0,57,60,0,5000,5000,allon,default,allon,default,2,8,oldest,oldest,-160,160,70,70,0,1,2d,front,nonlooping,,1,10,0,0,0,0.25,no,yes,none,0,,no,,,yes,no,no,0,0,yes,no,,0,,no,no,no
fly_step_walk_plr_concrete,raw\sound\fly\footsteps\run\concrete\concrete_run_03.LN65.pc.snd.wav,fly_gear_plr,loaded,bus_fx,grp_foley,snp_foley,,19.234,0,57,60,0,5000,5000,allon,default,allon,default,2,8,oldest,oldest,-160,160,70,70,0,1,2d,front,nonlooping,,1,10,0,0,0,0.25,no,yes,none,0,,no,,,yes,no,no,0,0,yes,no,,0,,no,no,no
fly_step_walk_plr_concrete,raw\sound\fly\footsteps\run\concrete\concrete_run_04.LN65.pc.snd.wav,fly_gear_plr,loaded,bus_fx,grp_foley,snp_foley,,19.234,0,57,60,0,5000,5000,allon,default,allon,default,2,8,oldest,oldest,-160,160,70,70,0,1,2d,front,nonlooping,,1,10,0,0,0,0.25,no,yes,none,0,,no,,,yes,no,no,0,0,yes,no,,0,,no,no,no
fly_step_walk_plr_concrete,raw\sound\fly\footsteps\run\concrete\concrete_run_05.LN65.pc.snd.wav,fly_gear_plr,loaded,bus_fx,grp_foley,snp_foley,,19.234,0,57,60,0,5000,5000,allon,default,allon,default,2,8,oldest,oldest,-160,160,70,70,0,1,2d,front,nonlooping,,1,10,0,0,0,0.25,no,yes,none,0,,no,,,yes,no,no,0,0,yes,no,,0,,no,no,no
fly_step_walk_plr_cushion,raw\sound\fly\footsteps\run\carpet\carpet_run_00.LN65.pc.snd.wav,fly_gear_plr,loaded,bus_fx,grp_foley,snp_foley,,19.234,0,57,60,0,5000,5000,allon,default,allon,default,2,8,oldest,oldest,-160,160,70,70,0,1,2d,front,nonlooping,,1,10,0,0,0,0.25,no,yes,none,0,,no,,,yes,no,no,0,0,yes,no,,0,,no,no,no
fly_step_walk_plr_cushion,raw\sound\fly\footsteps\run\carpet\carpet_run_01.LN65.pc.snd.wav,fly_gear_plr,loaded,bus_fx,grp_foley,snp_foley,,19.234,0,57,60,0,5000,5000,allon,default,allon,default,2,8,oldest,oldest,-160,160,70,70,0,1,2d,front,nonlooping,,1,10,0,0,0,0.25,no,yes,none,0,,no,,,yes,no,no,0,0,yes,no,,0,,no,no,no
fly_step_walk_plr_cushion,raw\sound\fly\footsteps\run\carpet\carpet_run_02.LN65.pc.snd.wav,fly_gear_plr,loaded,bus_fx,grp_foley,snp_foley,,19.234,0,57,60,0,5000,5000,allon,default,allon,default,2,8,oldest,oldest,-160,160,70,70,0,1,2d,front,nonlooping,,1,10,0,0,0,0.25,no,yes,none,0,,no,,,yes,no,no,0,0,yes,no,,0,,no,no,no
fly_step_walk_plr_cushion,raw\sound\fly\footsteps\run\carpet\carpet_run_03.LN65.pc.snd.wav,fly_gear_plr,loaded,bus_fx,grp_foley,snp_foley,,19.234,0,57,60,0,5000,5000,allon,default,allon,default,2,8,oldest,oldest,-160,160,70,70,0,1,2d,front,nonlooping,,1,10,0,0,0,0.25,no,yes,none,0,,no,,,yes,no,no,0,0,yes,no,,0,,no,no,no
fly_step_walk_plr_cushion,raw\sound\fly\footsteps\run\carpet\carpet_run_04.LN65.pc.snd.wav,fly_gear_plr,loaded,bus_fx,grp_foley,snp_foley,,19.234,0,57,60,0,5000,5000,allon,default,allon,default,2,8,oldest,oldest,-160,160,70,70,0,1,2d,front,nonlooping,,1,10,0,0,0,0.25,no,yes,none,0,,no,,,yes,no,no,0,0,yes,no,,0,,no,no,no
fly_step_walk_plr_cushion,raw\sound\fly\footsteps\run\carpet\carpet_run_05.LN65.pc.snd.wav,fly_gear_plr,loaded,bus_fx,grp_foley,snp_foley,,19.234,0,57,60,0,5000,5000,allon,default,allon,default,2,8,oldest,oldest,-160,160,70,70,0,1,2d,front,nonlooping,,1,10,0,0,0,0.25,no,yes,none,0,,no,,,yes,no,no,0,0,yes,no,,0,,no,no,no
fly_step_walk_plr_cushion,raw\sound\fly\footsteps\run\carpet\carpet_run_06.LN65.pc.snd.wav,fly_gear_plr,loaded,bus_fx,grp_foley,snp_foley,,19.234,0,57,60,0,5000,5000,allon,default,allon,default,2,8,oldest,oldest,-160,160,70,70,0,1,2d,front,nonlooping,,1,10,0,0,0,0.25,no,yes,none,0,,no,,,yes,no,no,0,0,yes,no,,0,,no,no,no
fly_step_walk_plr_default,raw\sound\fly\footsteps\run\dirt\dirt_run_00.LN65.pc.snd.wav,fly_gear_plr,loaded,bus_fx,grp_foley,snp_foley,,19.234,0,57,60,0,5000,5000,allon,default,allon,default,2,8,oldest,oldest,-160,160,70,70,0,1,2d,front,nonlooping,,1,10,0,0,0,0.25,no,yes,none,0,,no,,,yes,no,no,0,0,yes,no,,0,,no,no,no
fly_step_walk_plr_default,raw\sound\fly\footsteps\run\dirt\dirt_run_01.LN65.pc.snd.wav,fly_gear_plr,loaded,bus_fx,grp_foley,snp_foley,,19.234,0,57,60,0,5000,5000,allon,default,allon,default,2,8,oldest,oldest,-160,160,70,70,0,1,2d,front,nonlooping,,1,10,0,0,0,0.25,no,yes,none,0,,no,,,yes,no,no,0,0,yes,no,,0,,no,no,no
fly_step_walk_plr_default,raw\sound\fly\footsteps\run\dirt\dirt_run_02.LN65.pc.snd.wav,fly_gear_plr,loaded,bus_fx,grp_foley,snp_foley,,19.234,0,57,60,0,5000,5000,allon,default,allon,default,2,8,oldest,oldest,-160,160,70,70,0,1,2d,front,nonlooping,,1,10,0,0,0,0.25,no,yes,none,0,,no,,,yes,no,no,0,0,yes,no,,0,,no,no,no
fly_step_walk_plr_default,raw\sound\fly\footsteps\run\dirt\dirt_run_03.LN65.pc.snd.wav,fly_gear_plr,loaded,bus_fx,grp_foley,snp_foley,,19.234,0,57,60,0,5000,5000,allon,default,allon,default,2,8,oldest,oldest,-160,160,70,70,0,1,2d,front,nonlooping,,1,10,0,0,0,0.25,no,yes,none,0,,no,,,yes,no,no,0,0,yes,no,,0,,no,no,no
fly_step_walk_plr_default,raw\sound\fly\footsteps\run\dirt\dirt_run_04.LN65.pc.snd.wav,fly_gear_plr,loaded,bus_fx,grp_foley,snp_foley,,19.234,0,57,60,0,5000,5000,allon,default,allon,default,2,8,oldest,oldest,-160,160,70,70,0,1,2d,front,nonlooping,,1,10,0,0,0,0.25,no,yes,none,0,,no,,,yes,no,no,0,0,yes,no,,0,,no,no,no
fly_step_walk_plr_dirt,raw\sound\fly\footsteps\run\dirt\dirt_run_00.LN65.pc.snd.wav,fly_gear_plr,loaded,bus_fx,grp_foley,snp_foley,,19.234,0,57,60,0,5000,5000,allon,default,allon,default,2,8,oldest,oldest,-160,160,70,70,0,1,2d,front,nonlooping,,1,10,0,0,0,0.25,no,yes,none,0,,no,,,yes,no,no,0,0,yes,no,,0,,no,no,no
fly_step_walk_plr_dirt,raw\sound\fly\footsteps\run\dirt\dirt_run_01.LN65.pc.snd.wav,fly_gear_plr,loaded,bus_fx,grp_foley,snp_foley,,19.234,0,57,60,0,5000,5000,allon,default,allon,default,2,8,oldest,oldest,-160,160,70,70,0,1,2d,front,nonlooping,,1,10,0,0,0,0.25,no,yes,none,0,,no,,,yes,no,no,0,0,yes,no,,0,,no,no,no
fly_step_walk_plr_dirt,raw\sound\fly\footsteps\run\dirt\dirt_run_02.LN65.pc.snd.wav,fly_gear_plr,loaded,bus_fx,grp_foley,snp_foley,,19.234,0,57,60,0,5000,5000,allon,default,allon,default,2,8,oldest,oldest,-160,160,70,70,0,1,2d,front,nonlooping,,1,10,0,0,0,0.25,no,yes,none,0,,no,,,yes,no,no,0,0,yes,no,,0,,no,no,no
fly_step_walk_plr_dirt,raw\sound\fly\footsteps\run\dirt\dirt_run_03.LN65.pc.snd.wav,fly_gear_plr,loaded,bus_fx,grp_foley,snp_foley,,19.234,0,57,60,0,5000,5000,allon,default,allon,default,2,8,oldest,oldest,-160,160,70,70,0,1,2d,front,nonlooping,,1,10,0,0,0,0.25,no,yes,none,0,,no,,,yes,no,no,0,0,yes,no,,0,,no,no,no
fly_step_walk_plr_dirt,raw\sound\fly\footsteps\run\dirt\dirt_run_04.LN65.pc.snd.wav,fly_gear_plr,loaded,bus_fx,grp_foley,snp_foley,,19.234,0,57,60,0,5000,5000,allon,default,allon,default,2,8,oldest,oldest,-160,160,70,70,0,1,2d,front,nonlooping,,1,10,0,0,0,0.25,no,yes,none,0,,no,,,yes,no,no,0,0,yes,no,,0,,no,no,no
fly_step_walk_plr_flesh,raw\sound\fly\footsteps\run\concrete\concrete_run_00.LN65.pc.snd.wav,fly_gear_plr,loaded,bus_fx,grp_foley,snp_foley,,19.234,0,57,60,0,5000,5000,allon,default,allon,default,2,8,oldest,oldest,-160,160,70,70,0,1,2d,front,nonlooping,,1,10,0,0,0,0.25,no,yes,none,0,,no,,,yes,no,no,0,0,yes,no,,0,,no,no,no
fly_step_walk_plr_flesh,raw\sound\fly\footsteps\run\concrete\concrete_run_01.LN65.pc.snd.wav,fly_gear_plr,loaded,bus_fx,grp_foley,snp_foley,,19.234,0,57,60,0,5000,5000,allon,default,allon,default,2,8,oldest,oldest,-160,160,70,70,0,1,2d,front,nonlooping,,1,10,0,0,0,0.25,no,yes,none,0,,no,,,yes,no,no,0,0,yes,no,,0,,no,no,no
fly_step_walk_plr_flesh,raw\sound\fly\footsteps\run\concrete\concrete_run_02.LN65.pc.snd.wav,fly_gear_plr,loaded,bus_fx,grp_foley,snp_foley,,19.234,0,57,60,0,5000,5000,allon,default,allon,default,2,8,oldest,oldest,-160,160,70,70,0,1,2d,front,nonlooping,,1,10,0,0,0,0.25,no,yes,none,0,,no,,,yes,no,no,0,0,yes,no,,0,,no,no,no
fly_step_walk_plr_flesh,raw\sound\fly\footsteps\run\concrete\concrete_run_03.LN65.pc.snd.wav,fly_gear_plr,loaded,bus_fx,grp_foley,snp_foley,,19.234,0,57,60,0,5000,5000,allon,default,allon,default,2,8,oldest,oldest,-160,160,70,70,0,1,2d,front,nonlooping,,1,10,0,0,0,0.25,no,yes,none,0,,no,,,yes,no,no,0,0,yes,no,,0,,no,no,no
fly_step_walk_plr_flesh,raw\sound\fly\footsteps\run\concrete\concrete_run_04.LN65.pc.snd.wav,fly_gear_plr,loaded,bus_fx,grp_foley,snp_foley,,19.234,0,57,60,0,5000,5000,allon,default,allon,default,2,8,oldest,oldest,-160,160,70,70,0,1,2d,front,nonlooping,,1,10,0,0,0,0.25,no,yes,none,0,,no,,,yes,no,no,0,0,yes,no,,0,,no,no,no
fly_step_walk_plr_flesh,raw\sound\fly\footsteps\run\concrete\concrete_run_05.LN65.pc.snd.wav,fly_gear_plr,loaded,bus_fx,grp_foley,snp_foley,,19.234,0,57,60,0,5000,5000,allon,default,allon,default,2,8,oldest,oldest,-160,160,70,70,0,1,2d,front,nonlooping,,1,10,0,0,0,0.25,no,yes,none,0,,no,,,yes,no,no,0,0,yes,no,,0,,no,no,no
fly_step_walk_plr_foliage,raw\sound\fly\footsteps\run\grass\grass_run_00.LN65.pc.snd.wav,fly_gear_plr,loaded,bus_fx,grp_foley,snp_foley,,19.234,0,57,60,0,5000,5000,allon,default,allon,default,2,8,oldest,oldest,-160,160,70,70,0,1,2d,front,nonlooping,,1,10,0,0,0,0.25,no,yes,none,0,,no,,,yes,no,no,0,0,yes,no,,0,,no,no,no
fly_step_walk_plr_foliage,raw\sound\fly\footsteps\run\grass\grass_run_01.LN65.pc.snd.wav,fly_gear_plr,loaded,bus_fx,grp_foley,snp_foley,,19.234,0,57,60,0,5000,5000,allon,default,allon,default,2,8,oldest,oldest,-160,160,70,70,0,1,2d,front,nonlooping,,1,10,0,0,0,0.25,no,yes,none,0,,no,,,yes,no,no,0,0,yes,no,,0,,no,no,no
fly_step_walk_plr_foliage,raw\sound\fly\footsteps\run\grass\grass_run_02.LN65.pc.snd.wav,fly_gear_plr,loaded,bus_fx,grp_foley,snp_foley,,19.234,0,57,60,0,5000,5000,allon,default,allon,default,2,8,oldest,oldest,-160,160,70,70,0,1,2d,front,nonlooping,,1,10,0,0,0,0.25,no,yes,none,0,,no,,,yes,no,no,0,0,yes,no,,0,,no,no,no
fly_step_walk_plr_foliage,raw\sound\fly\footsteps\run\grass\grass_run_03.LN65.pc.snd.wav,fly_gear_plr,loaded,bus_fx,grp_foley,snp_foley,,19.234,0,57,60,0,5000,5000,allon,default,allon,default,2,8,oldest,oldest,-160,160,70,70,0,1,2d,front,nonlooping,,1,10,0,0,0,0.25,no,yes,none,0,,no,,,yes,no,no,0,0,yes,no,,0,,no,no,no
fly_step_walk_plr_foliage,raw\sound\fly\footsteps\run\grass\grass_run_04.LN65.pc.snd.wav,fly_gear_plr,loaded,bus_fx,grp_foley,snp_foley,,19.234,0,57,60,0,5000,5000,allon,default,allon,default,2,8,oldest,oldest,-160,160,70,70,0,1,2d,front,nonlooping,,1,10,0,0,0,0.25,no,yes,none,0,,no,,,yes,no,no,0,0,yes,no,,0,,no,no,no
fly_step_walk_plr_fruit,raw\sound\fly\footsteps\run\dirt\dirt_run_00.LN65.pc.snd.wav,fly_gear_plr,loaded,bus_fx,grp_foley,snp_foley,,19.234,0,57,60,0,5000,5000,allon,default,allon,default,2,8,oldest,oldest,-160,160,70,70,0,1,2d,front,nonlooping,,1,10,0,0,0,0.25,no,yes,none,0,,no,,,yes,no,no,0,0,yes,no,,0,,no,no,no
fly_step_walk_plr_fruit,raw\sound\fly\footsteps\run\dirt\dirt_run_01.LN65.pc.snd.wav,fly_gear_plr,loaded,bus_fx,grp_foley,snp_foley,,19.234,0,57,60,0,5000,5000,allon,default,allon,default,2,8,oldest,oldest,-160,160,70,70,0,1,2d,front,nonlooping,,1,10,0,0,0,0.25,no,yes,none,0,,no,,,yes,no,no,0,0,yes,no,,0,,no,no,no
fly_step_walk_plr_fruit,raw\sound\fly\footsteps\run\dirt\dirt_run_02.LN65.pc.snd.wav,fly_gear_plr,loaded,bus_fx,grp_foley,snp_foley,,19.234,0,57,60,0,5000,5000,allon,default,allon,default,2,8,oldest,oldest,-160,160,70,70,0,1,2d,front,nonlooping,,1,10,0,0,0,0.25,no,yes,none,0,,no,,,yes,no,no,0,0,yes,no,,0,,no,no,no
fly_step_walk_plr_fruit,raw\sound\fly\footsteps\run\dirt\dirt_run_03.LN65.pc.snd.wav,fly_gear_plr,loaded,bus_fx,grp_foley,snp_foley,,19.234,0,57,60,0,5000,5000,allon,default,allon,default,2,8,oldest,oldest,-160,160,70,70,0,1,2d,front,nonlooping,,1,10,0,0,0,0.25,no,yes,none,0,,no,,,yes,no,no,0,0,yes,no,,0,,no,no,no
fly_step_walk_plr_fruit,raw\sound\fly\footsteps\run\dirt\dirt_run_04.LN65.pc.snd.wav,fly_gear_plr,loaded,bus_fx,grp_foley,snp_foley,,19.234,0,57,60,0,5000,5000,allon,default,allon,default,2,8,oldest,oldest,-160,160,70,70,0,1,2d,front,nonlooping,,1,10,0,0,0,0.25,no,yes,none,0,,no,,,yes,no,no,0,0,yes,no,,0,,no,no,no
fly_step_walk_plr_glass,raw\sound\fly\footsteps\run\grass\grass_run_00.LN65.pc.snd.wav,fly_gear_plr,loaded,bus_fx,grp_foley,snp_foley,,19.234,0,57,60,0,5000,5000,allon,default,allon,default,2,8,oldest,oldest,-160,160,70,70,0,1,2d,front,nonlooping,,1,10,0,0,0,0.25,no,yes,none,0,,no,,,yes,no,no,0,0,yes,no,,0,,no,no,no
fly_step_walk_plr_glass,raw\sound\fly\footsteps\run\grass\grass_run_01.LN65.pc.snd.wav,fly_gear_plr,loaded,bus_fx,grp_foley,snp_foley,,19.234,0,57,60,0,5000,5000,allon,default,allon,default,2,8,oldest,oldest,-160,160,70,70,0,1,2d,front,nonlooping,,1,10,0,0,0,0.25,no,yes,none,0,,no,,,yes,no,no,0,0,yes,no,,0,,no,no,no
fly_step_walk_plr_glass,raw\sound\fly\footsteps\run\grass\grass_run_02.LN65.pc.snd.wav,fly_gear_plr,loaded,bus_fx,grp_foley,snp_foley,,19.234,0,57,60,0,5000,5000,allon,default,allon,default,2,8,oldest,oldest,-160,160,70,70,0,1,2d,front,nonlooping,,1,10,0,0,0,0.25,no,yes,none,0,,no,,,yes,no,no,0,0,yes,no,,0,,no,no,no
fly_step_walk_plr_glass,raw\sound\fly\footsteps\run\grass\grass_run_03.LN65.pc.snd.wav,fly_gear_plr,loaded,bus_fx,grp_foley,snp_foley,,19.234,0,57,60,0,5000,5000,allon,default,allon,default,2,8,oldest,oldest,-160,160,70,70,0,1,2d,front,nonlooping,,1,10,0,0,0,0.25,no,yes,none,0,,no,,,yes,no,no,0,0,yes,no,,0,,no,no,no
fly_step_walk_plr_glass,raw\sound\fly\footsteps\run\grass\grass_run_04.LN65.pc.snd.wav,fly_gear_plr,loaded,bus_fx,grp_foley,snp_foley,,19.234,0,57,60,0,5000,5000,allon,default,allon,default,2,8,oldest,oldest,-160,160,70,70,0,1,2d,front,nonlooping,,1,10,0,0,0,0.25,no,yes,none,0,,no,,,yes,no,no,0,0,yes,no,,0,,no,no,no
fly_step_walk_plr_grass,raw\sound\fly\footsteps\run\grass\grass_run_00.LN65.pc.snd.wav,fly_gear_plr,loaded,bus_fx,grp_foley,snp_foley,,19.234,0,57,60,0,5000,5000,allon,default,allon,default,2,8,oldest,oldest,-160,160,70,70,0,1,2d,front,nonlooping,,1,10,0,0,0,0.25,no,yes,none,0,,no,,,yes,no,no,0,0,yes,no,,0,,no,no,no
fly_step_walk_plr_grass,raw\sound\fly\footsteps\run\grass\grass_run_01.LN65.pc.snd.wav,fly_gear_plr,loaded,bus_fx,grp_foley,snp_foley,,19.234,0,57,60,0,5000,5000,allon,default,allon,default,2,8,oldest,oldest,-160,160,70,70,0,1,2d,front,nonlooping,,1,10,0,0,0,0.25,no,yes,none,0,,no,,,yes,no,no,0,0,yes,no,,0,,no,no,no
fly_step_walk_plr_grass,raw\sound\fly\footsteps\run\grass\grass_run_02.LN65.pc.snd.wav,fly_gear_plr,loaded,bus_fx,grp_foley,snp_foley,,19.234,0,57,60,0,5000,5000,allon,default,allon,default,2,8,oldest,oldest,-160,160,70,70,0,1,2d,front,nonlooping,,1,10,0,0,0,0.25,no,yes,none,0,,no,,,yes,no,no,0,0,yes,no,,0,,no,no,no
fly_step_walk_plr_grass,raw\sound\fly\footsteps\run\grass\grass_run_03.LN65.pc.snd.wav,fly_gear_plr,loaded,bus_fx,grp_foley,snp_foley,,19.234,0,57,60,0,5000,5000,allon,default,allon,default,2,8,oldest,oldest,-160,160,70,70,0,1,2d,front,nonlooping,,1,10,0,0,0,0.25,no,yes,none,0,,no,,,yes,no,no,0,0,yes,no,,0,,no,no,no
fly_step_walk_plr_grass,raw\sound\fly\footsteps\run\grass\grass_run_04.LN65.pc.snd.wav,fly_gear_plr,loaded,bus_fx,grp_foley,snp_foley,,19.234,0,57,60,0,5000,5000,allon,default,allon,default,2,8,oldest,oldest,-160,160,70,70,0,1,2d,front,nonlooping,,1,10,0,0,0,0.25,no,yes,none,0,,no,,,yes,no,no,0,0,yes,no,,0,,no,no,no
fly_step_walk_plr_gravel,raw\sound\fly\footsteps\run\dirt\dirt_run_00.LN65.pc.snd.wav,fly_gear_plr,loaded,bus_fx,grp_foley,snp_foley,,19.234,0,57,60,0,5000,5000,allon,default,allon,default,2,8,oldest,oldest,-160,160,70,70,0,1,2d,front,nonlooping,,1,10,0,0,0,0.25,no,yes,none,0,,no,,,yes,no,no,0,0,yes,no,,0,,no,no,no
fly_step_walk_plr_gravel,raw\sound\fly\footsteps\run\dirt\dirt_run_01.LN65.pc.snd.wav,fly_gear_plr,loaded,bus_fx,grp_foley,snp_foley,,19.234,0,57,60,0,5000,5000,allon,default,allon,default,2,8,oldest,oldest,-160,160,70,70,0,1,2d,front,nonlooping,,1,10,0,0,0,0.25,no,yes,none,0,,no,,,yes,no,no,0,0,yes,no,,0,,no,no,no
fly_step_walk_plr_gravel,raw\sound\fly\footsteps\run\dirt\dirt_run_02.LN65.pc.snd.wav,fly_gear_plr,loaded,bus_fx,grp_foley,snp_foley,,19.234,0,57,60,0,5000,5000,allon,default,allon,default,2,8,oldest,oldest,-160,160,70,70,0,1,2d,front,nonlooping,,1,10,0,0,0,0.25,no,yes,none,0,,no,,,yes,no,no,0,0,yes,no,,0,,no,no,no
fly_step_walk_plr_gravel,raw\sound\fly\footsteps\run\dirt\dirt_run_03.LN65.pc.snd.wav,fly_gear_plr,loaded,bus_fx,grp_foley,snp_foley,,19.234,0,57,60,0,5000,5000,allon,default,allon,default,2,8,oldest,oldest,-160,160,70,70,0,1,2d,front,nonlooping,,1,10,0,0,0,0.25,no,yes,none,0,,no,,,yes,no,no,0,0,yes,no,,0,,no,no,no
fly_step_walk_plr_gravel,raw\sound\fly\footsteps\run\dirt\dirt_run_04.LN65.pc.snd.wav,fly_gear_plr,loaded,bus_fx,grp_foley,snp_foley,,19.234,0,57,60,0,5000,5000,allon,default,allon,default,2,8,oldest,oldest,-160,160,70,70,0,1,2d,front,nonlooping,,1,10,0,0,0,0.25,no,yes,none,0,,no,,,yes,no,no,0,0,yes,no,,0,,no,no,no
fly_step_walk_plr_ice,raw\sound\fly\footsteps\run\ice\ice_run_00.LN65.pc.snd.wav,fly_gear_plr,loaded,bus_fx,grp_foley,snp_foley,,19.234,0,57,60,0,5000,5000,allon,default,allon,default,2,8,oldest,oldest,-160,160,70,70,0,1,2d,front,nonlooping,,1,10,0,0,0,0.25,no,yes,none,0,,no,,,yes,no,no,0,0,yes,no,,0,,no,no,no
fly_step_walk_plr_ice,raw\sound\fly\footsteps\run\ice\ice_run_01.LN65.pc.snd.wav,fly_gear_plr,loaded,bus_fx,grp_foley,snp_foley,,19.234,0,57,60,0,5000,5000,allon,default,allon,default,2,8,oldest,oldest,-160,160,70,70,0,1,2d,front,nonlooping,,1,10,0,0,0,0.25,no,yes,none,0,,no,,,yes,no,no,0,0,yes,no,,0,,no,no,no
fly_step_walk_plr_ice,raw\sound\fly\footsteps\run\ice\ice_run_02.LN65.pc.snd.wav,fly_gear_plr,loaded,bus_fx,grp_foley,snp_foley,,19.234,0,57,60,0,5000,5000,allon,default,allon,default,2,8,oldest,oldest,-160,160,70,70,0,1,2d,front,nonlooping,,1,10,0,0,0,0.25,no,yes,none,0,,no,,,yes,no,no,0,0,yes,no,,0,,no,no,no
fly_step_walk_plr_ice,raw\sound\fly\footsteps\run\ice\ice_run_03.LN65.pc.snd.wav,fly_gear_plr,loaded,bus_fx,grp_foley,snp_foley,,19.234,0,57,60,0,5000,5000,allon,default,allon,default,2,8,oldest,oldest,-160,160,70,70,0,1,2d,front,nonlooping,,1,10,0,0,0,0.25,no,yes,none,0,,no,,,yes,no,no,0,0,yes,no,,0,,no,no,no
fly_step_walk_plr_metal,raw\sound\fly\footsteps\run\metal\metal_run_00.LN65.pc.snd.wav,fly_gear_plr,loaded,bus_fx,grp_foley,snp_foley,,19.234,0,57,60,0,5000,5000,allon,default,allon,default,2,8,oldest,oldest,-160,160,70,70,0,1,2d,front,nonlooping,,1,10,0,0,0,0.25,no,yes,none,0,,no,,,yes,no,no,0,0,yes,no,,0,,no,no,no
fly_step_walk_plr_metal,raw\sound\fly\footsteps\run\metal\metal_run_01.LN65.pc.snd.wav,fly_gear_plr,loaded,bus_fx,grp_foley,snp_foley,,19.234,0,57,60,0,5000,5000,allon,default,allon,default,2,8,oldest,oldest,-160,160,70,70,0,1,2d,front,nonlooping,,1,10,0,0,0,0.25,no,yes,none,0,,no,,,yes,no,no,0,0,yes,no,,0,,no,no,no
fly_step_walk_plr_metal,raw\sound\fly\footsteps\run\metal\metal_run_02.LN65.pc.snd.wav,fly_gear_plr,loaded,bus_fx,grp_foley,snp_foley,,19.234,0,57,60,0,5000,5000,allon,default,allon,default,2,8,oldest,oldest,-160,160,70,70,0,1,2d,front,nonlooping,,1,10,0,0,0,0.25,no,yes,none,0,,no,,,yes,no,no,0,0,yes,no,,0,,no,no,no
fly_step_walk_plr_metal,raw\sound\fly\footsteps\run\metal\metal_run_03.LN65.pc.snd.wav,fly_gear_plr,loaded,bus_fx,grp_foley,snp_foley,,19.234,0,57,60,0,5000,5000,allon,default,allon,default,2,8,oldest,oldest,-160,160,70,70,0,1,2d,front,nonlooping,,1,10,0,0,0,0.25,no,yes,none,0,,no,,,yes,no,no,0,0,yes,no,,0,,no,no,no
fly_step_walk_plr_metal,raw\sound\fly\footsteps\run\metal\metal_run_04.LN65.pc.snd.wav,fly_gear_plr,loaded,bus_fx,grp_foley,snp_foley,,19.234,0,57,60,0,5000,5000,allon,default,allon,default,2,8,oldest,oldest,-160,160,70,70,0,1,2d,front,nonlooping,,1,10,0,0,0,0.25,no,yes,none,0,,no,,,yes,no,no,0,0,yes,no,,0,,no,no,no
fly_step_walk_plr_mud,raw\sound\fly\footsteps\run\mud\mud_run_00.LN65.pc.snd.wav,fly_gear_plr,loaded,bus_fx,grp_foley,snp_foley,,19.234,0,57,60,0,5000,5000,allon,default,allon,default,2,8,oldest,oldest,-160,160,70,70,0,1,2d,front,nonlooping,,1,10,0,0,0,0.25,no,yes,none,0,,no,,,yes,no,no,0,0,yes,no,,0,,no,no,no
fly_step_walk_plr_mud,raw\sound\fly\footsteps\run\mud\mud_run_01.LN65.pc.snd.wav,fly_gear_plr,loaded,bus_fx,grp_foley,snp_foley,,19.234,0,57,60,0,5000,5000,allon,default,allon,default,2,8,oldest,oldest,-160,160,70,70,0,1,2d,front,nonlooping,,1,10,0,0,0,0.25,no,yes,none,0,,no,,,yes,no,no,0,0,yes,no,,0,,no,no,no
fly_step_walk_plr_mud,raw\sound\fly\footsteps\run\mud\mud_run_02.LN65.pc.snd.wav,fly_gear_plr,loaded,bus_fx,grp_foley,snp_foley,,19.234,0,57,60,0,5000,5000,allon,default,allon,default,2,8,oldest,oldest,-160,160,70,70,0,1,2d,front,nonlooping,,1,10,0,0,0,0.25,no,yes,none,0,,no,,,yes,no,no,0,0,yes,no,,0,,no,no,no
fly_step_walk_plr_mud,raw\sound\fly\footsteps\run\mud\mud_run_03.LN65.pc.snd.wav,fly_gear_plr,loaded,bus_fx,grp_foley,snp_foley,,19.234,0,57,60,0,5000,5000,allon,default,allon,default,2,8,oldest,oldest,-160,160,70,70,0,1,2d,front,nonlooping,,1,10,0,0,0,0.25,no,yes,none,0,,no,,,yes,no,no,0,0,yes,no,,0,,no,no,no
fly_step_walk_plr_paintedmetal,raw\sound\fly\footsteps\run\metal\metal_run_00.LN65.pc.snd.wav,fly_gear_plr,loaded,bus_fx,grp_foley,snp_foley,,19.234,0,57,60,0,5000,5000,allon,default,allon,default,2,8,oldest,oldest,-160,160,70,70,0,1,2d,front,nonlooping,,1,10,0,0,0,0.25,no,yes,none,0,,no,,,yes,no,no,0,0,yes,no,,0,,no,no,no
fly_step_walk_plr_paintedmetal,raw\sound\fly\footsteps\run\metal\metal_run_01.LN65.pc.snd.wav,fly_gear_plr,loaded,bus_fx,grp_foley,snp_foley,,19.234,0,57,60,0,5000,5000,allon,default,allon,default,2,8,oldest,oldest,-160,160,70,70,0,1,2d,front,nonlooping,,1,10,0,0,0,0.25,no,yes,none,0,,no,,,yes,no,no,0,0,yes,no,,0,,no,no,no
fly_step_walk_plr_paintedmetal,raw\sound\fly\footsteps\run\metal\metal_run_02.LN65.pc.snd.wav,fly_gear_plr,loaded,bus_fx,grp_foley,snp_foley,,19.234,0,57,60,0,5000,5000,allon,default,allon,default,2,8,oldest,oldest,-160,160,70,70,0,1,2d,front,nonlooping,,1,10,0,0,0,0.25,no,yes,none,0,,no,,,yes,no,no,0,0,yes,no,,0,,no,no,no
fly_step_walk_plr_paintedmetal,raw\sound\fly\footsteps\run\metal\metal_run_03.LN65.pc.snd.wav,fly_gear_plr,loaded,bus_fx,grp_foley,snp_foley,,19.234,0,57,60,0,5000,5000,allon,default,allon,default,2,8,oldest,oldest,-160,160,70,70,0,1,2d,front,nonlooping,,1,10,0,0,0,0.25,no,yes,none,0,,no,,,yes,no,no,0,0,yes,no,,0,,no,no,no
fly_step_walk_plr_paintedmetal,raw\sound\fly\footsteps\run\metal\metal_run_04.LN65.pc.snd.wav,fly_gear_plr,loaded,bus_fx,grp_foley,snp_foley,,19.234,0,57,60,0,5000,5000,allon,default,allon,default,2,8,oldest,oldest,-160,160,70,70,0,1,2d,front,nonlooping,,1,10,0,0,0,0.25,no,yes,none,0,,no,,,yes,no,no,0,0,yes,no,,0,,no,no,no
fly_step_walk_plr_paper,raw\sound\fly\footsteps\run\concrete\concrete_run_00.LN65.pc.snd.wav,fly_gear_plr,loaded,bus_fx,grp_foley,snp_foley,,19.234,0,57,60,0,5000,5000,allon,default,allon,default,2,8,oldest,oldest,-160,160,70,70,0,1,2d,front,nonlooping,,1,10,0,0,0,0.25,no,yes,none,0,,no,,,yes,no,no,0,0,yes,no,,0,,no,no,no
fly_step_walk_plr_paper,raw\sound\fly\footsteps\run\concrete\concrete_run_01.LN65.pc.snd.wav,fly_gear_plr,loaded,bus_fx,grp_foley,snp_foley,,19.234,0,57,60,0,5000,5000,allon,default,allon,default,2,8,oldest,oldest,-160,160,70,70,0,1,2d,front,nonlooping,,1,10,0,0,0,0.25,no,yes,none,0,,no,,,yes,no,no,0,0,yes,no,,0,,no,no,no
fly_step_walk_plr_paper,raw\sound\fly\footsteps\run\concrete\concrete_run_02.LN65.pc.snd.wav,fly_gear_plr,loaded,bus_fx,grp_foley,snp_foley,,19.234,0,57,60,0,5000,5000,allon,default,allon,default,2,8,oldest,oldest,-160,160,70,70,0,1,2d,front,nonlooping,,1,10,0,0,0,0.25,no,yes,none,0,,no,,,yes,no,no,0,0,yes,no,,0,,no,no,no
fly_step_walk_plr_paper,raw\sound\fly\footsteps\run\concrete\concrete_run_03.LN65.pc.snd.wav,fly_gear_plr,loaded,bus_fx,grp_foley,snp_foley,,19.234,0,57,60,0,5000,5000,allon,default,allon,default,2,8,oldest,oldest,-160,160,70,70,0,1,2d,front,nonlooping,,1,10,0,0,0,0.25,no,yes,none,0,,no,,,yes,no,no,0,0,yes,no,,0,,no,no,no
fly_step_walk_plr_paper,raw\sound\fly\footsteps\run\concrete\concrete_run_04.LN65.pc.snd.wav,fly_gear_plr,loaded,bus_fx,grp_foley,snp_foley,,19.234,0,57,60,0,5000,5000,allon,default,allon,default,2,8,oldest,oldest,-160,160,70,70,0,1,2d,front,nonlooping,,1,10,0,0,0,0.25,no,yes,none,0,,no,,,yes,no,no,0,0,yes,no,,0,,no,no,no
fly_step_walk_plr_paper,raw\sound\fly\footsteps\run\concrete\concrete_run_05.LN65.pc.snd.wav,fly_gear_plr,loaded,bus_fx,grp_foley,snp_foley,,19.234,0,57,60,0,5000,5000,allon,default,allon,default,2,8,oldest,oldest,-160,160,70,70,0,1,2d,front,nonlooping,,1,10,0,0,0,0.25,no,yes,none,0,,no,,,yes,no,no,0,0,yes,no,,0,,no,no,no
fly_step_walk_plr_plaster,raw\sound\fly\footsteps\run\concrete\concrete_run_00.LN65.pc.snd.wav,fly_gear_plr,loaded,bus_fx,grp_foley,snp_foley,,19.234,0,57,60,0,5000,5000,allon,default,allon,default,2,8,oldest,oldest,-160,160,70,70,0,1,2d,front,nonlooping,,1,10,0,0,0,0.25,no,yes,none,0,,no,,,yes,no,no,0,0,yes,no,,0,,no,no,no
fly_step_walk_plr_plaster,raw\sound\fly\footsteps\run\concrete\concrete_run_01.LN65.pc.snd.wav,fly_gear_plr,loaded,bus_fx,grp_foley,snp_foley,,19.234,0,57,60,0,5000,5000,allon,default,allon,default,2,8,oldest,oldest,-160,160,70,70,0,1,2d,front,nonlooping,,1,10,0,0,0,0.25,no,yes,none,0,,no,,,yes,no,no,0,0,yes,no,,0,,no,no,no
fly_step_walk_plr_plaster,raw\sound\fly\footsteps\run\concrete\concrete_run_02.LN65.pc.snd.wav,fly_gear_plr,loaded,bus_fx,grp_foley,snp_foley,,19.234,0,57,60,0,5000,5000,allon,default,allon,default,2,8,oldest,oldest,-160,160,70,70,0,1,2d,front,nonlooping,,1,10,0,0,0,0.25,no,yes,none,0,,no,,,yes,no,no,0,0,yes,no,,0,,no,no,no
fly_step_walk_plr_plaster,raw\sound\fly\footsteps\run\concrete\concrete_run_03.LN65.pc.snd.wav,fly_gear_plr,loaded,bus_fx,grp_foley,snp_foley,,19.234,0,57,60,0,5000,5000,allon,default,allon,default,2,8,oldest,oldest,-160,160,70,70,0,1,2d,front,nonlooping,,1,10,0,0,0,0.25,no,yes,none,0,,no,,,yes,no,no,0,0,yes,no,,0,,no,no,no
fly_step_walk_plr_plaster,raw\sound\fly\footsteps\run\concrete\concrete_run_04.LN65.pc.snd.wav,fly_gear_plr,loaded,bus_fx,grp_foley,snp_foley,,19.234,0,57,60,0,5000,5000,allon,default,allon,default,2,8,oldest,oldest,-160,160,70,70,0,1,2d,front,nonlooping,,1,10,0,0,0,0.25,no,yes,none,0,,no,,,yes,no,no,0,0,yes,no,,0,,no,no,no
fly_step_walk_plr_plaster,raw\sound\fly\footsteps\run\concrete\concrete_run_05.LN65.pc.snd.wav,fly_gear_plr,loaded,bus_fx,grp_foley,snp_foley,,19.234,0,57,60,0,5000,5000,allon,default,allon,default,2,8,oldest,oldest,-160,160,70,70,0,1,2d,front,nonlooping,,1,10,0,0,0,0.25,no,yes,none,0,,no,,,yes,no,no,0,0,yes,no,,0,,no,no,no
fly_step_walk_plr_plastic,raw\sound\fly\footsteps\run\carpet\carpet_run_00.LN65.pc.snd.wav,fly_gear_plr,loaded,bus_fx,grp_foley,snp_foley,,19.234,0,57,60,0,5000,5000,allon,default,allon,default,2,8,oldest,oldest,-160,160,70,70,0,1,2d,front,nonlooping,,1,10,0,0,0,0.25,no,yes,none,0,,no,,,yes,no,no,0,0,yes,no,,0,,no,no,no
fly_step_walk_plr_plastic,raw\sound\fly\footsteps\run\carpet\carpet_run_01.LN65.pc.snd.wav,fly_gear_plr,loaded,bus_fx,grp_foley,snp_foley,,19.234,0,57,60,0,5000,5000,allon,default,allon,default,2,8,oldest,oldest,-160,160,70,70,0,1,2d,front,nonlooping,,1,10,0,0,0,0.25,no,yes,none,0,,no,,,yes,no,no,0,0,yes,no,,0,,no,no,no
fly_step_walk_plr_plastic,raw\sound\fly\footsteps\run\carpet\carpet_run_02.LN65.pc.snd.wav,fly_gear_plr,loaded,bus_fx,grp_foley,snp_foley,,19.234,0,57,60,0,5000,5000,allon,default,allon,default,2,8,oldest,oldest,-160,160,70,70,0,1,2d,front,nonlooping,,1,10,0,0,0,0.25,no,yes,none,0,,no,,,yes,no,no,0,0,yes,no,,0,,no,no,no
fly_step_walk_plr_plastic,raw\sound\fly\footsteps\run\carpet\carpet_run_03.LN65.pc.snd.wav,fly_gear_plr,loaded,bus_fx,grp_foley,snp_foley,,19.234,0,57,60,0,5000,5000,allon,default,allon,default,2,8,oldest,oldest,-160,160,70,70,0,1,2d,front,nonlooping,,1,10,0,0,0,0.25,no,yes,none,0,,no,,,yes,no,no,0,0,yes,no,,0,,no,no,no
fly_step_walk_plr_plastic,raw\sound\fly\footsteps\run\carpet\carpet_run_04.LN65.pc.snd.wav,fly_gear_plr,loaded,bus_fx,grp_foley,snp_foley,,19.234,0,57,60,0,5000,5000,allon,default,allon,default,2,8,oldest,oldest,-160,160,70,70,0,1,2d,front,nonlooping,,1,10,0,0,0,0.25,no,yes,none,0,,no,,,yes,no,no,0,0,yes,no,,0,,no,no,no
fly_step_walk_plr_plastic,raw\sound\fly\footsteps\run\carpet\carpet_run_05.LN65.pc.snd.wav,fly_gear_plr,loaded,bus_fx,grp_foley,snp_foley,,19.234,0,57,60,0,5000,5000,allon,default,allon,default,2,8,oldest,oldest,-160,160,70,70,0,1,2d,front,nonlooping,,1,10,0,0,0,0.25,no,yes,none,0,,no,,,yes,no,no,0,0,yes,no,,0,,no,no,no
fly_step_walk_plr_plastic,raw\sound\fly\footsteps\run\carpet\carpet_run_06.LN65.pc.snd.wav,fly_gear_plr,loaded,bus_fx,grp_foley,snp_foley,,19.234,0,57,60,0,5000,5000,allon,default,allon,default,2,8,oldest,oldest,-160,160,70,70,0,1,2d,front,nonlooping,,1,10,0,0,0,0.25,no,yes,none,0,,no,,,yes,no,no,0,0,yes,no,,0,,no,no,no
fly_step_walk_plr_rock,raw\sound\fly\footsteps\run\concrete\concrete_run_00.LN65.pc.snd.wav,fly_gear_plr,loaded,bus_fx,grp_foley,snp_foley,,19.234,0,57,60,0,5000,5000,allon,default,allon,default,2,8,oldest,oldest,-160,160,70,70,0,1,2d,front,nonlooping,,1,10,0,0,0,0.25,no,yes,none,0,,no,,,yes,no,no,0,0,yes,no,,0,,no,no,no
fly_step_walk_plr_rock,raw\sound\fly\footsteps\run\concrete\concrete_run_01.LN65.pc.snd.wav,fly_gear_plr,loaded,bus_fx,grp_foley,snp_foley,,19.234,0,57,60,0,5000,5000,allon,default,allon,default,2,8,oldest,oldest,-160,160,70,70,0,1,2d,front,nonlooping,,1,10,0,0,0,0.25,no,yes,none,0,,no,,,yes,no,no,0,0,yes,no,,0,,no,no,no
fly_step_walk_plr_rock,raw\sound\fly\footsteps\run\concrete\concrete_run_02.LN65.pc.snd.wav,fly_gear_plr,loaded,bus_fx,grp_foley,snp_foley,,19.234,0,57,60,0,5000,5000,allon,default,allon,default,2,8,oldest,oldest,-160,160,70,70,0,1,2d,front,nonlooping,,1,10,0,0,0,0.25,no,yes,none,0,,no,,,yes,no,no,0,0,yes,no,,0,,no,no,no
fly_step_walk_plr_rock,raw\sound\fly\footsteps\run\concrete\concrete_run_03.LN65.pc.snd.wav,fly_gear_plr,loaded,bus_fx,grp_foley,snp_foley,,19.234,0,57,60,0,5000,5000,allon,default,allon,default,2,8,oldest,oldest,-160,160,70,70,0,1,2d,front,nonlooping,,1,10,0,0,0,0.25,no,yes,none,0,,no,,,yes,no,no,0,0,yes,no,,0,,no,no,no
fly_step_walk_plr_rock,raw\sound\fly\footsteps\run\concrete\concrete_run_04.LN65.pc.snd.wav,fly_gear_plr,loaded,bus_fx,grp_foley,snp_foley,,19.234,0,57,60,0,5000,5000,allon,default,allon,default,2,8,oldest,oldest,-160,160,70,70,0,1,2d,front,nonlooping,,1,10,0,0,0,0.25,no,yes,none,0,,no,,,yes,no,no,0,0,yes,no,,0,,no,no,no
fly_step_walk_plr_rock,raw\sound\fly\footsteps\run\concrete\concrete_run_05.LN65.pc.snd.wav,fly_gear_plr,loaded,bus_fx,grp_foley,snp_foley,,19.234,0,57,60,0,5000,5000,allon,default,allon,default,2,8,oldest,oldest,-160,160,70,70,0,1,2d,front,nonlooping,,1,10,0,0,0,0.25,no,yes,none,0,,no,,,yes,no,no,0,0,yes,no,,0,,no,no,no
fly_step_walk_plr_rubber,raw\sound\fly\footsteps\run\carpet\carpet_run_00.LN65.pc.snd.wav,fly_gear_plr,loaded,bus_fx,grp_foley,snp_foley,,19.234,0,57,60,0,5000,5000,allon,default,allon,default,2,8,oldest,oldest,-160,160,70,70,0,1,2d,front,nonlooping,,1,10,0,0,0,0.25,no,yes,none,0,,no,,,yes,no,no,0,0,yes,no,,0,,no,no,no
fly_step_walk_plr_rubber,raw\sound\fly\footsteps\run\carpet\carpet_run_01.LN65.pc.snd.wav,fly_gear_plr,loaded,bus_fx,grp_foley,snp_foley,,19.234,0,57,60,0,5000,5000,allon,default,allon,default,2,8,oldest,oldest,-160,160,70,70,0,1,2d,front,nonlooping,,1,10,0,0,0,0.25,no,yes,none,0,,no,,,yes,no,no,0,0,yes,no,,0,,no,no,no
fly_step_walk_plr_rubber,raw\sound\fly\footsteps\run\carpet\carpet_run_02.LN65.pc.snd.wav,fly_gear_plr,loaded,bus_fx,grp_foley,snp_foley,,19.234,0,57,60,0,5000,5000,allon,default,allon,default,2,8,oldest,oldest,-160,160,70,70,0,1,2d,front,nonlooping,,1,10,0,0,0,0.25,no,yes,none,0,,no,,,yes,no,no,0,0,yes,no,,0,,no,no,no
fly_step_walk_plr_rubber,raw\sound\fly\footsteps\run\carpet\carpet_run_03.LN65.pc.snd.wav,fly_gear_plr,loaded,bus_fx,grp_foley,snp_foley,,19.234,0,57,60,0,5000,5000,allon,default,allon,default,2,8,oldest,oldest,-160,160,70,70,0,1,2d,front,nonlooping,,1,10,0,0,0,0.25,no,yes,none,0,,no,,,yes,no,no,0,0,yes,no,,0,,no,no,no
fly_step_walk_plr_rubber,raw\sound\fly\footsteps\run\carpet\carpet_run_04.LN65.pc.snd.wav,fly_gear_plr,loaded,bus_fx,grp_foley,snp_foley,,19.234,0,57,60,0,5000,5000,allon,default,allon,default,2,8,oldest,oldest,-160,160,70,70,0,1,2d,front,nonlooping,,1,10,0,0,0,0.25,no,yes,none,0,,no,,,yes,no,no,0,0,yes,no,,0,,no,no,no
fly_step_walk_plr_rubber,raw\sound\fly\footsteps\run\carpet\carpet_run_05.LN65.pc.snd.wav,fly_gear_plr,loaded,bus_fx,grp_foley,snp_foley,,19.234,0,57,60,0,5000,5000,allon,default,allon,default,2,8,oldest,oldest,-160,160,70,70,0,1,2d,front,nonlooping,,1,10,0,0,0,0.25,no,yes,none,0,,no,,,yes,no,no,0,0,yes,no,,0,,no,no,no
fly_step_walk_plr_rubber,raw\sound\fly\footsteps\run\carpet\carpet_run_06.LN65.pc.snd.wav,fly_gear_plr,loaded,bus_fx,grp_foley,snp_foley,,19.234,0,57,60,0,5000,5000,allon,default,allon,default,2,8,oldest,oldest,-160,160,70,70,0,1,2d,front,nonlooping,,1,10,0,0,0,0.25,no,yes,none,0,,no,,,yes,no,no,0,0,yes,no,,0,,no,no,no
fly_step_walk_plr_sand,raw\sound\fly\footsteps\run\sand\sand_run_00.LN65.pc.snd.wav,fly_gear_plr,loaded,bus_fx,grp_foley,snp_foley,,19.234,0,57,60,0,5000,5000,allon,default,allon,default,2,8,oldest,oldest,-160,160,70,70,0,1,2d,front,nonlooping,,1,10,0,0,0,0.25,no,yes,none,0,,no,,,yes,no,no,0,0,yes,no,,0,,no,no,no
fly_step_walk_plr_sand,raw\sound\fly\footsteps\run\sand\sand_run_01.LN65.pc.snd.wav,fly_gear_plr,loaded,bus_fx,grp_foley,snp_foley,,19.234,0,57,60,0,5000,5000,allon,default,allon,default,2,8,oldest,oldest,-160,160,70,70,0,1,2d,front,nonlooping,,1,10,0,0,0,0.25,no,yes,none,0,,no,,,yes,no,no,0,0,yes,no,,0,,no,no,no
fly_step_walk_plr_sand,raw\sound\fly\footsteps\run\sand\sand_run_02.LN65.pc.snd.wav,fly_gear_plr,loaded,bus_fx,grp_foley,snp_foley,,19.234,0,57,60,0,5000,5000,allon,default,allon,default,2,8,oldest,oldest,-160,160,70,70,0,1,2d,front,nonlooping,,1,10,0,0,0,0.25,no,yes,none,0,,no,,,yes,no,no,0,0,yes,no,,0,,no,no,no
fly_step_walk_plr_snow,raw\sound\fly\footsteps\run\snow\snow_run_00.LN65.pc.snd.wav,fly_gear_plr,loaded,bus_fx,grp_foley,snp_foley,,19.234,0,57,60,0,5000,5000,allon,default,allon,default,2,8,oldest,oldest,-160,160,70,70,0,1,2d,front,nonlooping,,1,10,0,0,0,0.25,no,yes,none,0,,no,,,yes,no,no,0,0,yes,no,,0,,no,no,no
fly_step_walk_plr_snow,raw\sound\fly\footsteps\run\snow\snow_run_01.LN65.pc.snd.wav,fly_gear_plr,loaded,bus_fx,grp_foley,snp_foley,,19.234,0,57,60,0,5000,5000,allon,default,allon,default,2,8,oldest,oldest,-160,160,70,70,0,1,2d,front,nonlooping,,1,10,0,0,0,0.25,no,yes,none,0,,no,,,yes,no,no,0,0,yes,no,,0,,no,no,no
fly_step_walk_plr_snow,raw\sound\fly\footsteps\run\snow\snow_run_02.LN65.pc.snd.wav,fly_gear_plr,loaded,bus_fx,grp_foley,snp_foley,,19.234,0,57,60,0,5000,5000,allon,default,allon,default,2,8,oldest,oldest,-160,160,70,70,0,1,2d,front,nonlooping,,1,10,0,0,0,0.25,no,yes,none,0,,no,,,yes,no,no,0,0,yes,no,,0,,no,no,no
fly_step_walk_plr_snow,raw\sound\fly\footsteps\run\snow\snow_run_03.LN65.pc.snd.wav,fly_gear_plr,loaded,bus_fx,grp_foley,snp_foley,,19.234,0,57,60,0,5000,5000,allon,default,allon,default,2,8,oldest,oldest,-160,160,70,70,0,1,2d,front,nonlooping,,1,10,0,0,0,0.25,no,yes,none,0,,no,,,yes,no,no,0,0,yes,no,,0,,no,no,no
fly_step_walk_plr_snow,raw\sound\fly\footsteps\run\snow\snow_run_04.LN65.pc.snd.wav,fly_gear_plr,loaded,bus_fx,grp_foley,snp_foley,,19.234,0,57,60,0,5000,5000,allon,default,allon,default,2,8,oldest,oldest,-160,160,70,70,0,1,2d,front,nonlooping,,1,10,0,0,0,0.25,no,yes,none,0,,no,,,yes,no,no,0,0,yes,no,,0,,no,no,no
fly_step_walk_plr_water,raw\sound\fly\footsteps\run\water\water_run_00.LN65.pc.snd.wav,fly_gear_plr,loaded,bus_fx,grp_foley,snp_foley,,19.234,0,57,60,0,5000,5000,allon,default,allon,default,2,8,oldest,oldest,-160,160,70,70,0,1,2d,front,nonlooping,,1,10,0,0,0,0.25,no,yes,none,0,,no,,,yes,no,no,0,0,yes,no,,0,,no,no,no
fly_step_walk_plr_water,raw\sound\fly\footsteps\run\water\water_run_01.LN65.pc.snd.wav,fly_gear_plr,loaded,bus_fx,grp_foley,snp_foley,,19.234,0,57,60,0,5000,5000,allon,default,allon,default,2,8,oldest,oldest,-160,160,70,70,0,1,2d,front,nonlooping,,1,10,0,0,0,0.25,no,yes,none,0,,no,,,yes,no,no,0,0,yes,no,,0,,no,no,no
fly_step_walk_plr_water,raw\sound\fly\footsteps\run\water\water_run_02.LN65.pc.snd.wav,fly_gear_plr,loaded,bus_fx,grp_foley,snp_foley,,19.234,0,57,60,0,5000,5000,allon,default,allon,default,2,8,oldest,oldest,-160,160,70,70,0,1,2d,front,nonlooping,,1,10,0,0,0,0.25,no,yes,none,0,,no,,,yes,no,no,0,0,yes,no,,0,,no,no,no
fly_step_walk_plr_water,raw\sound\fly\footsteps\run\water\water_run_03.LN65.pc.snd.wav,fly_gear_plr,loaded,bus_fx,grp_foley,snp_foley,,19.234,0,57,60,0,5000,5000,allon,default,allon,default,2,8,oldest,oldest,-160,160,70,70,0,1,2d,front,nonlooping,,1,10,0,0,0,0.25,no,yes,none,0,,no,,,yes,no,no,0,0,yes,no,,0,,no,no,no
fly_step_walk_plr_water,raw\sound\fly\footsteps\run\water\water_run_04.LN65.pc.snd.wav,fly_gear_plr,loaded,bus_fx,grp_foley,snp_foley,,19.234,0,57,60,0,5000,5000,allon,default,allon,default,2,8,oldest,oldest,-160,160,70,70,0,1,2d,front,nonlooping,,1,10,0,0,0,0.25,no,yes,none,0,,no,,,yes,no,no,0,0,yes,no,,0,,no,no,no
fly_step_walk_plr_wood,raw\sound\fly\footsteps\run\wood\wood_run_00.LN65.pc.snd.wav,fly_gear_plr,loaded,bus_fx,grp_foley,snp_foley,,19.234,0,57,60,0,5000,5000,allon,default,allon,default,2,8,oldest,oldest,-160,160,70,70,0,1,2d,front,nonlooping,,1,10,0,0,0,0.25,no,yes,none,0,,no,,,yes,no,no,0,0,yes,no,,0,,no,no,no
fly_step_walk_plr_wood,raw\sound\fly\footsteps\run\wood\wood_run_01.LN65.pc.snd.wav,fly_gear_plr,loaded,bus_fx,grp_foley,snp_foley,,19.234,0,57,60,0,5000,5000,allon,default,allon,default,2,8,oldest,oldest,-160,160,70,70,0,1,2d,front,nonlooping,,1,10,0,0,0,0.25,no,yes,none,0,,no,,,yes,no,no,0,0,yes,no,,0,,no,no,no
fly_step_walk_plr_wood,raw\sound\fly\footsteps\run\wood\wood_run_02.LN65.pc.snd.wav,fly_gear_plr,loaded,bus_fx,grp_foley,snp_foley,,19.234,0,57,60,0,5000,5000,allon,default,allon,default,2,8,oldest,oldest,-160,160,70,70,0,1,2d,front,nonlooping,,1,10,0,0,0,0.25,no,yes,none,0,,no,,,yes,no,no,0,0,yes,no,,0,,no,no,no
fly_step_walk_plr_wood,raw\sound\fly\footsteps\run\wood\wood_run_03.LN65.pc.snd.wav,fly_gear_plr,loaded,bus_fx,grp_foley,snp_foley,,19.234,0,57,60,0,5000,5000,allon,default,allon,default,2,8,oldest,oldest,-160,160,70,70,0,1,2d,front,nonlooping,,1,10,0,0,0,0.25,no,yes,none,0,,no,,,yes,no,no,0,0,yes,no,,0,,no,no,no
fly_step_walk_plr_wood,raw\sound\fly\footsteps\run\wood\wood_run_04.LN65.pc.snd.wav,fly_gear_plr,loaded,bus_fx,grp_foley,snp_foley,,19.234,0,57,60,0,5000,5000,allon,default,allon,default,2,8,oldest,oldest,-160,160,70,70,0,1,2d,front,nonlooping,,1,10,0,0,0,0.25,no,yes,none,0,,no,,,yes,no,no,0,0,yes,no,,0,,no,no,no
fly_step_walk_plr_wood,raw\sound\fly\footsteps\run\wood\wood_run_05.LN65.pc.snd.wav,fly_gear_plr,loaded,bus_fx,grp_foley,snp_foley,,19.234,0,57,60,0,5000,5000,allon,default,allon,default,2,8,oldest,oldest,-160,160,70,70,0,1,2d,front,nonlooping,,1,10,0,0,0,0.25,no,yes,none,0,,no,,,yes,no,no,0,0,yes,no,,0,,no,no,no
fly_step_walk_rock,raw\sound\fly\footsteps\run\concrete\concrete_run_00.LN65.pc.snd.wav,,loaded,bus_fx,grp_foley,snp_foley,,19.234,0,51,56,50,500,1000,allon,default,allon,default,3,2,priority,oldest,-160,160,10,50,0.15,1,3d,default,nonlooping,,1,0,25,100,80,0.2,no,yes,none,0,,no,,,yes,no,no,0,0,yes,no,,0,,no,no,no
fly_step_walk_rock,raw\sound\fly\footsteps\run\concrete\concrete_run_01.LN65.pc.snd.wav,,loaded,bus_fx,grp_foley,snp_foley,,19.234,0,51,56,50,500,1000,allon,default,allon,default,3,2,priority,oldest,-160,160,10,50,0.15,1,3d,default,nonlooping,,1,0,25,100,80,0.2,no,yes,none,0,,no,,,yes,no,no,0,0,yes,no,,0,,no,no,no
fly_step_walk_rock,raw\sound\fly\footsteps\run\concrete\concrete_run_02.LN65.pc.snd.wav,,loaded,bus_fx,grp_foley,snp_foley,,19.234,0,51,56,50,500,1000,allon,default,allon,default,3,2,priority,oldest,-160,160,10,50,0.15,1,3d,default,nonlooping,,1,0,25,100,80,0.2,no,yes,none,0,,no,,,yes,no,no,0,0,yes,no,,0,,no,no,no
fly_step_walk_rock,raw\sound\fly\footsteps\run\concrete\concrete_run_03.LN65.pc.snd.wav,,loaded,bus_fx,grp_foley,snp_foley,,19.234,0,51,56,50,500,1000,allon,default,allon,default,3,2,priority,oldest,-160,160,10,50,0.15,1,3d,default,nonlooping,,1,0,25,100,80,0.2,no,yes,none,0,,no,,,yes,no,no,0,0,yes,no,,0,,no,no,no
fly_step_walk_rock,raw\sound\fly\footsteps\run\concrete\concrete_run_04.LN65.pc.snd.wav,,loaded,bus_fx,grp_foley,snp_foley,,19.234,0,51,56,50,500,1000,allon,default,allon,default,3,2,priority,oldest,-160,160,10,50,0.15,1,3d,default,nonlooping,,1,0,25,100,80,0.2,no,yes,none,0,,no,,,yes,no,no,0,0,yes,no,,0,,no,no,no
fly_step_walk_rock,raw\sound\fly\footsteps\run\concrete\concrete_run_05.LN65.pc.snd.wav,,loaded,bus_fx,grp_foley,snp_foley,,19.234,0,51,56,50,500,1000,allon,default,allon,default,3,2,priority,oldest,-160,160,10,50,0.15,1,3d,default,nonlooping,,1,0,25,100,80,0.2,no,yes,none,0,,no,,,yes,no,no,0,0,yes,no,,0,,no,no,no
fly_step_walk_rubber,raw\sound\fly\footsteps\run\carpet\carpet_run_00.LN65.pc.snd.wav,,loaded,bus_fx,grp_foley,snp_foley,,19.234,0,51,56,50,500,1000,allon,default,allon,default,3,2,priority,oldest,-160,160,10,50,0.15,1,3d,default,nonlooping,,1,0,25,100,80,0.2,no,yes,none,0,,no,,,yes,no,no,0,0,yes,no,,0,,no,no,no
fly_step_walk_rubber,raw\sound\fly\footsteps\run\carpet\carpet_run_01.LN65.pc.snd.wav,,loaded,bus_fx,grp_foley,snp_foley,,19.234,0,51,56,50,500,1000,allon,default,allon,default,3,2,priority,oldest,-160,160,10,50,0.15,1,3d,default,nonlooping,,1,0,25,100,80,0.2,no,yes,none,0,,no,,,yes,no,no,0,0,yes,no,,0,,no,no,no
fly_step_walk_rubber,raw\sound\fly\footsteps\run\carpet\carpet_run_02.LN65.pc.snd.wav,,loaded,bus_fx,grp_foley,snp_foley,,19.234,0,51,56,50,500,1000,allon,default,allon,default,3,2,priority,oldest,-160,160,10,50,0.15,1,3d,default,nonlooping,,1,0,25,100,80,0.2,no,yes,none,0,,no,,,yes,no,no,0,0,yes,no,,0,,no,no,no
fly_step_walk_rubber,raw\sound\fly\footsteps\run\carpet\carpet_run_03.LN65.pc.snd.wav,,loaded,bus_fx,grp_foley,snp_foley,,19.234,0,51,56,50,500,1000,allon,default,allon,default,3,2,priority,oldest,-160,160,10,50,0.15,1,3d,default,nonlooping,,1,0,25,100,80,0.2,no,yes,none,0,,no,,,yes,no,no,0,0,yes,no,,0,,no,no,no
fly_step_walk_rubber,raw\sound\fly\footsteps\run\carpet\carpet_run_04.LN65.pc.snd.wav,,loaded,bus_fx,grp_foley,snp_foley,,19.234,0,51,56,50,500,1000,allon,default,allon,default,3,2,priority,oldest,-160,160,10,50,0.15,1,3d,default,nonlooping,,1,0,25,100,80,0.2,no,yes,none,0,,no,,,yes,no,no,0,0,yes,no,,0,,no,no,no
fly_step_walk_rubber,raw\sound\fly\footsteps\run\carpet\carpet_run_05.LN65.pc.snd.wav,,loaded,bus_fx,grp_foley,snp_foley,,19.234,0,51,56,50,500,1000,allon,default,allon,default,3,2,priority,oldest,-160,160,10,50,0.15,1,3d,default,nonlooping,,1,0,25,100,80,0.2,no,yes,none,0,,no,,,yes,no,no,0,0,yes,no,,0,,no,no,no
fly_step_walk_rubber,raw\sound\fly\footsteps\run\carpet\carpet_run_06.LN65.pc.snd.wav,,loaded,bus_fx,grp_foley,snp_foley,,19.234,0,51,56,50,500,1000,allon,default,allon,default,3,2,priority,oldest,-160,160,10,50,0.15,1,3d,default,nonlooping,,1,0,25,100,80,0.2,no,yes,none,0,,no,,,yes,no,no,0,0,yes,no,,0,,no,no,no
fly_step_walk_sand,raw\sound\fly\footsteps\run\sand\sand_run_00.LN65.pc.snd.wav,,loaded,bus_fx,grp_foley,snp_foley,,19.234,0,50,52,50,500,1000,allon,default,allon,default,3,2,priority,oldest,-160,160,10,50,0.15,1,3d,default,nonlooping,,1,0,25,100,80,0.2,no,yes,none,0,,no,,,yes,no,no,0,0,yes,no,,0,,no,no,no
fly_step_walk_sand,raw\sound\fly\footsteps\run\sand\sand_run_01.LN65.pc.snd.wav,,loaded,bus_fx,grp_foley,snp_foley,,19.234,0,50,52,50,500,1000,allon,default,allon,default,3,2,priority,oldest,-160,160,10,50,0.15,1,3d,default,nonlooping,,1,0,25,100,80,0.2,no,yes,none,0,,no,,,yes,no,no,0,0,yes,no,,0,,no,no,no
fly_step_walk_sand,raw\sound\fly\footsteps\run\sand\sand_run_02.LN65.pc.snd.wav,,loaded,bus_fx,grp_foley,snp_foley,,19.234,0,50,52,50,500,1000,allon,default,allon,default,3,2,priority,oldest,-160,160,10,50,0.15,1,3d,default,nonlooping,,1,0,25,100,80,0.2,no,yes,none,0,,no,,,yes,no,no,0,0,yes,no,,0,,no,no,no
fly_step_walk_snow,raw\sound\fly\footsteps\run\snow\snow_run_00.LN65.pc.snd.wav,,loaded,bus_fx,grp_foley,snp_foley,,19.234,0,51,56,50,500,1000,allon,default,allon,default,3,2,priority,oldest,-160,160,10,50,0.15,1,3d,default,nonlooping,,1,0,25,100,80,0.2,no,yes,none,0,,no,,,yes,no,no,0,0,yes,no,,0,,no,no,no
fly_step_walk_snow,raw\sound\fly\footsteps\run\snow\snow_run_01.LN65.pc.snd.wav,,loaded,bus_fx,grp_foley,snp_foley,,19.234,0,51,56,50,500,1000,allon,default,allon,default,3,2,priority,oldest,-160,160,10,50,0.15,1,3d,default,nonlooping,,1,0,25,100,80,0.2,no,yes,none,0,,no,,,yes,no,no,0,0,yes,no,,0,,no,no,no
fly_step_walk_snow,raw\sound\fly\footsteps\run\snow\snow_run_02.LN65.pc.snd.wav,,loaded,bus_fx,grp_foley,snp_foley,,19.234,0,51,56,50,500,1000,allon,default,allon,default,3,2,priority,oldest,-160,160,10,50,0.15,1,3d,default,nonlooping,,1,0,25,100,80,0.2,no,yes,none,0,,no,,,yes,no,no,0,0,yes,no,,0,,no,no,no
fly_step_walk_snow,raw\sound\fly\footsteps\run\snow\snow_run_03.LN65.pc.snd.wav,,loaded,bus_fx,grp_foley,snp_foley,,19.234,0,51,56,50,500,1000,allon,default,allon,default,3,2,priority,oldest,-160,160,10,50,0.15,1,3d,default,nonlooping,,1,0,25,100,80,0.2,no,yes,none,0,,no,,,yes,no,no,0,0,yes,no,,0,,no,no,no
fly_step_walk_snow,raw\sound\fly\footsteps\run\snow\snow_run_04.LN65.pc.snd.wav,,loaded,bus_fx,grp_foley,snp_foley,,19.234,0,51,56,50,500,1000,allon,default,allon,default,3,2,priority,oldest,-160,160,10,50,0.15,1,3d,default,nonlooping,,1,0,25,100,80,0.2,no,yes,none,0,,no,,,yes,no,no,0,0,yes,no,,0,,no,no,no
fly_step_walk_water,raw\sound\fly\footsteps\run\water\water_run_00.LN65.pc.snd.wav,,loaded,bus_fx,grp_foley,snp_foley,,19.234,0,51,56,50,500,1000,allon,default,allon,default,3,2,priority,oldest,-160,160,10,50,0.15,1,3d,default,nonlooping,,1,0,25,100,80,0.2,no,yes,none,0,,no,,,yes,no,no,0,0,yes,no,,0,,no,no,no
fly_step_walk_water,raw\sound\fly\footsteps\run\water\water_run_01.LN65.pc.snd.wav,,loaded,bus_fx,grp_foley,snp_foley,,19.234,0,51,56,50,500,1000,allon,default,allon,default,3,2,priority,oldest,-160,160,10,50,0.15,1,3d,default,nonlooping,,1,0,25,100,80,0.2,no,yes,none,0,,no,,,yes,no,no,0,0,yes,no,,0,,no,no,no
fly_step_walk_water,raw\sound\fly\footsteps\run\water\water_run_02.LN65.pc.snd.wav,,loaded,bus_fx,grp_foley,snp_foley,,19.234,0,51,56,50,500,1000,allon,default,allon,default,3,2,priority,oldest,-160,160,10,50,0.15,1,3d,default,nonlooping,,1,0,25,100,80,0.2,no,yes,none,0,,no,,,yes,no,no,0,0,yes,no,,0,,no,no,no
fly_step_walk_water,raw\sound\fly\footsteps\run\water\water_run_03.LN65.pc.snd.wav,,loaded,bus_fx,grp_foley,snp_foley,,19.234,0,51,56,50,500,1000,allon,default,allon,default,3,2,priority,oldest,-160,160,10,50,0.15,1,3d,default,nonlooping,,1,0,25,100,80,0.2,no,yes,none,0,,no,,,yes,no,no,0,0,yes,no,,0,,no,no,no
fly_step_walk_water,raw\sound\fly\footsteps\run\water\water_run_04.LN65.pc.snd.wav,,loaded,bus_fx,grp_foley,snp_foley,,19.234,0,51,56,50,500,1000,allon,default,allon,default,3,2,priority,oldest,-160,160,10,50,0.15,1,3d,default,nonlooping,,1,0,25,100,80,0.2,no,yes,none,0,,no,,,yes,no,no,0,0,yes,no,,0,,no,no,no
fly_step_walk_wood,raw\sound\fly\footsteps\run\wood\wood_run_00.LN65.pc.snd.wav,,loaded,bus_fx,grp_foley,snp_foley,,19.234,0,51,56,50,500,1000,allon,default,allon,default,3,2,priority,oldest,-160,160,10,50,0.15,1,3d,default,nonlooping,,1,0,25,100,80,0.2,no,yes,none,0,,no,,,yes,no,no,0,0,yes,no,,0,,no,no,no
fly_step_walk_wood,raw\sound\fly\footsteps\run\wood\wood_run_01.LN65.pc.snd.wav,,loaded,bus_fx,grp_foley,snp_foley,,19.234,0,51,56,50,500,1000,allon,default,allon,default,3,2,priority,oldest,-160,160,10,50,0.15,1,3d,default,nonlooping,,1,0,25,100,80,0.2,no,yes,none,0,,no,,,yes,no,no,0,0,yes,no,,0,,no,no,no
fly_step_walk_wood,raw\sound\fly\footsteps\run\wood\wood_run_02.LN65.pc.snd.wav,,loaded,bus_fx,grp_foley,snp_foley,,19.234,0,51,56,50,500,1000,allon,default,allon,default,3,2,priority,oldest,-160,160,10,50,0.15,1,3d,default,nonlooping,,1,0,25,100,80,0.2,no,yes,none,0,,no,,,yes,no,no,0,0,yes,no,,0,,no,no,no
fly_step_walk_wood,raw\sound\fly\footsteps\run\wood\wood_run_03.LN65.pc.snd.wav,,loaded,bus_fx,grp_foley,snp_foley,,19.234,0,51,56,50,500,1000,allon,default,allon,default,3,2,priority,oldest,-160,160,10,50,0.15,1,3d,default,nonlooping,,1,0,25,100,80,0.2,no,yes,none,0,,no,,,yes,no,no,0,0,yes,no,,0,,no,no,no
fly_step_walk_wood,raw\sound\fly\footsteps\run\wood\wood_run_04.LN65.pc.snd.wav,,loaded,bus_fx,grp_foley,snp_foley,,19.234,0,51,56,50,500,1000,allon,default,allon,default,3,2,priority,oldest,-160,160,10,50,0.15,1,3d,default,nonlooping,,1,0,25,100,80,0.2,no,yes,none,0,,no,,,yes,no,no,0,0,yes,no,,0,,no,no,no
fly_step_walk_wood,raw\sound\fly\footsteps\run\wood\wood_run_05.LN65.pc.snd.wav,,loaded,bus_fx,grp_foley,snp_foley,,19.234,0,51,56,50,500,1000,allon,default,allon,default,3,2,priority,oldest,-160,160,10,50,0.15,1,3d,default,nonlooping,,1,0,25,100,80,0.2,no,yes,none,0,,no,,,yes,no,no,0,0,yes,no,,0,,no,no,no
fly_step_zombie,raw\sound\fly\footsteps\zmb\zombie\steps_00.LN55.pc.snd.wav,,loaded,bus_fx,grp_ambience,snp_ambience,,60,0,78,82,125,400,750,allon,default,allon,default,6,8,priority,oldest,-50,50,10,50,0,1,3d,default,nonlooping,,1,0,0,0,0,0.1,no,yes,none,0,,no,,,yes,no,no,0,0,yes,no,,0,,no,no,no
fly_step_zombie,raw\sound\fly\footsteps\zmb\zombie\steps_01.LN55.pc.snd.wav,,loaded,bus_fx,grp_ambience,snp_ambience,,60,0,78,82,125,400,750,allon,default,allon,default,6,8,priority,oldest,-50,50,10,50,0,1,3d,default,nonlooping,,1,0,0,0,0,0.1,no,yes,none,0,,no,,,yes,no,no,0,0,yes,no,,0,,no,no,no
fly_step_zombie,raw\sound\fly\footsteps\zmb\zombie\steps_02.LN55.pc.snd.wav,,loaded,bus_fx,grp_ambience,snp_ambience,,60,0,78,82,125,400,750,allon,default,allon,default,6,8,priority,oldest,-50,50,10,50,0,1,3d,default,nonlooping,,1,0,0,0,0,0.1,no,yes,none,0,,no,,,yes,no,no,0,0,yes,no,,0,,no,no,no
fly_step_zombie,raw\sound\fly\footsteps\zmb\zombie\steps_03.LN55.pc.snd.wav,,loaded,bus_fx,grp_ambience,snp_ambience,,60,0,78,82,125,400,750,allon,default,allon,default,6,8,priority,oldest,-50,50,10,50,0,1,3d,default,nonlooping,,1,0,0,0,0,0.1,no,yes,none,0,,no,,,yes,no,no,0,0,yes,no,,0,,no,no,no
fly_weight_land_player,raw\sound\fly\footsteps\weight\weight_00.LN65.pc.snd.wav,fly_impact_land_player,loaded,bus_fx,grp_foley,snp_foley,,0,0,72,75,0,5000,5000,allon,default,allon,default,2,8,oldest,oldest,-200,200,70,70,0,1,2d,front,nonlooping,,1,10,0,0,0,0.25,no,yes,none,0,,no,,,yes,no,no,0,0,yes,no,,0,,no,no,no
fly_weight_land_player,raw\sound\fly\footsteps\weight\weight_01.LN65.pc.snd.wav,fly_impact_land_player,loaded,bus_fx,grp_foley,snp_foley,,0,0,72,75,0,5000,5000,allon,default,allon,default,2,8,oldest,oldest,-200,200,70,70,0,1,2d,front,nonlooping,,1,10,0,0,0,0.25,no,yes,none,0,,no,,,yes,no,no,0,0,yes,no,,0,,no,no,no
fly_weight_land_player,raw\sound\fly\footsteps\weight\weight_02.LN65.pc.snd.wav,fly_impact_land_player,loaded,bus_fx,grp_foley,snp_foley,,0,0,72,75,0,5000,5000,allon,default,allon,default,2,8,oldest,oldest,-200,200,70,70,0,1,2d,front,nonlooping,,1,10,0,0,0,0.25,no,yes,none,0,,no,,,yes,no,no,0,0,yes,no,,0,,no,no,no
fly_weight_land_player,raw\sound\fly\footsteps\weight\weight_03.LN65.pc.snd.wav,fly_impact_land_player,loaded,bus_fx,grp_foley,snp_foley,,0,0,72,75,0,5000,5000,allon,default,allon,default,2,8,oldest,oldest,-200,200,70,70,0,1,2d,front,nonlooping,,1,10,0,0,0,0.25,no,yes,none,0,,no,,,yes,no,no,0,0,yes,no,,0,,no,no,no
fly_weight_land_player,raw\sound\fly\footsteps\weight\weight_04.LN65.pc.snd.wav,fly_impact_land_player,loaded,bus_fx,grp_foley,snp_foley,,0,0,72,75,0,5000,5000,allon,default,allon,default,2,8,oldest,oldest,-200,200,70,70,0,1,2d,front,nonlooping,,1,10,0,0,0,0.25,no,yes,none,0,,no,,,yes,no,no,0,0,yes,no,,0,,no,no,no
fly_weight_land_player,raw\sound\fly\footsteps\weight\weight_05.LN65.pc.snd.wav,fly_impact_land_player,loaded,bus_fx,grp_foley,snp_foley,,0,0,72,75,0,5000,5000,allon,default,allon,default,2,8,oldest,oldest,-200,200,70,70,0,1,2d,front,nonlooping,,1,10,0,0,0,0.25,no,yes,none,0,,no,,,yes,no,no,0,0,yes,no,,0,,no,no,no
fly_weight_plr,raw\sound\fly\footsteps\weight\weight_00.LN65.pc.snd.wav,fly_impact_plr,loaded,bus_fx,grp_foley,snp_foley,,0,0,30,35,0,5000,5000,allon,default,allon,default,2,8,oldest,oldest,-160,160,70,70,0,1,2d,front,nonlooping,,1,10,0,0,0,0.25,no,yes,none,0,,no,,,yes,no,no,0,0,yes,no,,0,,no,no,no
fly_weight_plr,raw\sound\fly\footsteps\weight\weight_01.LN65.pc.snd.wav,fly_impact_plr,loaded,bus_fx,grp_foley,snp_foley,,0,0,30,35,0,5000,5000,allon,default,allon,default,2,8,oldest,oldest,-160,160,70,70,0,1,2d,front,nonlooping,,1,10,0,0,0,0.25,no,yes,none,0,,no,,,yes,no,no,0,0,yes,no,,0,,no,no,no
fly_weight_plr,raw\sound\fly\footsteps\weight\weight_02.LN65.pc.snd.wav,fly_impact_plr,loaded,bus_fx,grp_foley,snp_foley,,0,0,30,35,0,5000,5000,allon,default,allon,default,2,8,oldest,oldest,-160,160,70,70,0,1,2d,front,nonlooping,,1,10,0,0,0,0.25,no,yes,none,0,,no,,,yes,no,no,0,0,yes,no,,0,,no,no,no
fly_weight_plr,raw\sound\fly\footsteps\weight\weight_03.LN65.pc.snd.wav,fly_impact_plr,loaded,bus_fx,grp_foley,snp_foley,,0,0,30,35,0,5000,5000,allon,default,allon,default,2,8,oldest,oldest,-160,160,70,70,0,1,2d,front,nonlooping,,1,10,0,0,0,0.25,no,yes,none,0,,no,,,yes,no,no,0,0,yes,no,,0,,no,no,no
fly_weight_plr,raw\sound\fly\footsteps\weight\weight_04.LN65.pc.snd.wav,fly_impact_plr,loaded,bus_fx,grp_foley,snp_foley,,0,0,30,35,0,5000,5000,allon,default,allon,default,2,8,oldest,oldest,-160,160,70,70,0,1,2d,front,nonlooping,,1,10,0,0,0,0.25,no,yes,none,0,,no,,,yes,no,no,0,0,yes,no,,0,,no,no,no
fly_weight_plr,raw\sound\fly\footsteps\weight\weight_05.LN65.pc.snd.wav,fly_impact_plr,loaded,bus_fx,grp_foley,snp_foley,,0,0,30,35,0,5000,5000,allon,default,allon,default,2,8,oldest,oldest,-160,160,70,70,0,1,2d,front,nonlooping,,1,10,0,0,0,0.25,no,yes,none,0,,no,,,yes,no,no,0,0,yes,no,,0,,no,no,no
fly_weight_run_plr,raw\sound\fly\footsteps\weight\weight_00.LN65.pc.snd.wav,fly_impact_run_plr,loaded,bus_fx,grp_foley,snp_foley,,0,0,55,60,0,5000,5000,allon,default,allon,default,2,8,oldest,oldest,-40,40,70,70,0,1,2d,front,nonlooping,,1,10,0,0,0,0.25,no,yes,none,0,,no,,,yes,no,no,0,0,yes,no,,0,,no,no,no
fly_weight_run_plr,raw\sound\fly\footsteps\weight\weight_01.LN65.pc.snd.wav,fly_impact_run_plr,loaded,bus_fx,grp_foley,snp_foley,,0,0,55,60,0,5000,5000,allon,default,allon,default,2,8,oldest,oldest,-40,40,70,70,0,1,2d,front,nonlooping,,1,10,0,0,0,0.25,no,yes,none,0,,no,,,yes,no,no,0,0,yes,no,,0,,no,no,no
fly_weight_run_plr,raw\sound\fly\footsteps\weight\weight_02.LN65.pc.snd.wav,fly_impact_run_plr,loaded,bus_fx,grp_foley,snp_foley,,0,0,55,60,0,5000,5000,allon,default,allon,default,2,8,oldest,oldest,-40,40,70,70,0,1,2d,front,nonlooping,,1,10,0,0,0,0.25,no,yes,none,0,,no,,,yes,no,no,0,0,yes,no,,0,,no,no,no
fly_weight_run_plr,raw\sound\fly\footsteps\weight\weight_03.LN65.pc.snd.wav,fly_impact_run_plr,loaded,bus_fx,grp_foley,snp_foley,,0,0,55,60,0,5000,5000,allon,default,allon,default,2,8,oldest,oldest,-40,40,70,70,0,1,2d,front,nonlooping,,1,10,0,0,0,0.25,no,yes,none,0,,no,,,yes,no,no,0,0,yes,no,,0,,no,no,no
fly_weight_run_plr,raw\sound\fly\footsteps\weight\weight_04.LN65.pc.snd.wav,fly_impact_run_plr,loaded,bus_fx,grp_foley,snp_foley,,0,0,55,60,0,5000,5000,allon,default,allon,default,2,8,oldest,oldest,-40,40,70,70,0,1,2d,front,nonlooping,,1,10,0,0,0,0.25,no,yes,none,0,,no,,,yes,no,no,0,0,yes,no,,0,,no,no,no
fly_weight_run_plr,raw\sound\fly\footsteps\weight\weight_05.LN65.pc.snd.wav,fly_impact_run_plr,loaded,bus_fx,grp_foley,snp_foley,,0,0,55,60,0,5000,5000,allon,default,allon,default,2,8,oldest,oldest,-40,40,70,70,0,1,2d,front,nonlooping,,1,10,0,0,0,0.25,no,yes,none,0,,no,,,yes,no,no,0,0,yes,no,,0,,no,no,no
fly_weight_sprint_plr,raw\sound\fly\footsteps\weight\weight_00.LN65.pc.snd.wav,fly_impact_sprint_plr,loaded,bus_fx,grp_foley,snp_foley,,0,0,66,71,0,5000,5000,allon,default,allon,default,2,8,oldest,oldest,-80,80,70,70,0,1,2d,front,nonlooping,,1,10,0,0,0,0.25,no,yes,none,0,,no,,,yes,no,no,0,0,yes,no,,0,,no,no,no
fly_weight_sprint_plr,raw\sound\fly\footsteps\weight\weight_01.LN65.pc.snd.wav,fly_impact_sprint_plr,loaded,bus_fx,grp_foley,snp_foley,,0,0,66,71,0,5000,5000,allon,default,allon,default,2,8,oldest,oldest,-80,80,70,70,0,1,2d,front,nonlooping,,1,10,0,0,0,0.25,no,yes,none,0,,no,,,yes,no,no,0,0,yes,no,,0,,no,no,no
fly_weight_sprint_plr,raw\sound\fly\footsteps\weight\weight_02.LN65.pc.snd.wav,fly_impact_sprint_plr,loaded,bus_fx,grp_foley,snp_foley,,0,0,66,71,0,5000,5000,allon,default,allon,default,2,8,oldest,oldest,-80,80,70,70,0,1,2d,front,nonlooping,,1,10,0,0,0,0.25,no,yes,none,0,,no,,,yes,no,no,0,0,yes,no,,0,,no,no,no
fly_weight_sprint_plr,raw\sound\fly\footsteps\weight\weight_03.LN65.pc.snd.wav,fly_impact_sprint_plr,loaded,bus_fx,grp_foley,snp_foley,,0,0,66,71,0,5000,5000,allon,default,allon,default,2,8,oldest,oldest,-80,80,70,70,0,1,2d,front,nonlooping,,1,10,0,0,0,0.25,no,yes,none,0,,no,,,yes,no,no,0,0,yes,no,,0,,no,no,no
fly_weight_sprint_plr,raw\sound\fly\footsteps\weight\weight_04.LN65.pc.snd.wav,fly_impact_sprint_plr,loaded,bus_fx,grp_foley,snp_foley,,0,0,66,71,0,5000,5000,allon,default,allon,default,2,8,oldest,oldest,-80,80,70,70,0,1,2d,front,nonlooping,,1,10,0,0,0,0.25,no,yes,none,0,,no,,,yes,no,no,0,0,yes,no,,0,,no,no,no
fly_weight_sprint_plr,raw\sound\fly\footsteps\weight\weight_05.LN65.pc.snd.wav,fly_impact_sprint_plr,loaded,bus_fx,grp_foley,snp_foley,,0,0,66,71,0,5000,5000,allon,default,allon,default,2,8,oldest,oldest,-80,80,70,70,0,1,2d,front,nonlooping,,1,10,0,0,0,0.25,no,yes,none,0,,no,,,yes,no,no,0,0,yes,no,,0,,no,no,no
wpn_med_ads_lower_plr,raw\sound\fly\footsteps\cloth\new\cloth_set_00.LN65.pc.snd.wav,,loaded,bus_fx,grp_foley,snp_foley,,73,0,48,50,0,5000,5000,allon,default,allon,default,4,1,oldest,reject,-50,50,70,70,0,1,2d,front,nonlooping,,1,0,0,0,0,0.25,no,yes,none,0,,no,,,yes,no,no,0,0,yes,no,,0,,no,no,no
wpn_med_ads_lower_plr,raw\sound\fly\footsteps\cloth\new\cloth_set_01.LN65.pc.snd.wav,,loaded,bus_fx,grp_foley,snp_foley,,73,0,48,50,0,5000,5000,allon,default,allon,default,4,1,oldest,reject,-50,50,70,70,0,1,2d,front,nonlooping,,1,0,0,0,0,0.25,no,yes,none,0,,no,,,yes,no,no,0,0,yes,no,,0,,no,no,no
wpn_med_ads_lower_plr,raw\sound\fly\footsteps\cloth\new\cloth_set_02.LN65.pc.snd.wav,,loaded,bus_fx,grp_foley,snp_foley,,73,0,48,50,0,5000,5000,allon,default,allon,default,4,1,oldest,reject,-50,50,70,70,0,1,2d,front,nonlooping,,1,0,0,0,0,0.25,no,yes,none,0,,no,,,yes,no,no,0,0,yes,no,,0,,no,no,no
wpn_med_ads_lower_plr,raw\sound\fly\footsteps\cloth\new\cloth_set_03.LN65.pc.snd.wav,,loaded,bus_fx,grp_foley,snp_foley,,73,0,48,50,0,5000,5000,allon,default,allon,default,4,1,oldest,reject,-50,50,70,70,0,1,2d,front,nonlooping,,1,0,0,0,0,0.25,no,yes,none,0,,no,,,yes,no,no,0,0,yes,no,,0,,no,no,no
wpn_med_ads_lower_plr,raw\sound\fly\footsteps\cloth\new\cloth_set_04.LN65.pc.snd.wav,,loaded,bus_fx,grp_foley,snp_foley,,73,0,48,50,0,5000,5000,allon,default,allon,default,4,1,oldest,reject,-50,50,70,70,0,1,2d,front,nonlooping,,1,0,0,0,0,0.25,no,yes,none,0,,no,,,yes,no,no,0,0,yes,no,,0,,no,no,no
wpn_med_ads_lower_plr,raw\sound\fly\footsteps\cloth\new\cloth_set_05.LN65.pc.snd.wav,,loaded,bus_fx,grp_foley,snp_foley,,73,0,48,50,0,5000,5000,allon,default,allon,default,4,1,oldest,reject,-50,50,70,70,0,1,2d,front,nonlooping,,1,0,0,0,0,0.25,no,yes,none,0,,no,,,yes,no,no,0,0,yes,no,,0,,no,no,no
wpn_med_ads_lower_plr,raw\sound\fly\footsteps\cloth\new\cloth_set_06.LN65.pc.snd.wav,,loaded,bus_fx,grp_foley,snp_foley,,73,0,48,50,0,5000,5000,allon,default,allon,default,4,1,oldest,reject,-50,50,70,70,0,1,2d,front,nonlooping,,1,0,0,0,0,0.25,no,yes,none,0,,no,,,yes,no,no,0,0,yes,no,,0,,no,no,no
zmb_no_cha_ching,raw\sound\evt\zombie_global\purchase\deny\deny_00.LN55.pc.snd.wav,,loaded,bus_hdrfx,grp_hdrfx,snp_ambience,,60,0,91,91,25,175,300,allon,default,allon,default,6,8,priority,oldest,0,0,25,50,0.25,1,3d,default,nonlooping,,1,0,25,75,92,0.4,no,yes,none,0,,no,,,yes,no,no,0,0,yes,no,,0,,no,no,no
zmb_cha_ching,raw\sound\evt\zombie_global\purchase\accept\accept_00.LN55.pc.snd.wav,,loaded,bus_hdrfx,grp_hdrfx,snp_ambience,,60,0,91,91,25,175,300,allon,default,allon,default,6,8,priority,oldest,0,0,25,50,0.25,1,3d,default,nonlooping,,1,0,25,75,92,0.4,no,yes,none,0,,no,,,yes,no,no,0,0,yes,no,,0,,no,no,no
zmb_cha_ching_loud,raw\sound\evt\zombie_global\purchase\accept\accept_00.LN55.pc.snd.wav,,loaded,bus_hdrfx,grp_hdrfx,snp_ambience,,60,0,92,92,100,300,300,allon,default,allon,default,6,8,priority,oldest,0,0,25,50,0.25,1,3d,default,nonlooping,,1,0,25,75,92,0.4,no,yes,none,0,,no,,,no,no,no,0,0,yes,no,,0,,no,no,no
wpn_1911_1straise_plr,raw\sound\fly\gear\rattle\fly_cloth_00.LN65.pc.snd.wav,,loaded,bus_fx,grp_foley,snp_foley,,30,0,86,89,0,5000,5000,allon,default,allon,default,8,8,priority,oldest,-88,84,70,70,0.25,1,2d,front,nonlooping,,1,0,0,0,0,0.25,no,yes,none,0,,no,,,yes,no,no,0,0,yes,no,,0,,no,no,no
wpn_1911_1straise_plr,raw\sound\fly\gear\rattle\fly_cloth_01.LN65.pc.snd.wav,,loaded,bus_fx,grp_foley,snp_foley,,30,0,86,89,0,5000,5000,allon,default,allon,default,8,8,priority,oldest,-88,84,70,70,0.25,1,2d,front,nonlooping,,1,0,0,0,0,0.25,no,yes,none,0,,no,,,yes,no,no,0,0,yes,no,,0,,no,no,no
wpn_1911_1straise_plr,raw\sound\fly\gear\rattle\fly_cloth_02.LN65.pc.snd.wav,,loaded,bus_fx,grp_foley,snp_foley,,30,0,86,89,0,5000,5000,allon,default,allon,default,8,8,priority,oldest,-88,84,70,70,0.25,1,2d,front,nonlooping,,1,0,0,0,0,0.25,no,yes,none,0,,no,,,yes,no,no,0,0,yes,no,,0,,no,no,no
wpn_1911_1straise_plr,raw\sound\fly\gear\rattle\fly_cloth_03.LN65.pc.snd.wav,,loaded,bus_fx,grp_foley,snp_foley,,30,0,86,89,0,5000,5000,allon,default,allon,default,8,8,priority,oldest,-88,84,70,70,0.25,1,2d,front,nonlooping,,1,0,0,0,0,0.25,no,yes,none,0,,no,,,yes,no,no,0,0,yes,no,,0,,no,no,no
wpn_1911_dryfire_plr,raw\sound\wpn\smg\dry_fire\plr\dry_fire_plr.LN65.pc.snd.wav,,loaded,bus_fx,grp_weapon,snp_wpn_1p,,65,0,90,90,0,5000,5000,allon,default,allon,default,2,8,oldest,oldest,0,0,90,90,0.25,1,2d,front_mostly,nonlooping,,1,0,0,0,0,0.25,no,no,none,0,,no,,,yes,no,no,0,0,yes,no,,0,,no,no,no
wpn_1911_fire_plr,raw\sound\wpn\pistol\fnp45\plr\shot\wpn_fnp45_fire_plr.LN65.pc.snd.wav,wpn_1911_LFE,loaded,bus_fx,grp_weapon,snp_wpn_1p,@ce86373b,65,0,90,90,0,5000,5000,allon,default,allon,default,2,8,oldest,oldest,-25,25,90,90,0.25,1,2d,front_mostly,nonlooping,,1,0,0,0,0,0.25,no,no,none,0,,no,,,yes,no,no,0,0,yes,no,,0,,no,no,no
wpn_1911_fire_plr_decay,raw\sound\wpn\pistol\decay\ext\wpn_pistol_decay_ext.LN65.pc.snd.wav,,loaded,bus_fx,grp_weapon,snp_wpn_1p,,65,0,80,80,0,5000,5000,allon,default,allon,default,3,8,oldest,oldest,-50,50,90,90,0.25,1,2d,front_mostly,nonlooping,,1,0,0,0,0,0.25,no,no,none,0,,no,ringoff_plr,outdoor,yes,no,no,0,0,yes,no,,0,,no,no,no
wpn_1911_fire_plr_decay,raw\sound\wpn\pistol\decay\int\wpn_pistol_decay_int.LN65.pc.snd.wav,,loaded,bus_fx,grp_weapon,snp_wpn_1p,,65,0,80,80,0,5000,5000,allon,default,allon,default,3,8,oldest,oldest,-50,50,90,90,0.25,1,2d,front_mostly,nonlooping,,1,0,0,0,0,0.25,no,no,none,0,,no,ringoff_plr,indoor,yes,no,no,0,0,yes,no,,0,,no,no,no
wpn_1911_fire_plr_lh,raw\sound\wpn\pistol\fnp45\plr\shot\wpn_fnp45_fire_plr.LN65.pc.snd.wav,wpn_1911_LFE,loaded,bus_fx,grp_weapon,snp_wpn_1p,@ce86373b,65,0,90,90,0,5000,5000,allon,default,allon,default,2,8,oldest,oldest,0,0,90,90,0.25,1,2d,wpn_left,nonlooping,,1,0,0,0,0,0.25,no,no,none,0,,no,,,yes,no,no,0,0,yes,no,,0,,no,no,no
wpn_1911_fire_plr_pap,raw\sound\wpn\pap\pap_shot_st.LN65.pc.snd.wav,wpn_1911_flux_l_plr_pap,loaded,bus_hdrfx,grp_weapon,snp_wpn_1p,,70,0,87,87,0,5000,5000,allon,default,allon,default,1,8,oldest,oldest,0,0,90,90,0.25,1,2d,wpn_all,nonlooping,,1,0,0,0,0,0.25,no,no,none,0,,no,,,yes,no,no,0,0,yes,no,,0,,no,no,no
wpn_1911_fire_plr_rh,raw\sound\wpn\pistol\fnp45\plr\shot\wpn_fnp45_fire_plr.LN65.pc.snd.wav,wpn_1911_LFE,loaded,bus_fx,grp_weapon,snp_wpn_1p,@ce86373b,65,0,90,90,0,5000,5000,allon,default,allon,default,2,8,oldest,oldest,0,0,90,90,0.25,1,2d,wpn_right,nonlooping,,1,0,0,0,0,0.25,no,no,none,0,,no,,,yes,no,no,0,0,yes,no,,0,,no,no,no
wpn_1911_flux_l_plr_pap,raw\sound\wpn\pap\pap_flux_left.LN65.pc.snd.wav,wpn_1911_flux_r_plr_pap,loaded,bus_fx,grp_weapon,snp_wpn_3p,,84,0,75,75,25,900,900,allon,default,allon,default,8,4,priority,priority,-34,34,85,90,0.25,1,3d,default,nonlooping,pitch,1,0,0,0,0,0.25,no,no,left_shot,4000,,no,,,yes,no,no,0,0,yes,no,,0,,no,no,no
wpn_1911_flux_r_plr_pap,raw\sound\wpn\pap\pap_flux_right.LN65.pc.snd.wav,wpn_1911_fire_plr,loaded,bus_fx,grp_weapon,snp_wpn_3p,,84,0,75,75,25,900,900,allon,default,allon,default,8,4,priority,priority,-34,34,85,90,0.25,1,3d,default,nonlooping,pitch,1,0,0,0,0,0.25,no,no,right_shot,4000,,no,,,yes,no,no,0,0,yes,no,,0,,no,no,no
wpn_1911_LFE,raw\sound\wpn\smg\mp7\plr\lfe\wpn_mp7_fire_lfe.LN65.pc.snd.wav,wpn_1911_fire_plr_decay,loaded,bus_hdrfx,grp_wpn_lfe,snp_wpn_1p,,0,0,86,86,0,5000,5000,allon,default,allon,default,1,2,priority,oldest,0,0,85,90,0.25,1,2d,lfe,nonlooping,,1,0,0,0,0,0.25,no,no,none,0,,no,,,no,no,no,0,0,yes,no,,0,,no,no,no
wpn_1911_pickup_plr,raw\sound\fly\pickups\weapon\fly_weapon_pickup_00.LN65.pc.snd.wav,,loaded,bus_fx,grp_foley,snp_foley,,30,0,75,75,0,5000,5000,allon,default,allon,default,1,8,reject,oldest,-88,84,70,70,0.25,1,2d,front,nonlooping,,1,0,0,0,0,0.25,no,yes,none,0,,no,,,yes,no,no,0,0,yes,no,,0,,no,no,no
wpn_1911_pickup_plr,raw\sound\fly\pickups\weapon\fly_weapon_pickup_01.LN65.pc.snd.wav,,loaded,bus_fx,grp_foley,snp_foley,,30,0,75,75,0,5000,5000,allon,default,allon,default,1,8,reject,oldest,-88,84,70,70,0.25,1,2d,front,nonlooping,,1,0,0,0,0,0.25,no,yes,none,0,,no,,,yes,no,no,0,0,yes,no,,0,,no,no,no
wpn_1911_raise_plr,raw\sound\fly\gear\rattle\fly_cloth_00.LN65.pc.snd.wav,,loaded,bus_fx,grp_foley,snp_foley,,30,0,86,89,0,5000,5000,allon,default,allon,default,8,8,priority,oldest,-88,84,70,70,0.25,1,2d,front,nonlooping,,1,0,0,0,0,0.25,no,yes,none,0,,no,,,yes,no,no,0,0,yes,no,,0,,no,no,no
wpn_1911_raise_plr,raw\sound\fly\gear\rattle\fly_cloth_01.LN65.pc.snd.wav,,loaded,bus_fx,grp_foley,snp_foley,,30,0,86,89,0,5000,5000,allon,default,allon,default,8,8,priority,oldest,-88,84,70,70,0.25,1,2d,front,nonlooping,,1,0,0,0,0,0.25,no,yes,none,0,,no,,,yes,no,no,0,0,yes,no,,0,,no,no,no
wpn_1911_raise_plr,raw\sound\fly\gear\rattle\fly_cloth_02.LN65.pc.snd.wav,,loaded,bus_fx,grp_foley,snp_foley,,30,0,86,89,0,5000,5000,allon,default,allon,default,8,8,priority,oldest,-88,84,70,70,0.25,1,2d,front,nonlooping,,1,0,0,0,0,0.25,no,yes,none,0,,no,,,yes,no,no,0,0,yes,no,,0,,no,no,no
wpn_1911_raise_plr,raw\sound\fly\gear\rattle\fly_cloth_03.LN65.pc.snd.wav,,loaded,bus_fx,grp_foley,snp_foley,,30,0,86,89,0,5000,5000,allon,default,allon,default,8,8,priority,oldest,-88,84,70,70,0.25,1,2d,front,nonlooping,,1,0,0,0,0,0.25,no,yes,none,0,,no,,,yes,no,no,0,0,yes,no,,0,,no,no,no
fly_1911_hammer,raw\sound\wpn\pistol\reloads\fly_pistol_hammer.LN65.pc.snd.wav,,loaded,bus_fx,grp_foley,snp_foley,,30,0,86,89,0,5000,5000,allon,default,allon,default,8,8,priority,oldest,-88,84,70,70,0.25,1,2d,front,nonlooping,,1,0,0,0,0,0.25,no,yes,none,0,,no,,,yes,no,no,0,0,yes,no,,0,,no,no,no
fly_1911_mag_in,raw\sound\wpn\pistol\reloads\fly_pistol_mag_in.LN65.pc.snd.wav,,loaded,bus_fx,grp_foley,snp_foley,,30,0,86,89,0,5000,5000,allon,default,allon,default,8,8,priority,oldest,-88,84,70,70,0.25,1,2d,front,nonlooping,,1,0,0,0,0,0.25,no,yes,none,0,,no,,,yes,no,no,0,0,yes,no,,0,,no,no,no
fly_1911_mag_out,raw\sound\wpn\pistol\reloads\fly_pistol_mag_out.LN65.pc.snd.wav,,loaded,bus_fx,grp_foley,snp_foley,,30,0,86,89,0,5000,5000,allon,default,allon,default,8,8,priority,oldest,-88,84,70,70,0.25,1,2d,front,nonlooping,,1,0,0,0,0,0.25,no,yes,none,0,,no,,,yes,no,no,0,0,yes,no,,0,,no,no,no
fly_1911_slide_back,raw\sound\wpn\pistol\reloads\fly_pistol_sb.LN65.pc.snd.wav,,loaded,bus_fx,grp_foley,snp_foley,,30,0,86,89,0,5000,5000,allon,default,allon,default,8,8,priority,oldest,-88,84,70,70,0.25,1,2d,front,nonlooping,,1,0,0,0,0,0.25,no,yes,none,0,,no,,,yes,no,no,0,0,yes,no,,0,,no,no,no
fly_1911_slide_forward,raw\sound\wpn\pistol\reloads\fly_pistol_sf.LN65.pc.snd.wav,,loaded,bus_fx,grp_foley,snp_foley,,30,0,86,89,0,5000,5000,allon,default,allon,default,8,8,priority,oldest,-88,84,70,70,0.25,1,2d,front,nonlooping,,1,0,0,0,0,0.25,no,yes,none,0,,no,,,yes,no,no,0,0,yes,no,,0,,no,no,no
zmb_spawn_powerup,raw\sound\evt\zombie_global\powerup\spawn\spawn_00.LN55.pc.snd.wav,,loaded,bus_hdrfx,grp_hdrfx,snp_hdrfx,,90,0,76,76,250,2000,2250,allon,default,allon,default,3,8,reject,oldest,0,0,100,100,0.25,1,3d,default,nonlooping,,1,0,0,0,0,0.25,no,yes,none,0,,no,,,yes,no,no,0,0,yes,no,,0,,no,no,no
zmb_spawn_powerup_loop,raw\sound\evt\zombie_global\powerup\loop\loop_00.LL55.pc.snd.wav,,loaded,bus_hdrfx,grp_hdrfx,snp_hdrfx,,90,0,76,76,25,400,600,allon,default,allon,default,4,8,reject,oldest,0,0,100,100,0.25,1,3d,default,looping,,1,550,0,0,0,0.25,no,yes,none,0,,no,,,yes,no,no,0,0,yes,no,,0,,no,no,no
zmb_double_point_loop,raw\sound\evt\zombie_global\powerup\dbl_points\loop\loop_00.LL65.pc.snd.wav,,loaded,bus_hdrfx,grp_hdrfx,snp_ambience,,90,0,70,70,0,5000,5000,allon,default,allon,default,4,8,reject,oldest,0,0,100,100,0.25,1,2d,all,looping,,1,0,0,0,0,0.25,no,yes,none,0,,no,,,yes,no,no,0,0,yes,no,,0,,no,no,no
zmb_full_ammo,raw\sound\evt\zombie_global\powerup\max_ammo\max_ammo_00.LN65.pc.snd.wav,,loaded,bus_hdrfx,grp_hdrfx,snp_hdrfx,,90,0,70,70,0,5000,5000,allon,default,allon,default,4,8,reject,oldest,0,0,100,100,0.25,1,2d,front,nonlooping,,1,0,0,0,0,0.25,no,yes,none,0,,no,,,yes,no,no,0,0,yes,no,,0,,no,no,no
zmb_insta_kill,raw\sound\evt\zombie_global\powerup\instakill\instakill_00.LN65.pc.snd.wav,,loaded,bus_hdrfx,grp_hdrfx,snp_hdrfx,,90,0,70,70,0,5000,5000,allon,default,allon,default,4,8,reject,oldest,0,0,100,100,0.25,1,2d,all,nonlooping,,1,0,0,0,0,0.25,no,yes,none,0,,no,,,yes,no,no,0,0,yes,no,,0,,no,no,no
zmb_insta_kill_loop,raw\sound\evt\zombie_global\powerup\instakill\loop\loop_00.LL65.pc.snd.wav,,loaded,bus_hdrfx,grp_hdrfx,snp_hdrfx,,90,0,70,70,0,5000,5000,allon,default,allon,default,4,8,reject,oldest,0,0,100,100,0.25,1,2d,all,looping,,1,0,0,0,0,0.25,no,yes,none,0,,no,,,yes,no,no,0,0,yes,no,,0,,no,no,no
zmb_points_loop_off,raw\sound\evt\zombie_global\powerup\dbl_points\off\off_00.LN65.pc.snd.wav,,loaded,bus_hdrfx,grp_hdrfx,snp_ambience,,90,0,70,70,0,5000,5000,allon,default,allon,default,4,8,reject,oldest,0,0,100,100,0.25,1,2d,all,nonlooping,,1,0,0,0,0,0.25,no,yes,none,0,,no,,,yes,no,no,0,0,yes,no,,0,,no,no,no
zmb_powerup_grabbed,raw\sound\evt\zombie_global\powerup\grab\grab_00.LN65.pc.snd.wav,,loaded,bus_hdrfx,grp_hdrfx,snp_hdrfx,,90,0,76,76,250,2000,2250,allon,default,allon,default,3,8,reject,oldest,0,0,100,100,0.25,1,2d,all,nonlooping,,1,0,0,0,0,0.25,no,yes,none,0,,no,,,yes,no,no,0,0,yes,no,,0,,no,no,no
zmb_powerup_grabbed_3p,raw\sound\evt\zombie_global\powerup\grab\grab_00.LN55.pc.snd.wav,,loaded,bus_hdrfx,grp_hdrfx,snp_hdrfx,,90,0,76,76,25,500,2250,allon,default,allon,default,3,8,reject,oldest,0,0,100,100,0.25,1,3d,all,nonlooping,,1,0,0,0,0,0.25,no,yes,none,0,,no,,,yes,no,no,0,0,yes,no,,0,,no,no,no
evt_nuke_flash,raw\sound\evt\zombie_global\nuke\nuke_flash.LN65.pc.snd.wav,evt_dew_80hz,loaded,bus_hdrfx,grp_hdrfx,snp_hdrfx,,90,0,85,85,0,5000,5000,allon,default,allon,default,1,8,reject,oldest,0,0,100,100,0.25,1,2d,all,nonlooping,,1,0,0,0,0,0.25,no,yes,none,0,,no,,,yes,no,no,0,0,yes,no,,0,,no,no,no
evt_nuked,raw\sound\evt\zombie_global\nuke\nuke.LN55.pc.snd.wav,,loaded,bus_hdrfx,grp_hdrfx,snp_hdrfx,,90,0,85,85,250,2000,3250,allon,default,allon,default,3,8,reject,oldest,0,0,100,100,0.25,1,3d,default,nonlooping,,1,0,0,0,0,0.25,no,yes,center_player,2000,,no,,,yes,no,no,0,0,yes,no,,0,,no,no,no
wpn_m14_1straise_plr,raw\sound\fly\gear\rattle\fly_cloth_00.LN65.pc.snd.wav,,loaded,bus_fx,grp_foley,snp_foley,,30,0,86,89,0,5000,5000,allon,default,allon,default,8,8,priority,oldest,-88,84,70,70,0.25,1,2d,front,nonlooping,,1,0,0,0,0,0.25,no,yes,none,0,,no,,,yes,no,no,0,0,yes,no,,0,,no,no,no
wpn_m14_1straise_plr,raw\sound\fly\gear\rattle\fly_cloth_01.LN65.pc.snd.wav,,loaded,bus_fx,grp_foley,snp_foley,,30,0,86,89,0,5000,5000,allon,default,allon,default,8,8,priority,oldest,-88,84,70,70,0.25,1,2d,front,nonlooping,,1,0,0,0,0,0.25,no,yes,none,0,,no,,,yes,no,no,0,0,yes,no,,0,,no,no,no
wpn_m14_1straise_plr,raw\sound\fly\gear\rattle\fly_cloth_02.LN65.pc.snd.wav,,loaded,bus_fx,grp_foley,snp_foley,,30,0,86,89,0,5000,5000,allon,default,allon,default,8,8,priority,oldest,-88,84,70,70,0.25,1,2d,front,nonlooping,,1,0,0,0,0,0.25,no,yes,none,0,,no,,,yes,no,no,0,0,yes,no,,0,,no,no,no
wpn_m14_1straise_plr,raw\sound\fly\gear\rattle\fly_cloth_03.LN65.pc.snd.wav,,loaded,bus_fx,grp_foley,snp_foley,,30,0,86,89,0,5000,5000,allon,default,allon,default,8,8,priority,oldest,-88,84,70,70,0.25,1,2d,front,nonlooping,,1,0,0,0,0,0.25,no,yes,none,0,,no,,,yes,no,no,0,0,yes,no,,0,,no,no,no
wpn_m14_dryfire_plr,raw\sound\wpn\assault\dry_fire\plr\dry_fire_00.LN65.pc.snd.wav,,loaded,bus_fx,grp_weapon,snp_wpn_1p,,65,0,93,93,0,5000,5000,allon,default,allon,default,3,8,oldest,oldest,0,0,90,90,0.25,1,2d,front_mostly,nonlooping,,1,0,0,0,0,0.25,no,no,none,0,,no,,,yes,no,no,0,0,yes,no,,0,,no,no,no
wpn_m14_fire_plr,raw\sound\wpn\assault\sa58\plr\shot\wpn_sa58_shot_plr.LN65.pc.snd.wav,wpn_m14_LFE,loaded,bus_fx,grp_weapon,snp_wpn_1p,,65,0,96,96,0,5000,5000,allon,default,allon,default,3,8,oldest,oldest,-50,50,90,90,0.25,1,2d,front_mostly,nonlooping,,1,0,0,0,0,0.25,no,no,none,0,,no,,,yes,no,no,0,0,yes,no,,0,,no,no,no
wpn_m14_fire_plr_decay,raw\sound\wpn\decay\wpn_decay.LN65.pc.snd.wav,,loaded,bus_fx,grp_weapon,snp_wpn_1p,,65,0,67,67,0,5000,5000,allon,default,allon,default,3,8,oldest,oldest,-100,100,90,90,0.25,1,2d,quad,nonlooping,,1,75,0,0,0,0.25,no,no,none,0,,no,ringoff_plr,outdoor,yes,no,no,0,0,yes,no,,0,,no,no,no
wpn_m14_fire_plr_decay,raw\sound\wpn\decay\interior\wpn_decay_interior.LN65.pc.snd.wav,,loaded,bus_fx,grp_weapon,snp_wpn_1p,,65,0,67,67,0,5000,5000,allon,default,allon,default,3,8,oldest,oldest,-100,100,90,90,0.25,1,2d,quad,nonlooping,,1,0,0,0,0,0.25,no,no,none,0,,no,ringoff_plr,indoor,yes,no,no,0,0,yes,no,,0,,no,no,no
wpn_m14_fire_plr_pap,raw\sound\wpn\pap\pap_shot_st.LN65.pc.snd.wav,wpn_m14_flux_l_plr_pap,loaded,bus_hdrfx,grp_weapon,snp_wpn_1p,,70,0,87,87,0,5000,5000,allon,default,allon,default,1,8,oldest,oldest,0,0,90,90,0.25,1,2d,wpn_all,nonlooping,,1,0,0,0,0,0.25,no,no,none,0,,no,,,yes,no,no,0,0,yes,no,,0,,no,no,no
wpn_m14_flux_l_plr_pap,raw\sound\wpn\pap\pap_flux_left.LN65.pc.snd.wav,wpn_m14_flux_r_plr_pap,loaded,bus_fx,grp_weapon,snp_wpn_3p,,84,0,75,75,25,900,900,allon,default,allon,default,8,4,priority,priority,-34,34,85,90,0.25,1,3d,default,nonlooping,pitch,1,0,0,0,0,0.25,no,no,left_shot,4000,,no,,,yes,no,no,0,0,yes,no,,0,,no,no,no
wpn_m14_flux_r_plr_pap,raw\sound\wpn\pap\pap_flux_right.LN65.pc.snd.wav,wpn_m14_fire_plr,loaded,bus_fx,grp_weapon,snp_wpn_3p,,84,0,75,75,25,900,900,allon,default,allon,default,8,4,priority,priority,-34,34,85,90,0.25,1,3d,default,nonlooping,pitch,1,0,0,0,0,0.25,no,no,right_shot,4000,,no,,,yes,no,no,0,0,yes,no,,0,,no,no,no
wpn_m14_LFE,raw\sound\wpn\smg\mp7\plr\lfe\wpn_mp7_fire_lfe.LN65.pc.snd.wav,wpn_m14_fire_plr_decay,loaded,bus_hdrfx,grp_wpn_lfe,snp_wpn_1p,,0,0,86,86,0,5000,5000,allon,default,allon,default,8,2,priority,oldest,0,0,85,90,0.25,1,2d,lfe,nonlooping,,1,0,0,0,0,0.25,no,no,none,0,,no,,,yes,no,no,0,0,yes,no,,0,,no,no,no
wpn_m14_pickup_plr,raw\sound\fly\pickups\weapon\fly_weapon_pickup_00.LN65.pc.snd.wav,,loaded,bus_fx,grp_foley,snp_foley,,30,0,75,75,0,5000,5000,allon,default,allon,default,1,8,reject,oldest,-88,84,70,70,0.25,1,2d,front,nonlooping,,1,0,0,0,0,0.25,no,yes,none,0,,no,,,yes,no,no,0,0,yes,no,,0,,no,no,no
wpn_m14_pickup_plr,raw\sound\fly\pickups\weapon\fly_weapon_pickup_01.LN65.pc.snd.wav,,loaded,bus_fx,grp_foley,snp_foley,,30,0,75,75,0,5000,5000,allon,default,allon,default,1,8,reject,oldest,-88,84,70,70,0.25,1,2d,front,nonlooping,,1,0,0,0,0,0.25,no,yes,none,0,,no,,,yes,no,no,0,0,yes,no,,0,,no,no,no
wpn_m14_raise_plr,raw\sound\fly\gear\rattle\fly_cloth_00.LN65.pc.snd.wav,,loaded,bus_fx,grp_foley,snp_foley,,30,0,86,89,0,5000,5000,allon,default,allon,default,8,8,priority,oldest,-88,84,70,70,0.25,1,2d,front,nonlooping,,1,0,0,0,0,0.25,no,yes,none,0,,no,,,yes,no,no,0,0,yes,no,,0,,no,no,no
wpn_m14_raise_plr,raw\sound\fly\gear\rattle\fly_cloth_01.LN65.pc.snd.wav,,loaded,bus_fx,grp_foley,snp_foley,,30,0,86,89,0,5000,5000,allon,default,allon,default,8,8,priority,oldest,-88,84,70,70,0.25,1,2d,front,nonlooping,,1,0,0,0,0,0.25,no,yes,none,0,,no,,,yes,no,no,0,0,yes,no,,0,,no,no,no
wpn_m14_raise_plr,raw\sound\fly\gear\rattle\fly_cloth_02.LN65.pc.snd.wav,,loaded,bus_fx,grp_foley,snp_foley,,30,0,86,89,0,5000,5000,allon,default,allon,default,8,8,priority,oldest,-88,84,70,70,0.25,1,2d,front,nonlooping,,1,0,0,0,0,0.25,no,yes,none,0,,no,,,yes,no,no,0,0,yes,no,,0,,no,no,no
wpn_m14_raise_plr,raw\sound\fly\gear\rattle\fly_cloth_03.LN65.pc.snd.wav,,loaded,bus_fx,grp_foley,snp_foley,,30,0,86,89,0,5000,5000,allon,default,allon,default,8,8,priority,oldest,-88,84,70,70,0.25,1,2d,front,nonlooping,,1,0,0,0,0,0.25,no,yes,none,0,,no,,,yes,no,no,0,0,yes,no,,0,,no,no,no
fly_m14_bolt_back,raw\sound\wpn\sniper\l96a1\reload\fly_l96a1_bb.LN65.pc.snd.wav,fly_sniper_shell_out_plr,loaded,bus_fx,grp_foley,snp_foley,,30,0,86,89,0,5000,5000,allon,default,allon,default,8,8,priority,oldest,-88,84,70,70,0.25,1,2d,front,nonlooping,,1,0,0,0,0,0.25,no,yes,none,0,,no,,,yes,no,no,0,0,yes,no,,0,,no,no,no
fly_m14_bolt_release,raw\sound\wpn\sniper\l96a1\reload\fly_l96a1_bf.LN65.pc.snd.wav,,loaded,bus_fx,grp_foley,snp_foley,,30,0,86,89,0,5000,5000,allon,default,allon,default,8,8,priority,oldest,-88,84,70,70,0.25,1,2d,front,nonlooping,,1,0,0,0,0,0.25,no,yes,none,0,,no,,,yes,no,no,0,0,yes,no,,0,,no,no,no
fly_m14_futz,raw\sound\wpn\sniper\l96a1\reload\fly_l96a1_futz.LN65.pc.snd.wav,,loaded,bus_fx,grp_foley,snp_foley,,30,0,86,89,0,5000,5000,allon,default,allon,default,8,8,priority,oldest,-88,84,70,70,0.25,1,2d,front,nonlooping,,1,0,0,0,0,0.25,no,yes,none,0,,no,,,yes,no,no,0,0,yes,no,,0,,no,no,no
fly_m14_mag_in,raw\sound\wpn\sniper\l96a1\reload\fly_l96a1_mag_in.LN65.pc.snd.wav,,loaded,bus_fx,grp_foley,snp_foley,,30,0,86,89,0,5000,5000,allon,default,allon,default,8,8,priority,oldest,-88,84,70,70,0.25,1,2d,front,nonlooping,,1,0,0,0,0,0.25,no,yes,none,0,,no,,,yes,no,no,0,0,yes,no,,0,,no,no,no
fly_m14_mag_out,raw\sound\wpn\sniper\l96a1\reload\fly_l96a1_mag_out.LN65.pc.snd.wav,,loaded,bus_fx,grp_foley,snp_foley,,30,0,86,89,0,5000,5000,allon,default,allon,default,8,8,priority,oldest,-88,84,70,70,0.25,1,2d,front,nonlooping,,1,0,0,0,0,0.25,no,yes,none,0,,no,,,yes,no,no,0,0,yes,no,,0,,no,no,no
mus_perks_revive_jingle,raw\sound\mus\zombie\perksacola\mus_revive_jingle.SN55.pc.snd.flac,,streamed,bus_fx,grp_ambience,snp_x3,@866cadbc,70,0,84,84,125,550,750,allon,default,allon,default,6,8,priority,oldest,-50,50,10,50,0,1,3d,default,nonlooping,,1,0,0,0,0,0.65,no,yes,none,0,,no,,,yes,no,no,0,0,yes,no,,0,,no,no,no
mus_perks_revive_sting,raw\sound\mus\zombie\perksacola\mus_revive_sting.SN55.pc.snd.flac,,streamed,bus_fx,grp_ambience,snp_x3,@866cadbc,70,0,84,84,125,550,750,allon,default,allon,default,6,8,priority,oldest,-50,50,10,50,0,1,3d,default,nonlooping,,1,0,0,0,0,0.65,no,yes,none,0,,no,,,yes,no,no,0,0,yes,no,,0,,no,no,no
mus_perks_jugganog_jingle,raw\sound\mus\zombie\perksacola\mus_jugganog_jingle.SN55.pc.snd.flac,,streamed,bus_fx,grp_ambience,snp_x3,@866cadbc,70,0,84,84,125,550,750,allon,default,allon,default,6,8,priority,oldest,-50,50,10,50,0,1,3d,default,nonlooping,,1,0,0,0,0,0.65,no,yes,none,0,,no,,,yes,no,no,0,0,yes,no,,0,,no,no,no
mus_perks_jugganog_sting,raw\sound\mus\zombie\perksacola\mus_jugganog_sting.SN55.pc.snd.flac,,streamed,bus_fx,grp_ambience,snp_x3,@866cadbc,70,0,84,84,125,550,750,allon,default,allon,default,6,8,priority,oldest,-50,50,10,50,0,1,3d,default,nonlooping,,1,0,0,0,0,0.65,no,yes,none,0,,no,,,yes,no,no,0,0,yes,no,,0,,no,no,no
mus_perks_speed_jingle,raw\sound\mus\zombie\perksacola\mus_speed_jingle.SN55.pc.snd.flac,,streamed,bus_fx,grp_ambience,snp_x3,@866cadbc,70,0,84,84,125,550,750,allon,default,allon,default,6,8,priority,oldest,-50,50,10,50,0,1,3d,default,nonlooping,,1,0,0,0,0,0.65,no,yes,none,0,,no,,,yes,no,no,0,0,yes,no,,0,,no,no,no
mus_perks_speed_sting,raw\sound\mus\zombie\perksacola\mus_speed_sting.SN55.pc.snd.flac,,streamed,bus_fx,grp_ambience,snp_x3,@866cadbc,70,0,84,84,125,550,750,allon,default,allon,default,6,8,priority,oldest,-50,50,10,50,0,1,3d,default,nonlooping,,1,0,0,0,0,0.65,no,yes,none,0,,no,,,yes,no,no,0,0,yes,no,,0,,no,no,no
mus_perks_doubletap_jingle,raw\sound\mus\zombie\perksacola\mus_doubletap_jingle.SN55.pc.snd.flac,,streamed,bus_fx,grp_ambience,snp_x3,@866cadbc,70,0,84,84,125,550,750,allon,default,allon,default,6,8,priority,oldest,-50,50,10,50,0,1,3d,default,nonlooping,,1,0,0,0,0,0.65,no,yes,none,0,,no,,,yes,no,no,0,0,yes,no,,0,,no,no,no
mus_perks_doubletap_sting,raw\sound\mus\zombie\perksacola\mus_doubletap_sting.SN55.pc.snd.flac,,streamed,bus_fx,grp_ambience,snp_x3,@866cadbc,70,0,84,84,125,550,750,allon,default,allon,default,6,8,priority,oldest,-50,50,10,50,0,1,3d,default,nonlooping,,1,0,0,0,0,0.65,no,yes,none,0,,no,,,yes,no,no,0,0,yes,no,,0,,no,no,no
mus_perks_stamin_jingle,raw\sound\mus\zombie\perksacola\mus_stamin_jingle.SN55.pc.snd.flac,,streamed,bus_fx,grp_ambience,snp_x3,@866cadbc,70,0,84,84,125,550,750,allon,default,allon,default,6,8,priority,oldest,-50,50,10,50,0,1,3d,default,nonlooping,,1,0,0,0,0,0.65,no,yes,none,0,,no,,,yes,no,no,0,0,yes,no,,0,,no,no,no
mus_perks_stamin_sting,raw\sound\mus\zombie\perksacola\mus_stamin_sting.SN55.pc.snd.flac,,streamed,bus_fx,grp_ambience,snp_x3,@866cadbc,70,0,84,84,125,550,750,allon,default,allon,default,6,8,priority,oldest,-50,50,10,50,0,1,3d,default,nonlooping,,1,0,0,0,0,0.65,no,yes,none,0,,no,,,yes,no,no,0,0,yes,no,,0,,no,no,no
wpn_ammo_pickup_plr,raw\sound\fly\pickups\ammo\fly_ammo_pickup_00.LN65.pc.snd.wav,,loaded,bus_fx,grp_foley,snp_foley,,30,0,75,75,0,5000,5000,allon,default,allon,default,1,8,reject,oldest,-88,84,70,70,0.25,1,2d,front,nonlooping,,1,0,0,0,0,0.25,no,yes,none,0,,no,,,yes,no,no,0,0,yes,no,,0,,no,no,no
wpn_ammo_pickup_plr,raw\sound\fly\pickups\ammo\fly_ammo_pickup_01.LN65.pc.snd.wav,,loaded,bus_fx,grp_foley,snp_foley,,30,0,75,75,0,5000,5000,allon,default,allon,default,1,8,reject,oldest,-88,84,70,70,0.25,1,2d,front,nonlooping,,1,0,0,0,0,0.25,no,yes,none,0,,no,,,yes,no,no,0,0,yes,no,,0,,no,no,no
wpn_ammo_pickup_plr,raw\sound\fly\pickups\ammo\pickup_00.LN65.pc.snd.wav,,loaded,bus_fx,grp_foley,snp_foley,,30,0,75,75,0,5000,5000,allon,default,allon,default,1,8,reject,oldest,-88,84,70,70,0.25,1,2d,front,nonlooping,,1,0,0,0,0,0.25,no,yes,none,0,,no,,,yes,no,no,0,0,yes,no,,0,,no,no,no
wpn_ammo_pickup_plr,raw\sound\fly\pickups\ammo\pickup_01.LN65.pc.snd.wav,,loaded,bus_fx,grp_foley,snp_foley,,30,0,75,75,0,5000,5000,allon,default,allon,default,1,8,reject,oldest,-88,84,70,70,0.25,1,2d,front,nonlooping,,1,0,0,0,0,0.25,no,yes,none,0,,no,,,yes,no,no,0,0,yes,no,,0,,no,no,no
wpn_ak74u_1straise_plr,raw\sound\fly\gear\rattle\fly_cloth_00.LN65.pc.snd.wav,,loaded,bus_fx,grp_foley,snp_foley,,30,0,86,89,0,5000,5000,allon,default,allon,default,8,8,priority,oldest,-88,84,70,70,0.25,1,2d,front,nonlooping,,1,0,0,0,0,0.25,no,yes,none,0,,no,,,yes,no,no,0,0,yes,no,,0,,no,no,no
wpn_ak74u_1straise_plr,raw\sound\fly\gear\rattle\fly_cloth_01.LN65.pc.snd.wav,,loaded,bus_fx,grp_foley,snp_foley,,30,0,86,89,0,5000,5000,allon,default,allon,default,8,8,priority,oldest,-88,84,70,70,0.25,1,2d,front,nonlooping,,1,0,0,0,0,0.25,no,yes,none,0,,no,,,yes,no,no,0,0,yes,no,,0,,no,no,no
wpn_ak74u_1straise_plr,raw\sound\fly\gear\rattle\fly_cloth_02.LN65.pc.snd.wav,,loaded,bus_fx,grp_foley,snp_foley,,30,0,86,89,0,5000,5000,allon,default,allon,default,8,8,priority,oldest,-88,84,70,70,0.25,1,2d,front,nonlooping,,1,0,0,0,0,0.25,no,yes,none,0,,no,,,yes,no,no,0,0,yes,no,,0,,no,no,no
wpn_ak74u_1straise_plr,raw\sound\fly\gear\rattle\fly_cloth_03.LN65.pc.snd.wav,,loaded,bus_fx,grp_foley,snp_foley,,30,0,86,89,0,5000,5000,allon,default,allon,default,8,8,priority,oldest,-88,84,70,70,0.25,1,2d,front,nonlooping,,1,0,0,0,0,0.25,no,yes,none,0,,no,,,yes,no,no,0,0,yes,no,,0,,no,no,no
wpn_ak74u_dryfire_plr,raw\sound\wpn\smg\dry_fire\plr\dry_fire_plr.LN65.pc.snd.wav,,loaded,bus_fx,grp_weapon,snp_wpn_1p,,65,0,93,93,0,5000,5000,allon,default,allon,default,2,8,oldest,oldest,-80,80,90,90,0.25,1,2d,front_mostly,nonlooping,,1,0,0,0,0,0.25,no,no,none,0,,no,,,yes,no,no,0,0,yes,no,,0,,no,no,no
wpn_ak74u_fire_plr,raw\sound\wpn\smg\msmc\shot\wpn_msmc_shot_plr.LN65.pc.snd.wav,wpn_ak74u_lfe,loaded,bus_fx,grp_weapon,snp_wpn_1p,,65,0,93,93,0,5000,5000,allon,default,allon,default,2,8,oldest,oldest,-80,80,90,90,0.25,1,2d,front_mostly,nonlooping,,1,0,0,0,0,0.25,no,no,none,0,,no,,,yes,no,no,0,0,yes,no,,0,,no,no,no
wpn_ak74u_fire_plr_decay,raw\sound\wpn\smg\decay\ext\wpn_smg_decay_ext.LN65.pc.snd.wav,,loaded,bus_fx,grp_weapon,snp_wpn_1p,,60,0,80,80,0,5000,5000,allon,default,allon,default,3,8,oldest,oldest,-50,50,90,90,0.25,1,2d,front_mostly,nonlooping,,1,0,0,0,0,0.25,no,no,none,0,,no,ringoff_plr,outdoor,yes,no,no,0,0,yes,no,,0,,no,no,no
wpn_ak74u_fire_plr_decay,raw\sound\wpn\smg\decay\int\wpn_smg_decay_int.LN65.pc.snd.wav,,loaded,bus_fx,grp_weapon,snp_wpn_1p,,60,0,80,80,0,5000,5000,allon,default,allon,default,3,8,oldest,oldest,-50,50,90,90,0.25,1,2d,front_mostly,nonlooping,,1,0,0,0,0,0.25,no,no,none,0,,no,ringoff_plr,indoor,yes,no,no,0,0,yes,no,,0,,no,no,no
wpn_ak74u_fire_plr_lh,raw\sound\wpn\assault\pdw_57\plr\shot\wpn_pdw57_fire_plr.LN65.pc.snd.wav,wpn_ak74u_lfe,loaded,bus_fx,grp_weapon,snp_wpn_1p,,65,0,93,93,0,5000,5000,allon,default,allon,default,2,8,oldest,oldest,-80,80,90,90,0.25,1,2d,wpn_left,nonlooping,,1,0,0,0,0,0.25,no,no,none,0,,no,,,yes,no,no,0,0,yes,no,,0,,no,no,no
wpn_ak74u_fire_plr_pap,raw\sound\wpn\pap\pap_shot_st.LN65.pc.snd.wav,wpn_ak74u_flux_l_plr_pap,loaded,bus_hdrfx,grp_weapon,snp_wpn_1p,,70,0,87,87,0,5000,5000,allon,default,allon,default,1,8,oldest,oldest,0,0,90,90,0.25,1,2d,wpn_all,nonlooping,,1,0,0,0,0,0.25,no,no,none,0,,no,,,yes,no,no,0,0,yes,no,,0,,no,no,no
wpn_ak74u_fire_plr_rh,raw\sound\wpn\assault\pdw_57\plr\shot\wpn_pdw57_fire_plr.LN65.pc.snd.wav,wpn_ak74u_lfe,loaded,bus_fx,grp_weapon,snp_wpn_1p,,65,0,93,93,0,5000,5000,allon,default,allon,default,2,8,oldest,oldest,-80,80,90,90,0.25,1,2d,wpn_right,nonlooping,,1,0,0,0,0,0.25,no,no,none,0,,no,,,yes,no,no,0,0,yes,no,,0,,no,no,no
wpn_ak74u_flux_l_plr_pap,raw\sound\wpn\pap\pap_flux_left.LN65.pc.snd.wav,wpn_ak74u_flux_r_plr_pap,loaded,bus_fx,grp_weapon,snp_wpn_3p,,84,0,75,75,25,900,900,allon,default,allon,default,8,4,priority,priority,-34,34,85,90,0.25,1,3d,default,nonlooping,pitch,1,0,0,0,0,0.25,no,no,left_shot,4000,,no,,,yes,no,no,0,0,yes,no,,0,,no,no,no
wpn_ak74u_flux_r_plr_pap,raw\sound\wpn\pap\pap_flux_right.LN65.pc.snd.wav,wpn_ak74u_fire_plr,loaded,bus_fx,grp_weapon,snp_wpn_3p,,84,0,75,75,25,900,900,allon,default,allon,default,8,4,priority,priority,-34,34,85,90,0.25,1,3d,default,nonlooping,pitch,1,0,0,0,0,0.25,no,no,right_shot,4000,,no,,,yes,no,no,0,0,yes,no,,0,,no,no,no
wpn_ak74u_lfe,raw\sound\wpn\smg\mp7\plr\lfe\wpn_mp7_fire_lfe.LN65.pc.snd.wav,wpn_ak74u_fire_plr_decay,loaded,bus_hdrfx,grp_wpn_lfe,snp_wpn_1p,,0,0,86,86,0,5000,5000,allon,default,allon,default,8,2,priority,oldest,0,0,85,90,0.25,1,2d,lfe,nonlooping,,1,0,0,0,0,0.25,no,no,none,0,,no,,,no,no,no,0,0,yes,no,,0,,no,no,no
wpn_ak74u_pickup_plr,raw\sound\fly\pickups\weapon\fly_weapon_pickup_00.LN65.pc.snd.wav,,loaded,bus_fx,grp_foley,snp_foley,,30,0,75,75,0,5000,5000,allon,default,allon,default,1,8,reject,oldest,-88,84,70,70,0.25,1,2d,front,nonlooping,,1,0,0,0,0,0.25,no,yes,none,0,,no,,,yes,no,no,0,0,yes,no,,0,,no,no,no
wpn_ak74u_pickup_plr,raw\sound\fly\pickups\weapon\fly_weapon_pickup_01.LN65.pc.snd.wav,,loaded,bus_fx,grp_foley,snp_foley,,30,0,75,75,0,5000,5000,allon,default,allon,default,1,8,reject,oldest,-88,84,70,70,0.25,1,2d,front,nonlooping,,1,0,0,0,0,0.25,no,yes,none,0,,no,,,yes,no,no,0,0,yes,no,,0,,no,no,no
wpn_ak74u_raise_plr,raw\sound\fly\gear\rattle\fly_cloth_00.LN65.pc.snd.wav,,loaded,bus_fx,grp_foley,snp_foley,,30,0,86,89,0,5000,5000,allon,default,allon,default,8,8,priority,oldest,-88,84,70,70,0.25,1,2d,front,nonlooping,,1,0,0,0,0,0.25,no,yes,none,0,,no,,,yes,no,no,0,0,yes,no,,0,,no,no,no
wpn_ak74u_raise_plr,raw\sound\fly\gear\rattle\fly_cloth_01.LN65.pc.snd.wav,,loaded,bus_fx,grp_foley,snp_foley,,30,0,86,89,0,5000,5000,allon,default,allon,default,8,8,priority,oldest,-88,84,70,70,0.25,1,2d,front,nonlooping,,1,0,0,0,0,0.25,no,yes,none,0,,no,,,yes,no,no,0,0,yes,no,,0,,no,no,no
wpn_ak74u_raise_plr,raw\sound\fly\gear\rattle\fly_cloth_02.LN65.pc.snd.wav,,loaded,bus_fx,grp_foley,snp_foley,,30,0,86,89,0,5000,5000,allon,default,allon,default,8,8,priority,oldest,-88,84,70,70,0.25,1,2d,front,nonlooping,,1,0,0,0,0,0.25,no,yes,none,0,,no,,,yes,no,no,0,0,yes,no,,0,,no,no,no
wpn_ak74u_raise_plr,raw\sound\fly\gear\rattle\fly_cloth_03.LN65.pc.snd.wav,,loaded,bus_fx,grp_foley,snp_foley,,30,0,86,89,0,5000,5000,allon,default,allon,default,8,8,priority,oldest,-88,84,70,70,0.25,1,2d,front,nonlooping,,1,0,0,0,0,0.25,no,yes,none,0,,no,,,yes,no,no,0,0,yes,no,,0,,no,no,no
fly_ak74u_bolt_back,raw\sound\wpn\assault\m14\reload\fly_m14_bolt_back.LN65.pc.snd.wav,,loaded,bus_fx,grp_foley,snp_foley,,30,0,86,89,0,5000,5000,allon,default,allon,default,8,8,priority,oldest,-88,84,70,70,0.25,1,2d,front,nonlooping,,1,0,0,0,0,0.25,no,yes,none,0,,no,,,yes,no,no,0,0,yes,no,,0,,no,no,no
fly_ak74u_bolt_release,raw\sound\wpn\assault\m14\reload\fly_m14_bolt_release.LN65.pc.snd.wav,,loaded,bus_fx,grp_foley,snp_foley,,30,0,86,89,0,5000,5000,allon,default,allon,default,8,8,priority,oldest,-88,84,70,70,0.25,1,2d,front,nonlooping,,1,0,0,0,0,0.25,no,yes,none,0,,no,,,yes,no,no,0,0,yes,no,,0,,no,no,no
fly_ak74u_charge,raw\sound\wpn\assault\ak47\reload\fly_ak47_charge.LN65.pc.snd.wav,,loaded,bus_fx,grp_foley,snp_foley,,30,0,86,89,0,5000,5000,allon,default,allon,default,8,8,priority,oldest,-88,84,70,70,0.25,1,2d,front,nonlooping,,1,0,0,0,0,0.25,no,yes,none,0,,no,,,yes,no,no,0,0,yes,no,,0,,no,no,no
fly_ak74u_futz,raw\sound\wpn\assault\ak47\reload\fly_ak47_futz.LN65.pc.snd.wav,,loaded,bus_fx,grp_foley,snp_foley,,30,0,86,89,0,5000,5000,allon,default,allon,default,8,8,priority,oldest,-88,84,70,70,0.25,1,2d,front,nonlooping,,1,0,0,0,0,0.25,no,yes,none,0,,no,,,yes,no,no,0,0,yes,no,,0,,no,no,no
fly_ak74u_mag_in,raw\sound\wpn\assault\ak47\reload\fly_ak47_mag_in.LN65.pc.snd.wav,,loaded,bus_fx,grp_foley,snp_foley,,30,0,86,89,0,5000,5000,allon,default,allon,default,8,8,priority,oldest,-88,84,70,70,0.25,1,2d,front,nonlooping,,1,0,0,0,0,0.25,no,yes,none,0,,no,,,yes,no,no,0,0,yes,no,,0,,no,no,no
fly_ak74u_mag_out,raw\sound\wpn\assault\ak47\reload\fly_ak47_mag_out.LN65.pc.snd.wav,,loaded,bus_fx,grp_foley,snp_foley,,30,0,86,89,0,5000,5000,allon,default,allon,default,8,8,priority,oldest,-88,84,70,70,0.25,1,2d,front,nonlooping,,1,0,0,0,0,0.25,no,yes,none,0,,no,,,yes,no,no,0,0,yes,no,,0,,no,no,no
zmb_box_move,raw\sound\evt\zombie_global\box\disappear\disappear_00.LN55.pc.snd.wav,,loaded,bus_hdrfx,grp_hdrfx,snp_hdrfx,,60,0,94,94,250,1250,2000,allon,default,allon,default,1,8,oldest,oldest,-50,50,40,60,0.25,1,3d,all,nonlooping,,1,0,25,125,97,0.1,no,yes,none,0,,no,,,yes,no,no,0,0,yes,no,,0,,no,no,no
zmb_box_poof,raw\sound\evt\zombie_global\box\poof\poof_00.LN55.pc.snd.wav,,loaded,bus_hdrfx,grp_hdrfx,snp_hdrfx,,60,0,94,94,250,2000,2000,allon,default,allon,default,1,8,oldest,oldest,-50,50,40,60,0.25,1,3d,all,nonlooping,,1,0,25,125,97,0.1,no,yes,none,0,,no,,,yes,no,no,0,0,yes,no,,0,,no,no,no
zmb_box_poof_land,raw\sound\evt\zombie_global\box\land\land_00.LN55.pc.snd.wav,zmb_box_poof_land_flux_l,loaded,bus_hdrfx,grp_hdrfx,snp_hdrfx,,60,0,88,88,250,5000,6000,allon,default,allon,default,1,8,reject,oldest,-50,50,95,100,0.25,1,3d,default,nonlooping,,1,0,0,0,0,0.1,no,yes,none,0,,no,,,yes,no,no,0,0,yes,no,,0,,no,no,no
zmb_box_poof_land_flux_l,raw\sound\evt\zombie_global\box\land\flux\flux_l.LN55.pc.snd.wav,zmb_box_poof_land_flux_r,loaded,bus_hdrfx,grp_hdrfx,snp_hdrfx,,60,0,88,88,50,2000,3000,allon,default,allon,default,1,8,reject,oldest,-50,50,95,100,0.25,1,3d,default,nonlooping,,1,200,0,0,0,0.1,no,yes,left_player,3000,,no,,,yes,no,no,0,0,yes,no,,0,,no,no,no
zmb_box_poof_land_flux_r,raw\sound\evt\zombie_global\box\land\flux\flux_r.LN55.pc.snd.wav,,loaded,bus_hdrfx,grp_hdrfx,snp_hdrfx,,60,0,88,88,50,2000,3000,allon,default,allon,default,1,8,reject,oldest,-50,50,95,100,0.25,1,3d,default,nonlooping,,1,275,0,0,0,0.1,no,yes,right_player,4000,,no,,,yes,no,no,0,0,yes,no,,0,,no,no,no
zmb_box_spin,raw\sound\evt\zombie_global\box\spin\zmb_box_spin.SN55.pc.snd.flac,,streamed,bus_hdrfx,grp_hdrfx,snp_hdrfx,,60,0,94,94,250,1250,2000,allon,default,allon,default,1,8,oldest,oldest,-50,50,40,60,0.25,1,3d,default,nonlooping,,1,2450,25,125,97,0.1,no,yes,none,0,,no,,,yes,no,no,0,0,yes,no,,0,,no,no,no
zmb_lid_close,raw\sound\evt\zombie_global\box\close\close_00.LN55.pc.snd.wav,,loaded,bus_hdrfx,grp_hdrfx,snp_hdrfx,,60,0,90,90,125,1250,2000,allon,default,allon,default,1,8,oldest,oldest,-50,50,20,30,0.25,1,3d,default,nonlooping,,1,0,0,0,0,0.1,no,yes,none,0,,no,,,yes,no,no,0,0,yes,no,,0,,no,no,no
zmb_lid_open,raw\sound\evt\zombie_global\box\open\open_00.LN55.pc.snd.wav,,loaded,bus_hdrfx,grp_hdrfx,snp_hdrfx,,60,0,90,90,125,1250,2000,allon,default,allon,default,1,8,oldest,oldest,-50,50,20,30,0.25,1,3d,default,nonlooping,,1,0,0,0,0,0.1,no,yes,none,0,,no,,,yes,no,no,0,0,yes,no,,0,,no,no,no
zmb_music_box,raw\sound\evt\zombie_global\box\music_box\music_box_00.LN55.pc.snd.wav,,loaded,bus_hdrfx,grp_hdrfx,snp_hdrfx,,60,0,92,92,250,1250,2000,allon,default,allon,default,1,8,oldest,oldest,0,0,40,60,0.25,1,3d,default,nonlooping,,1,0,25,125,97,0.1,no,yes,none,0,,no,,,yes,no,no,0,0,yes,no,,0,,no,no,no
zmb_no_cha_ching,raw\sound\evt\zombie_global\purchase\deny\deny_00.LN55.pc.snd.wav,,loaded,bus_hdrfx,grp_hdrfx,snp_ambience,,60,0,91,91,25,175,300,allon,default,allon,default,6,8,priority,oldest,0,0,25,50,0.25,1,3d,default,nonlooping,,1,0,25,75,92,0.4,no,yes,none,0,,no,,,yes,no,no,0,0,yes,no,,0,,no,no,no
wpn_emp_explode,raw\sound\wpn\grenades\emp\explode\emp_grenade.LN65.pc.snd.wav,wpn_emp_explode_lfe,loaded,bus_fx,grp_explosion,snp_explosion,@e4c9783c,50,0,95,95,250,1750,3250,allon,default,allon,default,4,8,oldest,oldest,-300,300,90,99,0.25,0.8,3d,default,nonlooping,,1,0,0,0,0,0.5,no,no,none,0,,no,,,yes,no,no,0,0,yes,no,,0,,no,no,no
wpn_emp_explode_flux_l,raw\sound\exp\emp_bomb\emp_flux_l.LN65.pc.snd.wav,wpn_emp_explode_flux_r,loaded,bus_fx,grp_explosion,snp_explosion,,70,0,71,73,125,2500,2500,allon,default,allon,default,2,8,priority,oldest,-200,200,30,40,0.25,1,3d,default,nonlooping,,1,150,0,0,0,0.25,no,no,left_player,5000,,no,,,yes,no,no,0,0,yes,no,,0,,no,no,no
wpn_emp_explode_flux_r,raw\sound\exp\emp_bomb\emp_flux_r.LN65.pc.snd.wav,,loaded,bus_fx,grp_explosion,snp_explosion,,70,0,71,73,125,2500,2500,allon,default,allon,default,2,8,priority,oldest,-200,200,30,40,0.25,1,3d,default,nonlooping,,1,175,0,0,0,0.25,no,no,right_player,5000,,no,,,yes,no,no,0,0,yes,no,,0,,no,no,no
wpn_emp_explode_lfe,raw\sound\exp\emp_bomb\emp_lfe.LN65.pc.snd.wav,wpn_emp_explode_flux_l,loaded,bus_hdrfx,grp_lfe,snp_explosion,,0,0,90,90,125,750,900,allon,default,allon,default,4,8,oldest,oldest,0,0,25,80,0.25,0.75,3d,lfe,nonlooping,,1,0,0,0,0,0,yes,no,none,0,,no,,,yes,no,no,0,0,yes,no,,0,,no,no,no
wpn_concussion_bounce_asphalt,raw\sound\wpn\grenade\bounce\concussion\earth\nade_bnc_gen_00.LN65.pc.snd.wav,,loaded,bus_fx,grp_impacts,snp_hdrfx,,65,0,81,83,200,575,575,allon,default,allon,default,8,8,priority,oldest,-150,-100,80,95,0.25,1,3d,default,nonlooping,,1,0,25,225,85,0.25,no,no,none,0,,no,,,yes,no,no,0,0,yes,no,,0,,no,no,no
wpn_concussion_bounce_asphalt,raw\sound\wpn\grenade\bounce\concussion\earth\nade_bnc_gen_01.LN65.pc.snd.wav,,loaded,bus_fx,grp_impacts,snp_hdrfx,,65,0,81,83,200,575,575,allon,default,allon,default,8,8,priority,oldest,-150,-100,80,95,0.25,1,3d,default,nonlooping,,1,0,25,225,85,0.25,no,no,none,0,,no,,,yes,no,no,0,0,yes,no,,0,,no,no,no
wpn_concussion_bounce_asphalt,raw\sound\wpn\grenade\bounce\concussion\earth\nade_bnc_gen_02.LN65.pc.snd.wav,,loaded,bus_fx,grp_impacts,snp_hdrfx,,65,0,81,83,200,575,575,allon,default,allon,default,8,8,priority,oldest,-150,-100,80,95,0.25,1,3d,default,nonlooping,,1,0,25,225,85,0.25,no,no,none,0,,no,,,yes,no,no,0,0,yes,no,,0,,no,no,no
wpn_concussion_bounce_asphalt,raw\sound\wpn\grenade\bounce\concussion\earth\nade_bnc_gen_03.LN65.pc.snd.wav,,loaded,bus_fx,grp_impacts,snp_hdrfx,,65,0,81,83,200,575,575,allon,default,allon,default,8,8,priority,oldest,-150,-100,80,95,0.25,1,3d,default,nonlooping,,1,0,25,225,85,0.25,no,no,none,0,,no,,,yes,no,no,0,0,yes,no,,0,,no,no,no
wpn_concussion_bounce_asphalt,raw\sound\wpn\grenade\bounce\concussion\earth\nade_bnc_gen_04.LN65.pc.snd.wav,,loaded,bus_fx,grp_impacts,snp_hdrfx,,65,0,81,83,200,575,575,allon,default,allon,default,8,8,priority,oldest,-150,-100,80,95,0.25,1,3d,default,nonlooping,,1,0,25,225,85,0.25,no,no,none,0,,no,,,yes,no,no,0,0,yes,no,,0,,no,no,no
wpn_concussion_bounce_bark,raw\sound\wpn\grenade\bounce\concussion\earth\nade_bnc_gen_00.LN65.pc.snd.wav,,loaded,bus_fx,grp_impacts,snp_hdrfx,,65,0,81,83,200,575,575,allon,default,allon,default,8,8,priority,oldest,-150,-100,80,95,0.25,1,3d,default,nonlooping,,1,0,25,225,85,0.25,no,no,none,0,,no,,,yes,no,no,0,0,yes,no,,0,,no,no,no
wpn_concussion_bounce_bark,raw\sound\wpn\grenade\bounce\concussion\earth\nade_bnc_gen_01.LN65.pc.snd.wav,,loaded,bus_fx,grp_impacts,snp_hdrfx,,65,0,81,83,200,575,575,allon,default,allon,default,8,8,priority,oldest,-150,-100,80,95,0.25,1,3d,default,nonlooping,,1,0,25,225,85,0.25,no,no,none,0,,no,,,yes,no,no,0,0,yes,no,,0,,no,no,no
wpn_concussion_bounce_bark,raw\sound\wpn\grenade\bounce\concussion\earth\nade_bnc_gen_02.LN65.pc.snd.wav,,loaded,bus_fx,grp_impacts,snp_hdrfx,,65,0,81,83,200,575,575,allon,default,allon,default,8,8,priority,oldest,-150,-100,80,95,0.25,1,3d,default,nonlooping,,1,0,25,225,85,0.25,no,no,none,0,,no,,,yes,no,no,0,0,yes,no,,0,,no,no,no
wpn_concussion_bounce_bark,raw\sound\wpn\grenade\bounce\concussion\earth\nade_bnc_gen_03.LN65.pc.snd.wav,,loaded,bus_fx,grp_impacts,snp_hdrfx,,65,0,81,83,200,575,575,allon,default,allon,default,8,8,priority,oldest,-150,-100,80,95,0.25,1,3d,default,nonlooping,,1,0,25,225,85,0.25,no,no,none,0,,no,,,yes,no,no,0,0,yes,no,,0,,no,no,no
wpn_concussion_bounce_bark,raw\sound\wpn\grenade\bounce\concussion\earth\nade_bnc_gen_04.LN65.pc.snd.wav,,loaded,bus_fx,grp_impacts,snp_hdrfx,,65,0,81,83,200,575,575,allon,default,allon,default,8,8,priority,oldest,-150,-100,80,95,0.25,1,3d,default,nonlooping,,1,0,25,225,85,0.25,no,no,none,0,,no,,,yes,no,no,0,0,yes,no,,0,,no,no,no
wpn_concussion_bounce_brick,raw\sound\wpn\grenade\bounce\concussion\earth\nade_bnc_gen_00.LN65.pc.snd.wav,,loaded,bus_fx,grp_impacts,snp_hdrfx,,65,0,81,83,200,575,575,allon,default,allon,default,8,8,priority,oldest,-150,-100,80,95,0.25,1,3d,default,nonlooping,,1,0,25,225,85,0.25,no,no,none,0,,no,,,yes,no,no,0,0,yes,no,,0,,no,no,no
wpn_concussion_bounce_brick,raw\sound\wpn\grenade\bounce\concussion\earth\nade_bnc_gen_01.LN65.pc.snd.wav,,loaded,bus_fx,grp_impacts,snp_hdrfx,,65,0,81,83,200,575,575,allon,default,allon,default,8,8,priority,oldest,-150,-100,80,95,0.25,1,3d,default,nonlooping,,1,0,25,225,85,0.25,no,no,none,0,,no,,,yes,no,no,0,0,yes,no,,0,,no,no,no
wpn_concussion_bounce_brick,raw\sound\wpn\grenade\bounce\concussion\earth\nade_bnc_gen_02.LN65.pc.snd.wav,,loaded,bus_fx,grp_impacts,snp_hdrfx,,65,0,81,83,200,575,575,allon,default,allon,default,8,8,priority,oldest,-150,-100,80,95,0.25,1,3d,default,nonlooping,,1,0,25,225,85,0.25,no,no,none,0,,no,,,yes,no,no,0,0,yes,no,,0,,no,no,no
wpn_concussion_bounce_brick,raw\sound\wpn\grenade\bounce\concussion\earth\nade_bnc_gen_03.LN65.pc.snd.wav,,loaded,bus_fx,grp_impacts,snp_hdrfx,,65,0,81,83,200,575,575,allon,default,allon,default,8,8,priority,oldest,-150,-100,80,95,0.25,1,3d,default,nonlooping,,1,0,25,225,85,0.25,no,no,none,0,,no,,,yes,no,no,0,0,yes,no,,0,,no,no,no
wpn_concussion_bounce_brick,raw\sound\wpn\grenade\bounce\concussion\earth\nade_bnc_gen_04.LN65.pc.snd.wav,,loaded,bus_fx,grp_impacts,snp_hdrfx,,65,0,81,83,200,575,575,allon,default,allon,default,8,8,priority,oldest,-150,-100,80,95,0.25,1,3d,default,nonlooping,,1,0,25,225,85,0.25,no,no,none,0,,no,,,yes,no,no,0,0,yes,no,,0,,no,no,no
wpn_concussion_bounce_carpet,raw\sound\wpn\grenade\bounce\concussion\earth\nade_bnc_gen_00.LN65.pc.snd.wav,,loaded,bus_fx,grp_impacts,snp_hdrfx,,65,0,81,83,200,575,575,allon,default,allon,default,8,8,priority,oldest,-150,-100,80,95,0.25,1,3d,default,nonlooping,,1,0,25,225,85,0.25,no,no,none,0,,no,,,yes,no,no,0,0,yes,no,,0,,no,no,no
wpn_concussion_bounce_carpet,raw\sound\wpn\grenade\bounce\concussion\earth\nade_bnc_gen_01.LN65.pc.snd.wav,,loaded,bus_fx,grp_impacts,snp_hdrfx,,65,0,81,83,200,575,575,allon,default,allon,default,8,8,priority,oldest,-150,-100,80,95,0.25,1,3d,default,nonlooping,,1,0,25,225,85,0.25,no,no,none,0,,no,,,yes,no,no,0,0,yes,no,,0,,no,no,no
wpn_concussion_bounce_carpet,raw\sound\wpn\grenade\bounce\concussion\earth\nade_bnc_gen_02.LN65.pc.snd.wav,,loaded,bus_fx,grp_impacts,snp_hdrfx,,65,0,81,83,200,575,575,allon,default,allon,default,8,8,priority,oldest,-150,-100,80,95,0.25,1,3d,default,nonlooping,,1,0,25,225,85,0.25,no,no,none,0,,no,,,yes,no,no,0,0,yes,no,,0,,no,no,no
wpn_concussion_bounce_carpet,raw\sound\wpn\grenade\bounce\concussion\earth\nade_bnc_gen_03.LN65.pc.snd.wav,,loaded,bus_fx,grp_impacts,snp_hdrfx,,65,0,81,83,200,575,575,allon,default,allon,default,8,8,priority,oldest,-150,-100,80,95,0.25,1,3d,default,nonlooping,,1,0,25,225,85,0.25,no,no,none,0,,no,,,yes,no,no,0,0,yes,no,,0,,no,no,no
wpn_concussion_bounce_carpet,raw\sound\wpn\grenade\bounce\concussion\earth\nade_bnc_gen_04.LN65.pc.snd.wav,,loaded,bus_fx,grp_impacts,snp_hdrfx,,65,0,81,83,200,575,575,allon,default,allon,default,8,8,priority,oldest,-150,-100,80,95,0.25,1,3d,default,nonlooping,,1,0,25,225,85,0.25,no,no,none,0,,no,,,yes,no,no,0,0,yes,no,,0,,no,no,no
wpn_concussion_bounce_ceramic,raw\sound\wpn\grenade\bounce\concussion\earth\nade_bnc_gen_00.LN65.pc.snd.wav,,loaded,bus_fx,grp_impacts,snp_hdrfx,,65,0,81,83,200,575,575,allon,default,allon,default,8,8,priority,oldest,-150,-100,80,95,0.25,1,3d,default,nonlooping,,1,0,25,225,85,0.25,no,no,none,0,,no,,,yes,no,no,0,0,yes,no,,0,,no,no,no
wpn_concussion_bounce_ceramic,raw\sound\wpn\grenade\bounce\concussion\earth\nade_bnc_gen_01.LN65.pc.snd.wav,,loaded,bus_fx,grp_impacts,snp_hdrfx,,65,0,81,83,200,575,575,allon,default,allon,default,8,8,priority,oldest,-150,-100,80,95,0.25,1,3d,default,nonlooping,,1,0,25,225,85,0.25,no,no,none,0,,no,,,yes,no,no,0,0,yes,no,,0,,no,no,no
wpn_concussion_bounce_ceramic,raw\sound\wpn\grenade\bounce\concussion\earth\nade_bnc_gen_02.LN65.pc.snd.wav,,loaded,bus_fx,grp_impacts,snp_hdrfx,,65,0,81,83,200,575,575,allon,default,allon,default,8,8,priority,oldest,-150,-100,80,95,0.25,1,3d,default,nonlooping,,1,0,25,225,85,0.25,no,no,none,0,,no,,,yes,no,no,0,0,yes,no,,0,,no,no,no
wpn_concussion_bounce_ceramic,raw\sound\wpn\grenade\bounce\concussion\earth\nade_bnc_gen_03.LN65.pc.snd.wav,,loaded,bus_fx,grp_impacts,snp_hdrfx,,65,0,81,83,200,575,575,allon,default,allon,default,8,8,priority,oldest,-150,-100,80,95,0.25,1,3d,default,nonlooping,,1,0,25,225,85,0.25,no,no,none,0,,no,,,yes,no,no,0,0,yes,no,,0,,no,no,no
wpn_concussion_bounce_ceramic,raw\sound\wpn\grenade\bounce\concussion\earth\nade_bnc_gen_04.LN65.pc.snd.wav,,loaded,bus_fx,grp_impacts,snp_hdrfx,,65,0,81,83,200,575,575,allon,default,allon,default,8,8,priority,oldest,-150,-100,80,95,0.25,1,3d,default,nonlooping,,1,0,25,225,85,0.25,no,no,none,0,,no,,,yes,no,no,0,0,yes,no,,0,,no,no,no
wpn_concussion_bounce_cloth,raw\sound\wpn\grenade\bounce\concussion\earth\nade_bnc_gen_00.LN65.pc.snd.wav,,loaded,bus_fx,grp_impacts,snp_hdrfx,,65,0,81,83,200,575,575,allon,default,allon,default,8,8,priority,oldest,-150,-100,80,95,0.25,1,3d,default,nonlooping,,1,0,25,225,85,0.25,no,no,none,0,,no,,,yes,no,no,0,0,yes,no,,0,,no,no,no
wpn_concussion_bounce_cloth,raw\sound\wpn\grenade\bounce\concussion\earth\nade_bnc_gen_01.LN65.pc.snd.wav,,loaded,bus_fx,grp_impacts,snp_hdrfx,,65,0,81,83,200,575,575,allon,default,allon,default,8,8,priority,oldest,-150,-100,80,95,0.25,1,3d,default,nonlooping,,1,0,25,225,85,0.25,no,no,none,0,,no,,,yes,no,no,0,0,yes,no,,0,,no,no,no
wpn_concussion_bounce_cloth,raw\sound\wpn\grenade\bounce\concussion\earth\nade_bnc_gen_02.LN65.pc.snd.wav,,loaded,bus_fx,grp_impacts,snp_hdrfx,,65,0,81,83,200,575,575,allon,default,allon,default,8,8,priority,oldest,-150,-100,80,95,0.25,1,3d,default,nonlooping,,1,0,25,225,85,0.25,no,no,none,0,,no,,,yes,no,no,0,0,yes,no,,0,,no,no,no
wpn_concussion_bounce_cloth,raw\sound\wpn\grenade\bounce\concussion\earth\nade_bnc_gen_03.LN65.pc.snd.wav,,loaded,bus_fx,grp_impacts,snp_hdrfx,,65,0,81,83,200,575,575,allon,default,allon,default,8,8,priority,oldest,-150,-100,80,95,0.25,1,3d,default,nonlooping,,1,0,25,225,85,0.25,no,no,none,0,,no,,,yes,no,no,0,0,yes,no,,0,,no,no,no
wpn_concussion_bounce_cloth,raw\sound\wpn\grenade\bounce\concussion\earth\nade_bnc_gen_04.LN65.pc.snd.wav,,loaded,bus_fx,grp_impacts,snp_hdrfx,,65,0,81,83,200,575,575,allon,default,allon,default,8,8,priority,oldest,-150,-100,80,95,0.25,1,3d,default,nonlooping,,1,0,25,225,85,0.25,no,no,none,0,,no,,,yes,no,no,0,0,yes,no,,0,,no,no,no
wpn_concussion_bounce_concrete,raw\sound\wpn\grenade\bounce\concussion\earth\nade_bnc_gen_00.LN65.pc.snd.wav,,loaded,bus_fx,grp_impacts,snp_hdrfx,,65,0,81,83,200,575,575,allon,default,allon,default,8,8,priority,oldest,-150,-100,80,95,0.25,1,3d,default,nonlooping,,1,0,25,225,85,0.25,no,no,none,0,,no,,,yes,no,no,0,0,yes,no,,0,,no,no,no
wpn_concussion_bounce_concrete,raw\sound\wpn\grenade\bounce\concussion\earth\nade_bnc_gen_01.LN65.pc.snd.wav,,loaded,bus_fx,grp_impacts,snp_hdrfx,,65,0,81,83,200,575,575,allon,default,allon,default,8,8,priority,oldest,-150,-100,80,95,0.25,1,3d,default,nonlooping,,1,0,25,225,85,0.25,no,no,none,0,,no,,,yes,no,no,0,0,yes,no,,0,,no,no,no
wpn_concussion_bounce_concrete,raw\sound\wpn\grenade\bounce\concussion\earth\nade_bnc_gen_02.LN65.pc.snd.wav,,loaded,bus_fx,grp_impacts,snp_hdrfx,,65,0,81,83,200,575,575,allon,default,allon,default,8,8,priority,oldest,-150,-100,80,95,0.25,1,3d,default,nonlooping,,1,0,25,225,85,0.25,no,no,none,0,,no,,,yes,no,no,0,0,yes,no,,0,,no,no,no
wpn_concussion_bounce_concrete,raw\sound\wpn\grenade\bounce\concussion\earth\nade_bnc_gen_03.LN65.pc.snd.wav,,loaded,bus_fx,grp_impacts,snp_hdrfx,,65,0,81,83,200,575,575,allon,default,allon,default,8,8,priority,oldest,-150,-100,80,95,0.25,1,3d,default,nonlooping,,1,0,25,225,85,0.25,no,no,none,0,,no,,,yes,no,no,0,0,yes,no,,0,,no,no,no
wpn_concussion_bounce_concrete,raw\sound\wpn\grenade\bounce\concussion\earth\nade_bnc_gen_04.LN65.pc.snd.wav,,loaded,bus_fx,grp_impacts,snp_hdrfx,,65,0,81,83,200,575,575,allon,default,allon,default,8,8,priority,oldest,-150,-100,80,95,0.25,1,3d,default,nonlooping,,1,0,25,225,85,0.25,no,no,none,0,,no,,,yes,no,no,0,0,yes,no,,0,,no,no,no
wpn_concussion_bounce_cushion,raw\sound\wpn\grenade\bounce\concussion\earth\nade_bnc_gen_00.LN65.pc.snd.wav,,loaded,bus_fx,grp_impacts,snp_hdrfx,,65,0,81,83,200,575,575,allon,default,allon,default,8,8,priority,oldest,-150,-100,80,95,0.25,1,3d,default,nonlooping,,1,0,25,225,85,0.25,no,no,none,0,,no,,,yes,no,no,0,0,yes,no,,0,,no,no,no
wpn_concussion_bounce_cushion,raw\sound\wpn\grenade\bounce\concussion\earth\nade_bnc_gen_01.LN65.pc.snd.wav,,loaded,bus_fx,grp_impacts,snp_hdrfx,,65,0,81,83,200,575,575,allon,default,allon,default,8,8,priority,oldest,-150,-100,80,95,0.25,1,3d,default,nonlooping,,1,0,25,225,85,0.25,no,no,none,0,,no,,,yes,no,no,0,0,yes,no,,0,,no,no,no
wpn_concussion_bounce_cushion,raw\sound\wpn\grenade\bounce\concussion\earth\nade_bnc_gen_02.LN65.pc.snd.wav,,loaded,bus_fx,grp_impacts,snp_hdrfx,,65,0,81,83,200,575,575,allon,default,allon,default,8,8,priority,oldest,-150,-100,80,95,0.25,1,3d,default,nonlooping,,1,0,25,225,85,0.25,no,no,none,0,,no,,,yes,no,no,0,0,yes,no,,0,,no,no,no
wpn_concussion_bounce_cushion,raw\sound\wpn\grenade\bounce\concussion\earth\nade_bnc_gen_03.LN65.pc.snd.wav,,loaded,bus_fx,grp_impacts,snp_hdrfx,,65,0,81,83,200,575,575,allon,default,allon,default,8,8,priority,oldest,-150,-100,80,95,0.25,1,3d,default,nonlooping,,1,0,25,225,85,0.25,no,no,none,0,,no,,,yes,no,no,0,0,yes,no,,0,,no,no,no
wpn_concussion_bounce_cushion,raw\sound\wpn\grenade\bounce\concussion\earth\nade_bnc_gen_04.LN65.pc.snd.wav,,loaded,bus_fx,grp_impacts,snp_hdrfx,,65,0,81,83,200,575,575,allon,default,allon,default,8,8,priority,oldest,-150,-100,80,95,0.25,1,3d,default,nonlooping,,1,0,25,225,85,0.25,no,no,none,0,,no,,,yes,no,no,0,0,yes,no,,0,,no,no,no
wpn_concussion_bounce_default,raw\sound\wpn\grenade\bounce\concussion\earth\nade_bnc_gen_00.LN65.pc.snd.wav,,loaded,bus_fx,grp_impacts,snp_hdrfx,,65,0,81,83,200,575,575,allon,default,allon,default,8,8,priority,oldest,-150,-100,80,95,0.25,1,3d,default,nonlooping,,1,0,25,225,85,0.25,no,no,none,0,,no,,,yes,no,no,0,0,yes,no,,0,,no,no,no
wpn_concussion_bounce_default,raw\sound\wpn\grenade\bounce\concussion\earth\nade_bnc_gen_01.LN65.pc.snd.wav,,loaded,bus_fx,grp_impacts,snp_hdrfx,,65,0,81,83,200,575,575,allon,default,allon,default,8,8,priority,oldest,-150,-100,80,95,0.25,1,3d,default,nonlooping,,1,0,25,225,85,0.25,no,no,none,0,,no,,,yes,no,no,0,0,yes,no,,0,,no,no,no
wpn_concussion_bounce_default,raw\sound\wpn\grenade\bounce\concussion\earth\nade_bnc_gen_02.LN65.pc.snd.wav,,loaded,bus_fx,grp_impacts,snp_hdrfx,,65,0,81,83,200,575,575,allon,default,allon,default,8,8,priority,oldest,-150,-100,80,95,0.25,1,3d,default,nonlooping,,1,0,25,225,85,0.25,no,no,none,0,,no,,,yes,no,no,0,0,yes,no,,0,,no,no,no
wpn_concussion_bounce_default,raw\sound\wpn\grenade\bounce\concussion\earth\nade_bnc_gen_03.LN65.pc.snd.wav,,loaded,bus_fx,grp_impacts,snp_hdrfx,,65,0,81,83,200,575,575,allon,default,allon,default,8,8,priority,oldest,-150,-100,80,95,0.25,1,3d,default,nonlooping,,1,0,25,225,85,0.25,no,no,none,0,,no,,,yes,no,no,0,0,yes,no,,0,,no,no,no
wpn_concussion_bounce_default,raw\sound\wpn\grenade\bounce\concussion\earth\nade_bnc_gen_04.LN65.pc.snd.wav,,loaded,bus_fx,grp_impacts,snp_hdrfx,,65,0,81,83,200,575,575,allon,default,allon,default,8,8,priority,oldest,-150,-100,80,95,0.25,1,3d,default,nonlooping,,1,0,25,225,85,0.25,no,no,none,0,,no,,,yes,no,no,0,0,yes,no,,0,,no,no,no
wpn_concussion_bounce_dirt,raw\sound\wpn\grenade\bounce\concussion\earth\nade_bnc_gen_00.LN65.pc.snd.wav,,loaded,bus_fx,grp_impacts,snp_hdrfx,,65,0,81,83,200,575,575,allon,default,allon,default,8,8,priority,oldest,-150,-100,80,95,0.25,1,3d,default,nonlooping,,1,0,25,225,85,0.25,no,no,none,0,,no,,,yes,no,no,0,0,yes,no,,0,,no,no,no
wpn_concussion_bounce_dirt,raw\sound\wpn\grenade\bounce\concussion\earth\nade_bnc_gen_01.LN65.pc.snd.wav,,loaded,bus_fx,grp_impacts,snp_hdrfx,,65,0,81,83,200,575,575,allon,default,allon,default,8,8,priority,oldest,-150,-100,80,95,0.25,1,3d,default,nonlooping,,1,0,25,225,85,0.25,no,no,none,0,,no,,,yes,no,no,0,0,yes,no,,0,,no,no,no
wpn_concussion_bounce_dirt,raw\sound\wpn\grenade\bounce\concussion\earth\nade_bnc_gen_02.LN65.pc.snd.wav,,loaded,bus_fx,grp_impacts,snp_hdrfx,,65,0,81,83,200,575,575,allon,default,allon,default,8,8,priority,oldest,-150,-100,80,95,0.25,1,3d,default,nonlooping,,1,0,25,225,85,0.25,no,no,none,0,,no,,,yes,no,no,0,0,yes,no,,0,,no,no,no
wpn_concussion_bounce_dirt,raw\sound\wpn\grenade\bounce\concussion\earth\nade_bnc_gen_03.LN65.pc.snd.wav,,loaded,bus_fx,grp_impacts,snp_hdrfx,,65,0,81,83,200,575,575,allon,default,allon,default,8,8,priority,oldest,-150,-100,80,95,0.25,1,3d,default,nonlooping,,1,0,25,225,85,0.25,no,no,none,0,,no,,,yes,no,no,0,0,yes,no,,0,,no,no,no
wpn_concussion_bounce_dirt,raw\sound\wpn\grenade\bounce\concussion\earth\nade_bnc_gen_04.LN65.pc.snd.wav,,loaded,bus_fx,grp_impacts,snp_hdrfx,,65,0,81,83,200,575,575,allon,default,allon,default,8,8,priority,oldest,-150,-100,80,95,0.25,1,3d,default,nonlooping,,1,0,25,225,85,0.25,no,no,none,0,,no,,,yes,no,no,0,0,yes,no,,0,,no,no,no
wpn_concussion_bounce_flesh,raw\sound\wpn\grenade\bounce\concussion\earth\nade_bnc_gen_00.LN65.pc.snd.wav,,loaded,bus_fx,grp_impacts,snp_hdrfx,,65,0,81,83,200,575,575,allon,default,allon,default,8,8,priority,oldest,-150,-100,80,95,0.25,1,3d,default,nonlooping,,1,0,25,225,85,0.25,no,no,none,0,,no,,,yes,no,no,0,0,yes,no,,0,,no,no,no
wpn_concussion_bounce_flesh,raw\sound\wpn\grenade\bounce\concussion\earth\nade_bnc_gen_01.LN65.pc.snd.wav,,loaded,bus_fx,grp_impacts,snp_hdrfx,,65,0,81,83,200,575,575,allon,default,allon,default,8,8,priority,oldest,-150,-100,80,95,0.25,1,3d,default,nonlooping,,1,0,25,225,85,0.25,no,no,none,0,,no,,,yes,no,no,0,0,yes,no,,0,,no,no,no
wpn_concussion_bounce_flesh,raw\sound\wpn\grenade\bounce\concussion\earth\nade_bnc_gen_02.LN65.pc.snd.wav,,loaded,bus_fx,grp_impacts,snp_hdrfx,,65,0,81,83,200,575,575,allon,default,allon,default,8,8,priority,oldest,-150,-100,80,95,0.25,1,3d,default,nonlooping,,1,0,25,225,85,0.25,no,no,none,0,,no,,,yes,no,no,0,0,yes,no,,0,,no,no,no
wpn_concussion_bounce_flesh,raw\sound\wpn\grenade\bounce\concussion\earth\nade_bnc_gen_03.LN65.pc.snd.wav,,loaded,bus_fx,grp_impacts,snp_hdrfx,,65,0,81,83,200,575,575,allon,default,allon,default,8,8,priority,oldest,-150,-100,80,95,0.25,1,3d,default,nonlooping,,1,0,25,225,85,0.25,no,no,none,0,,no,,,yes,no,no,0,0,yes,no,,0,,no,no,no
wpn_concussion_bounce_flesh,raw\sound\wpn\grenade\bounce\concussion\earth\nade_bnc_gen_04.LN65.pc.snd.wav,,loaded,bus_fx,grp_impacts,snp_hdrfx,,65,0,81,83,200,575,575,allon,default,allon,default,8,8,priority,oldest,-150,-100,80,95,0.25,1,3d,default,nonlooping,,1,0,25,225,85,0.25,no,no,none,0,,no,,,yes,no,no,0,0,yes,no,,0,,no,no,no
wpn_concussion_bounce_foliage,raw\sound\wpn\grenade\bounce\concussion\earth\nade_bnc_gen_00.LN65.pc.snd.wav,,loaded,bus_fx,grp_impacts,snp_hdrfx,,65,0,81,83,200,575,575,allon,default,allon,default,8,8,priority,oldest,-150,-100,80,95,0.25,1,3d,default,nonlooping,,1,0,25,225,85,0.25,no,no,none,0,,no,,,yes,no,no,0,0,yes,no,,0,,no,no,no
wpn_concussion_bounce_foliage,raw\sound\wpn\grenade\bounce\concussion\earth\nade_bnc_gen_01.LN65.pc.snd.wav,,loaded,bus_fx,grp_impacts,snp_hdrfx,,65,0,81,83,200,575,575,allon,default,allon,default,8,8,priority,oldest,-150,-100,80,95,0.25,1,3d,default,nonlooping,,1,0,25,225,85,0.25,no,no,none,0,,no,,,yes,no,no,0,0,yes,no,,0,,no,no,no
wpn_concussion_bounce_foliage,raw\sound\wpn\grenade\bounce\concussion\earth\nade_bnc_gen_02.LN65.pc.snd.wav,,loaded,bus_fx,grp_impacts,snp_hdrfx,,65,0,81,83,200,575,575,allon,default,allon,default,8,8,priority,oldest,-150,-100,80,95,0.25,1,3d,default,nonlooping,,1,0,25,225,85,0.25,no,no,none,0,,no,,,yes,no,no,0,0,yes,no,,0,,no,no,no
wpn_concussion_bounce_foliage,raw\sound\wpn\grenade\bounce\concussion\earth\nade_bnc_gen_03.LN65.pc.snd.wav,,loaded,bus_fx,grp_impacts,snp_hdrfx,,65,0,81,83,200,575,575,allon,default,allon,default,8,8,priority,oldest,-150,-100,80,95,0.25,1,3d,default,nonlooping,,1,0,25,225,85,0.25,no,no,none,0,,no,,,yes,no,no,0,0,yes,no,,0,,no,no,no
wpn_concussion_bounce_foliage,raw\sound\wpn\grenade\bounce\concussion\earth\nade_bnc_gen_04.LN65.pc.snd.wav,,loaded,bus_fx,grp_impacts,snp_hdrfx,,65,0,81,83,200,575,575,allon,default,allon,default,8,8,priority,oldest,-150,-100,80,95,0.25,1,3d,default,nonlooping,,1,0,25,225,85,0.25,no,no,none,0,,no,,,yes,no,no,0,0,yes,no,,0,,no,no,no
wpn_concussion_bounce_fruit,raw\sound\wpn\grenade\bounce\concussion\earth\nade_bnc_gen_00.LN65.pc.snd.wav,,loaded,bus_fx,grp_impacts,snp_hdrfx,,65,0,81,83,200,575,575,allon,default,allon,default,8,8,priority,oldest,-182,84,80,95,0.25,1,3d,default,nonlooping,,1,0,25,225,85,0.25,no,no,none,0,,no,,,yes,no,no,0,0,yes,no,,0,,no,no,no
wpn_concussion_bounce_fruit,raw\sound\wpn\grenade\bounce\concussion\earth\nade_bnc_gen_01.LN65.pc.snd.wav,,loaded,bus_fx,grp_impacts,snp_hdrfx,,65,0,81,83,200,575,575,allon,default,allon,default,8,8,priority,oldest,-182,84,80,95,0.25,1,3d,default,nonlooping,,1,0,25,225,85,0.25,no,no,none,0,,no,,,yes,no,no,0,0,yes,no,,0,,no,no,no
wpn_concussion_bounce_fruit,raw\sound\wpn\grenade\bounce\concussion\earth\nade_bnc_gen_02.LN65.pc.snd.wav,,loaded,bus_fx,grp_impacts,snp_hdrfx,,65,0,81,83,200,575,575,allon,default,allon,default,8,8,priority,oldest,-182,84,80,95,0.25,1,3d,default,nonlooping,,1,0,25,225,85,0.25,no,no,none,0,,no,,,yes,no,no,0,0,yes,no,,0,,no,no,no
wpn_concussion_bounce_fruit,raw\sound\wpn\grenade\bounce\concussion\earth\nade_bnc_gen_03.LN65.pc.snd.wav,,loaded,bus_fx,grp_impacts,snp_hdrfx,,65,0,81,83,200,575,575,allon,default,allon,default,8,8,priority,oldest,-182,84,80,95,0.25,1,3d,default,nonlooping,,1,0,25,225,85,0.25,no,no,none,0,,no,,,yes,no,no,0,0,yes,no,,0,,no,no,no
wpn_concussion_bounce_fruit,raw\sound\wpn\grenade\bounce\concussion\earth\nade_bnc_gen_04.LN65.pc.snd.wav,,loaded,bus_fx,grp_impacts,snp_hdrfx,,65,0,81,83,200,575,575,allon,default,allon,default,8,8,priority,oldest,-182,84,80,95,0.25,1,3d,default,nonlooping,,1,0,25,225,85,0.25,no,no,none,0,,no,,,yes,no,no,0,0,yes,no,,0,,no,no,no
wpn_concussion_bounce_glass,raw\sound\wpn\grenade\bounce\concussion\earth\nade_bnc_gen_00.LN65.pc.snd.wav,,loaded,bus_fx,grp_impacts,snp_hdrfx,,65,0,81,83,200,575,575,allon,default,allon,default,8,8,priority,oldest,-150,-100,80,95,0.25,1,3d,default,nonlooping,,1,0,25,225,85,0.25,no,no,none,0,,no,,,yes,no,no,0,0,yes,no,,0,,no,no,no
wpn_concussion_bounce_glass,raw\sound\wpn\grenade\bounce\concussion\earth\nade_bnc_gen_01.LN65.pc.snd.wav,,loaded,bus_fx,grp_impacts,snp_hdrfx,,65,0,81,83,200,575,575,allon,default,allon,default,8,8,priority,oldest,-150,-100,80,95,0.25,1,3d,default,nonlooping,,1,0,25,225,85,0.25,no,no,none,0,,no,,,yes,no,no,0,0,yes,no,,0,,no,no,no
wpn_concussion_bounce_glass,raw\sound\wpn\grenade\bounce\concussion\earth\nade_bnc_gen_02.LN65.pc.snd.wav,,loaded,bus_fx,grp_impacts,snp_hdrfx,,65,0,81,83,200,575,575,allon,default,allon,default,8,8,priority,oldest,-150,-100,80,95,0.25,1,3d,default,nonlooping,,1,0,25,225,85,0.25,no,no,none,0,,no,,,yes,no,no,0,0,yes,no,,0,,no,no,no
wpn_concussion_bounce_glass,raw\sound\wpn\grenade\bounce\concussion\earth\nade_bnc_gen_03.LN65.pc.snd.wav,,loaded,bus_fx,grp_impacts,snp_hdrfx,,65,0,81,83,200,575,575,allon,default,allon,default,8,8,priority,oldest,-150,-100,80,95,0.25,1,3d,default,nonlooping,,1,0,25,225,85,0.25,no,no,none,0,,no,,,yes,no,no,0,0,yes,no,,0,,no,no,no
wpn_concussion_bounce_glass,raw\sound\wpn\grenade\bounce\concussion\earth\nade_bnc_gen_04.LN65.pc.snd.wav,,loaded,bus_fx,grp_impacts,snp_hdrfx,,65,0,81,83,200,575,575,allon,default,allon,default,8,8,priority,oldest,-150,-100,80,95,0.25,1,3d,default,nonlooping,,1,0,25,225,85,0.25,no,no,none,0,,no,,,yes,no,no,0,0,yes,no,,0,,no,no,no
wpn_concussion_bounce_grass,raw\sound\wpn\grenade\bounce\concussion\earth\nade_bnc_gen_00.LN65.pc.snd.wav,,loaded,bus_fx,grp_impacts,snp_hdrfx,,65,0,81,83,200,575,575,allon,default,allon,default,8,8,priority,oldest,-150,-100,80,95,0.25,1,3d,default,nonlooping,,1,0,25,225,85,0.25,no,no,none,0,,no,,,yes,no,no,0,0,yes,no,,0,,no,no,no
wpn_concussion_bounce_grass,raw\sound\wpn\grenade\bounce\concussion\earth\nade_bnc_gen_01.LN65.pc.snd.wav,,loaded,bus_fx,grp_impacts,snp_hdrfx,,65,0,81,83,200,575,575,allon,default,allon,default,8,8,priority,oldest,-150,-100,80,95,0.25,1,3d,default,nonlooping,,1,0,25,225,85,0.25,no,no,none,0,,no,,,yes,no,no,0,0,yes,no,,0,,no,no,no
wpn_concussion_bounce_grass,raw\sound\wpn\grenade\bounce\concussion\earth\nade_bnc_gen_02.LN65.pc.snd.wav,,loaded,bus_fx,grp_impacts,snp_hdrfx,,65,0,81,83,200,575,575,allon,default,allon,default,8,8,priority,oldest,-150,-100,80,95,0.25,1,3d,default,nonlooping,,1,0,25,225,85,0.25,no,no,none,0,,no,,,yes,no,no,0,0,yes,no,,0,,no,no,no
wpn_concussion_bounce_grass,raw\sound\wpn\grenade\bounce\concussion\earth\nade_bnc_gen_03.LN65.pc.snd.wav,,loaded,bus_fx,grp_impacts,snp_hdrfx,,65,0,81,83,200,575,575,allon,default,allon,default,8,8,priority,oldest,-150,-100,80,95,0.25,1,3d,default,nonlooping,,1,0,25,225,85,0.25,no,no,none,0,,no,,,yes,no,no,0,0,yes,no,,0,,no,no,no
wpn_concussion_bounce_grass,raw\sound\wpn\grenade\bounce\concussion\earth\nade_bnc_gen_04.LN65.pc.snd.wav,,loaded,bus_fx,grp_impacts,snp_hdrfx,,65,0,81,83,200,575,575,allon,default,allon,default,8,8,priority,oldest,-150,-100,80,95,0.25,1,3d,default,nonlooping,,1,0,25,225,85,0.25,no,no,none,0,,no,,,yes,no,no,0,0,yes,no,,0,,no,no,no
wpn_concussion_bounce_gravel,raw\sound\wpn\grenade\bounce\concussion\earth\nade_bnc_gen_00.LN65.pc.snd.wav,,loaded,bus_fx,grp_impacts,snp_hdrfx,,65,0,81,83,200,575,575,allon,default,allon,default,8,8,priority,oldest,-150,-100,80,95,0.25,1,3d,default,nonlooping,,1,0,25,225,85,0.25,no,no,none,0,,no,,,yes,no,no,0,0,yes,no,,0,,no,no,no
wpn_concussion_bounce_gravel,raw\sound\wpn\grenade\bounce\concussion\earth\nade_bnc_gen_01.LN65.pc.snd.wav,,loaded,bus_fx,grp_impacts,snp_hdrfx,,65,0,81,83,200,575,575,allon,default,allon,default,8,8,priority,oldest,-150,-100,80,95,0.25,1,3d,default,nonlooping,,1,0,25,225,85,0.25,no,no,none,0,,no,,,yes,no,no,0,0,yes,no,,0,,no,no,no
wpn_concussion_bounce_gravel,raw\sound\wpn\grenade\bounce\concussion\earth\nade_bnc_gen_02.LN65.pc.snd.wav,,loaded,bus_fx,grp_impacts,snp_hdrfx,,65,0,81,83,200,575,575,allon,default,allon,default,8,8,priority,oldest,-150,-100,80,95,0.25,1,3d,default,nonlooping,,1,0,25,225,85,0.25,no,no,none,0,,no,,,yes,no,no,0,0,yes,no,,0,,no,no,no
wpn_concussion_bounce_gravel,raw\sound\wpn\grenade\bounce\concussion\earth\nade_bnc_gen_03.LN65.pc.snd.wav,,loaded,bus_fx,grp_impacts,snp_hdrfx,,65,0,81,83,200,575,575,allon,default,allon,default,8,8,priority,oldest,-150,-100,80,95,0.25,1,3d,default,nonlooping,,1,0,25,225,85,0.25,no,no,none,0,,no,,,yes,no,no,0,0,yes,no,,0,,no,no,no
wpn_concussion_bounce_gravel,raw\sound\wpn\grenade\bounce\concussion\earth\nade_bnc_gen_04.LN65.pc.snd.wav,,loaded,bus_fx,grp_impacts,snp_hdrfx,,65,0,81,83,200,575,575,allon,default,allon,default,8,8,priority,oldest,-150,-100,80,95,0.25,1,3d,default,nonlooping,,1,0,25,225,85,0.25,no,no,none,0,,no,,,yes,no,no,0,0,yes,no,,0,,no,no,no
wpn_concussion_bounce_ice,raw\sound\wpn\grenade\bounce\concussion\earth\nade_bnc_gen_00.LN65.pc.snd.wav,,loaded,bus_fx,grp_impacts,snp_hdrfx,,65,0,81,83,200,575,575,allon,default,allon,default,8,8,priority,oldest,-150,-100,80,95,0.25,1,3d,default,nonlooping,,1,0,25,225,85,0.25,no,no,none,0,,no,,,yes,no,no,0,0,yes,no,,0,,no,no,no
wpn_concussion_bounce_ice,raw\sound\wpn\grenade\bounce\concussion\earth\nade_bnc_gen_01.LN65.pc.snd.wav,,loaded,bus_fx,grp_impacts,snp_hdrfx,,65,0,81,83,200,575,575,allon,default,allon,default,8,8,priority,oldest,-150,-100,80,95,0.25,1,3d,default,nonlooping,,1,0,25,225,85,0.25,no,no,none,0,,no,,,yes,no,no,0,0,yes,no,,0,,no,no,no
wpn_concussion_bounce_ice,raw\sound\wpn\grenade\bounce\concussion\earth\nade_bnc_gen_02.LN65.pc.snd.wav,,loaded,bus_fx,grp_impacts,snp_hdrfx,,65,0,81,83,200,575,575,allon,default,allon,default,8,8,priority,oldest,-150,-100,80,95,0.25,1,3d,default,nonlooping,,1,0,25,225,85,0.25,no,no,none,0,,no,,,yes,no,no,0,0,yes,no,,0,,no,no,no
wpn_concussion_bounce_ice,raw\sound\wpn\grenade\bounce\concussion\earth\nade_bnc_gen_03.LN65.pc.snd.wav,,loaded,bus_fx,grp_impacts,snp_hdrfx,,65,0,81,83,200,575,575,allon,default,allon,default,8,8,priority,oldest,-150,-100,80,95,0.25,1,3d,default,nonlooping,,1,0,25,225,85,0.25,no,no,none,0,,no,,,yes,no,no,0,0,yes,no,,0,,no,no,no
wpn_concussion_bounce_ice,raw\sound\wpn\grenade\bounce\concussion\earth\nade_bnc_gen_04.LN65.pc.snd.wav,,loaded,bus_fx,grp_impacts,snp_hdrfx,,65,0,81,83,200,575,575,allon,default,allon,default,8,8,priority,oldest,-150,-100,80,95,0.25,1,3d,default,nonlooping,,1,0,25,225,85,0.25,no,no,none,0,,no,,,yes,no,no,0,0,yes,no,,0,,no,no,no
wpn_concussion_bounce_metal,raw\sound\wpn\grenade\bounce\concussion\earth\nade_bnc_gen_00.LN65.pc.snd.wav,,loaded,bus_fx,grp_impacts,snp_hdrfx,,65,0,81,83,200,575,575,allon,default,allon,default,8,8,priority,oldest,-150,-100,80,95,0.25,1,3d,default,nonlooping,,1,0,25,225,85,0.25,no,no,none,0,,no,,,yes,no,no,0,0,yes,no,,0,,no,no,no
wpn_concussion_bounce_metal,raw\sound\wpn\grenade\bounce\concussion\earth\nade_bnc_gen_01.LN65.pc.snd.wav,,loaded,bus_fx,grp_impacts,snp_hdrfx,,65,0,81,83,200,575,575,allon,default,allon,default,8,8,priority,oldest,-150,-100,80,95,0.25,1,3d,default,nonlooping,,1,0,25,225,85,0.25,no,no,none,0,,no,,,yes,no,no,0,0,yes,no,,0,,no,no,no
wpn_concussion_bounce_metal,raw\sound\wpn\grenade\bounce\concussion\earth\nade_bnc_gen_02.LN65.pc.snd.wav,,loaded,bus_fx,grp_impacts,snp_hdrfx,,65,0,81,83,200,575,575,allon,default,allon,default,8,8,priority,oldest,-150,-100,80,95,0.25,1,3d,default,nonlooping,,1,0,25,225,85,0.25,no,no,none,0,,no,,,yes,no,no,0,0,yes,no,,0,,no,no,no
wpn_concussion_bounce_metal,raw\sound\wpn\grenade\bounce\concussion\earth\nade_bnc_gen_03.LN65.pc.snd.wav,,loaded,bus_fx,grp_impacts,snp_hdrfx,,65,0,81,83,200,575,575,allon,default,allon,default,8,8,priority,oldest,-150,-100,80,95,0.25,1,3d,default,nonlooping,,1,0,25,225,85,0.25,no,no,none,0,,no,,,yes,no,no,0,0,yes,no,,0,,no,no,no
wpn_concussion_bounce_metal,raw\sound\wpn\grenade\bounce\concussion\earth\nade_bnc_gen_04.LN65.pc.snd.wav,,loaded,bus_fx,grp_impacts,snp_hdrfx,,65,0,81,83,200,575,575,allon,default,allon,default,8,8,priority,oldest,-150,-100,80,95,0.25,1,3d,default,nonlooping,,1,0,25,225,85,0.25,no,no,none,0,,no,,,yes,no,no,0,0,yes,no,,0,,no,no,no
wpn_concussion_bounce_mud,raw\sound\wpn\grenade\bounce\concussion\earth\nade_bnc_gen_00.LN65.pc.snd.wav,,loaded,bus_fx,grp_impacts,snp_hdrfx,,65,0,81,83,200,575,575,allon,default,allon,default,8,8,priority,oldest,-150,-100,80,95,0.25,1,3d,default,nonlooping,,1,0,25,225,85,0.25,no,no,none,0,,no,,,yes,no,no,0,0,yes,no,,0,,no,no,no
wpn_concussion_bounce_mud,raw\sound\wpn\grenade\bounce\concussion\earth\nade_bnc_gen_01.LN65.pc.snd.wav,,loaded,bus_fx,grp_impacts,snp_hdrfx,,65,0,81,83,200,575,575,allon,default,allon,default,8,8,priority,oldest,-150,-100,80,95,0.25,1,3d,default,nonlooping,,1,0,25,225,85,0.25,no,no,none,0,,no,,,yes,no,no,0,0,yes,no,,0,,no,no,no
wpn_concussion_bounce_mud,raw\sound\wpn\grenade\bounce\concussion\earth\nade_bnc_gen_02.LN65.pc.snd.wav,,loaded,bus_fx,grp_impacts,snp_hdrfx,,65,0,81,83,200,575,575,allon,default,allon,default,8,8,priority,oldest,-150,-100,80,95,0.25,1,3d,default,nonlooping,,1,0,25,225,85,0.25,no,no,none,0,,no,,,yes,no,no,0,0,yes,no,,0,,no,no,no
wpn_concussion_bounce_mud,raw\sound\wpn\grenade\bounce\concussion\earth\nade_bnc_gen_03.LN65.pc.snd.wav,,loaded,bus_fx,grp_impacts,snp_hdrfx,,65,0,81,83,200,575,575,allon,default,allon,default,8,8,priority,oldest,-150,-100,80,95,0.25,1,3d,default,nonlooping,,1,0,25,225,85,0.25,no,no,none,0,,no,,,yes,no,no,0,0,yes,no,,0,,no,no,no
wpn_concussion_bounce_mud,raw\sound\wpn\grenade\bounce\concussion\earth\nade_bnc_gen_04.LN65.pc.snd.wav,,loaded,bus_fx,grp_impacts,snp_hdrfx,,65,0,81,83,200,575,575,allon,default,allon,default,8,8,priority,oldest,-150,-100,80,95,0.25,1,3d,default,nonlooping,,1,0,25,225,85,0.25,no,no,none,0,,no,,,yes,no,no,0,0,yes,no,,0,,no,no,no
wpn_concussion_bounce_paintedmetal,raw\sound\wpn\grenade\bounce\concussion\earth\nade_bnc_gen_00.LN65.pc.snd.wav,,loaded,bus_fx,grp_impacts,snp_hdrfx,,65,0,81,83,200,575,575,allon,default,allon,default,8,8,priority,oldest,-182,84,80,95,0.25,1,3d,default,nonlooping,,1,0,25,225,85,0.25,no,no,none,0,,no,,,yes,no,no,0,0,yes,no,,0,,no,no,no
wpn_concussion_bounce_paintedmetal,raw\sound\wpn\grenade\bounce\concussion\earth\nade_bnc_gen_01.LN65.pc.snd.wav,,loaded,bus_fx,grp_impacts,snp_hdrfx,,65,0,81,83,200,575,575,allon,default,allon,default,8,8,priority,oldest,-182,84,80,95,0.25,1,3d,default,nonlooping,,1,0,25,225,85,0.25,no,no,none,0,,no,,,yes,no,no,0,0,yes,no,,0,,no,no,no
wpn_concussion_bounce_paintedmetal,raw\sound\wpn\grenade\bounce\concussion\earth\nade_bnc_gen_02.LN65.pc.snd.wav,,loaded,bus_fx,grp_impacts,snp_hdrfx,,65,0,81,83,200,575,575,allon,default,allon,default,8,8,priority,oldest,-182,84,80,95,0.25,1,3d,default,nonlooping,,1,0,25,225,85,0.25,no,no,none,0,,no,,,yes,no,no,0,0,yes,no,,0,,no,no,no
wpn_concussion_bounce_paintedmetal,raw\sound\wpn\grenade\bounce\concussion\earth\nade_bnc_gen_03.LN65.pc.snd.wav,,loaded,bus_fx,grp_impacts,snp_hdrfx,,65,0,81,83,200,575,575,allon,default,allon,default,8,8,priority,oldest,-182,84,80,95,0.25,1,3d,default,nonlooping,,1,0,25,225,85,0.25,no,no,none,0,,no,,,yes,no,no,0,0,yes,no,,0,,no,no,no
wpn_concussion_bounce_paintedmetal,raw\sound\wpn\grenade\bounce\concussion\earth\nade_bnc_gen_04.LN65.pc.snd.wav,,loaded,bus_fx,grp_impacts,snp_hdrfx,,65,0,81,83,200,575,575,allon,default,allon,default,8,8,priority,oldest,-182,84,80,95,0.25,1,3d,default,nonlooping,,1,0,25,225,85,0.25,no,no,none,0,,no,,,yes,no,no,0,0,yes,no,,0,,no,no,no
wpn_concussion_bounce_paper,raw\sound\wpn\grenade\bounce\concussion\earth\nade_bnc_gen_00.LN65.pc.snd.wav,,loaded,bus_fx,grp_impacts,snp_hdrfx,,65,0,81,83,200,575,575,allon,default,allon,default,8,8,priority,oldest,-150,-100,80,95,0.25,1,3d,default,nonlooping,,1,0,25,225,85,0.25,no,no,none,0,,no,,,yes,no,no,0,0,yes,no,,0,,no,no,no
wpn_concussion_bounce_paper,raw\sound\wpn\grenade\bounce\concussion\earth\nade_bnc_gen_01.LN65.pc.snd.wav,,loaded,bus_fx,grp_impacts,snp_hdrfx,,65,0,81,83,200,575,575,allon,default,allon,default,8,8,priority,oldest,-150,-100,80,95,0.25,1,3d,default,nonlooping,,1,0,25,225,85,0.25,no,no,none,0,,no,,,yes,no,no,0,0,yes,no,,0,,no,no,no
wpn_concussion_bounce_paper,raw\sound\wpn\grenade\bounce\concussion\earth\nade_bnc_gen_02.LN65.pc.snd.wav,,loaded,bus_fx,grp_impacts,snp_hdrfx,,65,0,81,83,200,575,575,allon,default,allon,default,8,8,priority,oldest,-150,-100,80,95,0.25,1,3d,default,nonlooping,,1,0,25,225,85,0.25,no,no,none,0,,no,,,yes,no,no,0,0,yes,no,,0,,no,no,no
wpn_concussion_bounce_paper,raw\sound\wpn\grenade\bounce\concussion\earth\nade_bnc_gen_03.LN65.pc.snd.wav,,loaded,bus_fx,grp_impacts,snp_hdrfx,,65,0,81,83,200,575,575,allon,default,allon,default,8,8,priority,oldest,-150,-100,80,95,0.25,1,3d,default,nonlooping,,1,0,25,225,85,0.25,no,no,none,0,,no,,,yes,no,no,0,0,yes,no,,0,,no,no,no
wpn_concussion_bounce_paper,raw\sound\wpn\grenade\bounce\concussion\earth\nade_bnc_gen_04.LN65.pc.snd.wav,,loaded,bus_fx,grp_impacts,snp_hdrfx,,65,0,81,83,200,575,575,allon,default,allon,default,8,8,priority,oldest,-150,-100,80,95,0.25,1,3d,default,nonlooping,,1,0,25,225,85,0.25,no,no,none,0,,no,,,yes,no,no,0,0,yes,no,,0,,no,no,no
wpn_concussion_bounce_plaster,raw\sound\wpn\grenade\bounce\concussion\earth\nade_bnc_gen_00.LN65.pc.snd.wav,,loaded,bus_fx,grp_impacts,snp_hdrfx,,65,0,81,83,200,575,575,allon,default,allon,default,8,8,priority,oldest,-150,-100,80,95,0.25,1,3d,default,nonlooping,,1,0,25,225,85,0.25,no,no,none,0,,no,,,yes,no,no,0,0,yes,no,,0,,no,no,no
wpn_concussion_bounce_plaster,raw\sound\wpn\grenade\bounce\concussion\earth\nade_bnc_gen_01.LN65.pc.snd.wav,,loaded,bus_fx,grp_impacts,snp_hdrfx,,65,0,81,83,200,575,575,allon,default,allon,default,8,8,priority,oldest,-150,-100,80,95,0.25,1,3d,default,nonlooping,,1,0,25,225,85,0.25,no,no,none,0,,no,,,yes,no,no,0,0,yes,no,,0,,no,no,no
wpn_concussion_bounce_plaster,raw\sound\wpn\grenade\bounce\concussion\earth\nade_bnc_gen_02.LN65.pc.snd.wav,,loaded,bus_fx,grp_impacts,snp_hdrfx,,65,0,81,83,200,575,575,allon,default,allon,default,8,8,priority,oldest,-150,-100,80,95,0.25,1,3d,default,nonlooping,,1,0,25,225,85,0.25,no,no,none,0,,no,,,yes,no,no,0,0,yes,no,,0,,no,no,no
wpn_concussion_bounce_plaster,raw\sound\wpn\grenade\bounce\concussion\earth\nade_bnc_gen_03.LN65.pc.snd.wav,,loaded,bus_fx,grp_impacts,snp_hdrfx,,65,0,81,83,200,575,575,allon,default,allon,default,8,8,priority,oldest,-150,-100,80,95,0.25,1,3d,default,nonlooping,,1,0,25,225,85,0.25,no,no,none,0,,no,,,yes,no,no,0,0,yes,no,,0,,no,no,no
wpn_concussion_bounce_plaster,raw\sound\wpn\grenade\bounce\concussion\earth\nade_bnc_gen_04.LN65.pc.snd.wav,,loaded,bus_fx,grp_impacts,snp_hdrfx,,65,0,81,83,200,575,575,allon,default,allon,default,8,8,priority,oldest,-150,-100,80,95,0.25,1,3d,default,nonlooping,,1,0,25,225,85,0.25,no,no,none,0,,no,,,yes,no,no,0,0,yes,no,,0,,no,no,no
wpn_concussion_bounce_plastic,raw\sound\wpn\grenade\bounce\concussion\earth\nade_bnc_gen_00.LN65.pc.snd.wav,,loaded,bus_fx,grp_impacts,snp_hdrfx,,65,0,81,83,200,575,575,allon,default,allon,default,8,8,priority,oldest,-150,-100,80,95,0.25,1,3d,default,nonlooping,,1,0,25,225,85,0.25,no,no,none,0,,no,,,yes,no,no,0,0,yes,no,,0,,no,no,no
wpn_concussion_bounce_plastic,raw\sound\wpn\grenade\bounce\concussion\earth\nade_bnc_gen_01.LN65.pc.snd.wav,,loaded,bus_fx,grp_impacts,snp_hdrfx,,65,0,81,83,200,575,575,allon,default,allon,default,8,8,priority,oldest,-150,-100,80,95,0.25,1,3d,default,nonlooping,,1,0,25,225,85,0.25,no,no,none,0,,no,,,yes,no,no,0,0,yes,no,,0,,no,no,no
wpn_concussion_bounce_plastic,raw\sound\wpn\grenade\bounce\concussion\earth\nade_bnc_gen_02.LN65.pc.snd.wav,,loaded,bus_fx,grp_impacts,snp_hdrfx,,65,0,81,83,200,575,575,allon,default,allon,default,8,8,priority,oldest,-150,-100,80,95,0.25,1,3d,default,nonlooping,,1,0,25,225,85,0.25,no,no,none,0,,no,,,yes,no,no,0,0,yes,no,,0,,no,no,no
wpn_concussion_bounce_plastic,raw\sound\wpn\grenade\bounce\concussion\earth\nade_bnc_gen_03.LN65.pc.snd.wav,,loaded,bus_fx,grp_impacts,snp_hdrfx,,65,0,81,83,200,575,575,allon,default,allon,default,8,8,priority,oldest,-150,-100,80,95,0.25,1,3d,default,nonlooping,,1,0,25,225,85,0.25,no,no,none,0,,no,,,yes,no,no,0,0,yes,no,,0,,no,no,no
wpn_concussion_bounce_plastic,raw\sound\wpn\grenade\bounce\concussion\earth\nade_bnc_gen_04.LN65.pc.snd.wav,,loaded,bus_fx,grp_impacts,snp_hdrfx,,65,0,81,83,200,575,575,allon,default,allon,default,8,8,priority,oldest,-150,-100,80,95,0.25,1,3d,default,nonlooping,,1,0,25,225,85,0.25,no,no,none,0,,no,,,yes,no,no,0,0,yes,no,,0,,no,no,no
wpn_concussion_bounce_rock,raw\sound\wpn\grenade\bounce\concussion\earth\nade_bnc_gen_00.LN65.pc.snd.wav,,loaded,bus_fx,grp_impacts,snp_hdrfx,,65,0,81,83,200,575,575,allon,default,allon,default,8,8,priority,oldest,-150,-100,80,95,0.25,1,3d,default,nonlooping,,1,0,25,225,85,0.25,no,no,none,0,,no,,,yes,no,no,0,0,yes,no,,0,,no,no,no
wpn_concussion_bounce_rock,raw\sound\wpn\grenade\bounce\concussion\earth\nade_bnc_gen_01.LN65.pc.snd.wav,,loaded,bus_fx,grp_impacts,snp_hdrfx,,65,0,81,83,200,575,575,allon,default,allon,default,8,8,priority,oldest,-150,-100,80,95,0.25,1,3d,default,nonlooping,,1,0,25,225,85,0.25,no,no,none,0,,no,,,yes,no,no,0,0,yes,no,,0,,no,no,no
wpn_concussion_bounce_rock,raw\sound\wpn\grenade\bounce\concussion\earth\nade_bnc_gen_02.LN65.pc.snd.wav,,loaded,bus_fx,grp_impacts,snp_hdrfx,,65,0,81,83,200,575,575,allon,default,allon,default,8,8,priority,oldest,-150,-100,80,95,0.25,1,3d,default,nonlooping,,1,0,25,225,85,0.25,no,no,none,0,,no,,,yes,no,no,0,0,yes,no,,0,,no,no,no
wpn_concussion_bounce_rock,raw\sound\wpn\grenade\bounce\concussion\earth\nade_bnc_gen_03.LN65.pc.snd.wav,,loaded,bus_fx,grp_impacts,snp_hdrfx,,65,0,81,83,200,575,575,allon,default,allon,default,8,8,priority,oldest,-150,-100,80,95,0.25,1,3d,default,nonlooping,,1,0,25,225,85,0.25,no,no,none,0,,no,,,yes,no,no,0,0,yes,no,,0,,no,no,no
wpn_concussion_bounce_rock,raw\sound\wpn\grenade\bounce\concussion\earth\nade_bnc_gen_04.LN65.pc.snd.wav,,loaded,bus_fx,grp_impacts,snp_hdrfx,,65,0,81,83,200,575,575,allon,default,allon,default,8,8,priority,oldest,-150,-100,80,95,0.25,1,3d,default,nonlooping,,1,0,25,225,85,0.25,no,no,none,0,,no,,,yes,no,no,0,0,yes,no,,0,,no,no,no
wpn_concussion_bounce_rubber,raw\sound\wpn\grenade\bounce\concussion\earth\nade_bnc_gen_00.LN65.pc.snd.wav,,loaded,bus_fx,grp_impacts,snp_hdrfx,,65,0,81,83,200,575,575,allon,default,allon,default,8,8,priority,oldest,-150,-100,80,95,0.25,1,3d,default,nonlooping,,1,0,25,225,85,0.25,no,no,none,0,,no,,,yes,no,no,0,0,yes,no,,0,,no,no,no
wpn_concussion_bounce_rubber,raw\sound\wpn\grenade\bounce\concussion\earth\nade_bnc_gen_01.LN65.pc.snd.wav,,loaded,bus_fx,grp_impacts,snp_hdrfx,,65,0,81,83,200,575,575,allon,default,allon,default,8,8,priority,oldest,-150,-100,80,95,0.25,1,3d,default,nonlooping,,1,0,25,225,85,0.25,no,no,none,0,,no,,,yes,no,no,0,0,yes,no,,0,,no,no,no
wpn_concussion_bounce_rubber,raw\sound\wpn\grenade\bounce\concussion\earth\nade_bnc_gen_02.LN65.pc.snd.wav,,loaded,bus_fx,grp_impacts,snp_hdrfx,,65,0,81,83,200,575,575,allon,default,allon,default,8,8,priority,oldest,-150,-100,80,95,0.25,1,3d,default,nonlooping,,1,0,25,225,85,0.25,no,no,none,0,,no,,,yes,no,no,0,0,yes,no,,0,,no,no,no
wpn_concussion_bounce_rubber,raw\sound\wpn\grenade\bounce\concussion\earth\nade_bnc_gen_03.LN65.pc.snd.wav,,loaded,bus_fx,grp_impacts,snp_hdrfx,,65,0,81,83,200,575,575,allon,default,allon,default,8,8,priority,oldest,-150,-100,80,95,0.25,1,3d,default,nonlooping,,1,0,25,225,85,0.25,no,no,none,0,,no,,,yes,no,no,0,0,yes,no,,0,,no,no,no
wpn_concussion_bounce_rubber,raw\sound\wpn\grenade\bounce\concussion\earth\nade_bnc_gen_04.LN65.pc.snd.wav,,loaded,bus_fx,grp_impacts,snp_hdrfx,,65,0,81,83,200,575,575,allon,default,allon,default,8,8,priority,oldest,-150,-100,80,95,0.25,1,3d,default,nonlooping,,1,0,25,225,85,0.25,no,no,none,0,,no,,,yes,no,no,0,0,yes,no,,0,,no,no,no
wpn_concussion_bounce_sand,raw\sound\wpn\grenade\bounce\concussion\earth\nade_bnc_gen_00.LN65.pc.snd.wav,,loaded,bus_fx,grp_impacts,snp_hdrfx,,65,0,81,83,200,575,575,allon,default,allon,default,8,8,priority,oldest,-150,-100,80,95,0.25,1,3d,default,nonlooping,,1,0,25,225,85,0.25,no,no,none,0,,no,,,yes,no,no,0,0,yes,no,,0,,no,no,no
wpn_concussion_bounce_sand,raw\sound\wpn\grenade\bounce\concussion\earth\nade_bnc_gen_01.LN65.pc.snd.wav,,loaded,bus_fx,grp_impacts,snp_hdrfx,,65,0,81,83,200,575,575,allon,default,allon,default,8,8,priority,oldest,-150,-100,80,95,0.25,1,3d,default,nonlooping,,1,0,25,225,85,0.25,no,no,none,0,,no,,,yes,no,no,0,0,yes,no,,0,,no,no,no
wpn_concussion_bounce_sand,raw\sound\wpn\grenade\bounce\concussion\earth\nade_bnc_gen_02.LN65.pc.snd.wav,,loaded,bus_fx,grp_impacts,snp_hdrfx,,65,0,81,83,200,575,575,allon,default,allon,default,8,8,priority,oldest,-150,-100,80,95,0.25,1,3d,default,nonlooping,,1,0,25,225,85,0.25,no,no,none,0,,no,,,yes,no,no,0,0,yes,no,,0,,no,no,no
wpn_concussion_bounce_sand,raw\sound\wpn\grenade\bounce\concussion\earth\nade_bnc_gen_03.LN65.pc.snd.wav,,loaded,bus_fx,grp_impacts,snp_hdrfx,,65,0,81,83,200,575,575,allon,default,allon,default,8,8,priority,oldest,-150,-100,80,95,0.25,1,3d,default,nonlooping,,1,0,25,225,85,0.25,no,no,none,0,,no,,,yes,no,no,0,0,yes,no,,0,,no,no,no
wpn_concussion_bounce_sand,raw\sound\wpn\grenade\bounce\concussion\earth\nade_bnc_gen_04.LN65.pc.snd.wav,,loaded,bus_fx,grp_impacts,snp_hdrfx,,65,0,81,83,200,575,575,allon,default,allon,default,8,8,priority,oldest,-150,-100,80,95,0.25,1,3d,default,nonlooping,,1,0,25,225,85,0.25,no,no,none,0,,no,,,yes,no,no,0,0,yes,no,,0,,no,no,no
wpn_concussion_bounce_snow,raw\sound\wpn\grenade\bounce\concussion\earth\nade_bnc_gen_00.LN65.pc.snd.wav,,loaded,bus_fx,grp_impacts,snp_hdrfx,,65,0,81,83,200,575,575,allon,default,allon,default,8,8,priority,oldest,-150,-100,80,95,0.25,1,3d,default,nonlooping,,1,0,25,225,85,0.25,no,no,none,0,,no,,,yes,no,no,0,0,yes,no,,0,,no,no,no
wpn_concussion_bounce_snow,raw\sound\wpn\grenade\bounce\concussion\earth\nade_bnc_gen_01.LN65.pc.snd.wav,,loaded,bus_fx,grp_impacts,snp_hdrfx,,65,0,81,83,200,575,575,allon,default,allon,default,8,8,priority,oldest,-150,-100,80,95,0.25,1,3d,default,nonlooping,,1,0,25,225,85,0.25,no,no,none,0,,no,,,yes,no,no,0,0,yes,no,,0,,no,no,no
wpn_concussion_bounce_snow,raw\sound\wpn\grenade\bounce\concussion\earth\nade_bnc_gen_02.LN65.pc.snd.wav,,loaded,bus_fx,grp_impacts,snp_hdrfx,,65,0,81,83,200,575,575,allon,default,allon,default,8,8,priority,oldest,-150,-100,80,95,0.25,1,3d,default,nonlooping,,1,0,25,225,85,0.25,no,no,none,0,,no,,,yes,no,no,0,0,yes,no,,0,,no,no,no
wpn_concussion_bounce_snow,raw\sound\wpn\grenade\bounce\concussion\earth\nade_bnc_gen_03.LN65.pc.snd.wav,,loaded,bus_fx,grp_impacts,snp_hdrfx,,65,0,81,83,200,575,575,allon,default,allon,default,8,8,priority,oldest,-150,-100,80,95,0.25,1,3d,default,nonlooping,,1,0,25,225,85,0.25,no,no,none,0,,no,,,yes,no,no,0,0,yes,no,,0,,no,no,no
wpn_concussion_bounce_snow,raw\sound\wpn\grenade\bounce\concussion\earth\nade_bnc_gen_04.LN65.pc.snd.wav,,loaded,bus_fx,grp_impacts,snp_hdrfx,,65,0,81,83,200,575,575,allon,default,allon,default,8,8,priority,oldest,-150,-100,80,95,0.25,1,3d,default,nonlooping,,1,0,25,225,85,0.25,no,no,none,0,,no,,,yes,no,no,0,0,yes,no,,0,,no,no,no
wpn_concussion_bounce_water,raw\sound\wpn\grenade\bounce\concussion\earth\nade_bnc_gen_00.LN65.pc.snd.wav,,loaded,bus_fx,grp_impacts,snp_hdrfx,,65,0,81,83,200,575,575,allon,default,allon,default,8,8,priority,oldest,-150,-100,80,95,0.25,1,3d,default,nonlooping,,1,0,25,225,85,0.25,no,no,none,0,,no,,,yes,no,no,0,0,yes,no,,0,,no,no,no
wpn_concussion_bounce_water,raw\sound\wpn\grenade\bounce\concussion\earth\nade_bnc_gen_01.LN65.pc.snd.wav,,loaded,bus_fx,grp_impacts,snp_hdrfx,,65,0,81,83,200,575,575,allon,default,allon,default,8,8,priority,oldest,-150,-100,80,95,0.25,1,3d,default,nonlooping,,1,0,25,225,85,0.25,no,no,none,0,,no,,,yes,no,no,0,0,yes,no,,0,,no,no,no
wpn_concussion_bounce_water,raw\sound\wpn\grenade\bounce\concussion\earth\nade_bnc_gen_02.LN65.pc.snd.wav,,loaded,bus_fx,grp_impacts,snp_hdrfx,,65,0,81,83,200,575,575,allon,default,allon,default,8,8,priority,oldest,-150,-100,80,95,0.25,1,3d,default,nonlooping,,1,0,25,225,85,0.25,no,no,none,0,,no,,,yes,no,no,0,0,yes,no,,0,,no,no,no
wpn_concussion_bounce_water,raw\sound\wpn\grenade\bounce\concussion\earth\nade_bnc_gen_03.LN65.pc.snd.wav,,loaded,bus_fx,grp_impacts,snp_hdrfx,,65,0,81,83,200,575,575,allon,default,allon,default,8,8,priority,oldest,-150,-100,80,95,0.25,1,3d,default,nonlooping,,1,0,25,225,85,0.25,no,no,none,0,,no,,,yes,no,no,0,0,yes,no,,0,,no,no,no
wpn_concussion_bounce_water,raw\sound\wpn\grenade\bounce\concussion\earth\nade_bnc_gen_04.LN65.pc.snd.wav,,loaded,bus_fx,grp_impacts,snp_hdrfx,,65,0,81,83,200,575,575,allon,default,allon,default,8,8,priority,oldest,-150,-100,80,95,0.25,1,3d,default,nonlooping,,1,0,25,225,85,0.25,no,no,none,0,,no,,,yes,no,no,0,0,yes,no,,0,,no,no,no
wpn_concussion_bounce_wood,raw\sound\wpn\grenade\bounce\concussion\earth\nade_bnc_gen_00.LN65.pc.snd.wav,,loaded,bus_fx,grp_impacts,snp_hdrfx,,65,0,81,83,200,575,575,allon,default,allon,default,8,8,priority,oldest,-150,-100,80,95,0.25,1,3d,default,nonlooping,,1,0,25,225,85,0.25,no,no,none,0,,no,,,yes,no,no,0,0,yes,no,,0,,no,no,no
wpn_concussion_bounce_wood,raw\sound\wpn\grenade\bounce\concussion\earth\nade_bnc_gen_01.LN65.pc.snd.wav,,loaded,bus_fx,grp_impacts,snp_hdrfx,,65,0,81,83,200,575,575,allon,default,allon,default,8,8,priority,oldest,-150,-100,80,95,0.25,1,3d,default,nonlooping,,1,0,25,225,85,0.25,no,no,none,0,,no,,,yes,no,no,0,0,yes,no,,0,,no,no,no
wpn_concussion_bounce_wood,raw\sound\wpn\grenade\bounce\concussion\earth\nade_bnc_gen_02.LN65.pc.snd.wav,,loaded,bus_fx,grp_impacts,snp_hdrfx,,65,0,81,83,200,575,575,allon,default,allon,default,8,8,priority,oldest,-150,-100,80,95,0.25,1,3d,default,nonlooping,,1,0,25,225,85,0.25,no,no,none,0,,no,,,yes,no,no,0,0,yes,no,,0,,no,no,no
wpn_concussion_bounce_wood,raw\sound\wpn\grenade\bounce\concussion\earth\nade_bnc_gen_03.LN65.pc.snd.wav,,loaded,bus_fx,grp_impacts,snp_hdrfx,,65,0,81,83,200,575,575,allon,default,allon,default,8,8,priority,oldest,-150,-100,80,95,0.25,1,3d,default,nonlooping,,1,0,25,225,85,0.25,no,no,none,0,,no,,,yes,no,no,0,0,yes,no,,0,,no,no,no
wpn_concussion_bounce_wood,raw\sound\wpn\grenade\bounce\concussion\earth\nade_bnc_gen_04.LN65.pc.snd.wav,,loaded,bus_fx,grp_impacts,snp_hdrfx,,65,0,81,83,200,575,575,allon,default,allon,default,8,8,priority,oldest,-150,-100,80,95,0.25,1,3d,default,nonlooping,,1,0,25,225,85,0.25,no,no,none,0,,no,,,yes,no,no,0,0,yes,no,,0,,no,no,no
wpn_gren_1straise_plr,raw\sound\fly\gear\rattle\fly_cloth_00.LN65.pc.snd.wav,,loaded,bus_fx,grp_foley,snp_foley,,30,0,86,89,0,5000,5000,allon,default,allon,default,8,8,priority,oldest,-88,84,70,70,0.25,1,2d,front,nonlooping,,1,0,0,0,0,0.25,no,yes,none,0,,no,,,yes,no,no,0,0,yes,no,,0,,no,no,no
wpn_gren_1straise_plr,raw\sound\fly\gear\rattle\fly_cloth_01.LN65.pc.snd.wav,,loaded,bus_fx,grp_foley,snp_foley,,30,0,86,89,0,5000,5000,allon,default,allon,default,8,8,priority,oldest,-88,84,70,70,0.25,1,2d,front,nonlooping,,1,0,0,0,0,0.25,no,yes,none,0,,no,,,yes,no,no,0,0,yes,no,,0,,no,no,no
wpn_gren_1straise_plr,raw\sound\fly\gear\rattle\fly_cloth_02.LN65.pc.snd.wav,,loaded,bus_fx,grp_foley,snp_foley,,30,0,86,89,0,5000,5000,allon,default,allon,default,8,8,priority,oldest,-88,84,70,70,0.25,1,2d,front,nonlooping,,1,0,0,0,0,0.25,no,yes,none,0,,no,,,yes,no,no,0,0,yes,no,,0,,no,no,no
wpn_gren_1straise_plr,raw\sound\fly\gear\rattle\fly_cloth_03.LN65.pc.snd.wav,,loaded,bus_fx,grp_foley,snp_foley,,30,0,86,89,0,5000,5000,allon,default,allon,default,8,8,priority,oldest,-88,84,70,70,0.25,1,2d,front,nonlooping,,1,0,0,0,0,0.25,no,yes,none,0,,no,,,yes,no,no,0,0,yes,no,,0,,no,no,no
wpn_gren_pickup_plr,raw\sound\fly\pickups\weapon\fly_weapon_pickup_00.LN65.pc.snd.wav,,loaded,bus_fx,grp_foley,snp_foley,,30,0,86,89,0,5000,5000,allon,default,allon,default,8,8,priority,oldest,-88,84,70,70,0.25,1,2d,front,nonlooping,,1,0,0,0,0,0.25,no,yes,none,0,,no,,,yes,no,no,0,0,yes,no,,0,,no,no,no
wpn_gren_pickup_plr,raw\sound\fly\pickups\weapon\fly_weapon_pickup_01.LN65.pc.snd.wav,,loaded,bus_fx,grp_foley,snp_foley,,30,0,86,89,0,5000,5000,allon,default,allon,default,8,8,priority,oldest,-88,84,70,70,0.25,1,2d,front,nonlooping,,1,0,0,0,0,0.25,no,yes,none,0,,no,,,yes,no,no,0,0,yes,no,,0,,no,no,no
wpn_gren_raise_plr,raw\sound\fly\gear\rattle\fly_cloth_00.LN65.pc.snd.wav,,loaded,bus_fx,grp_foley,snp_foley,,30,0,86,89,0,5000,5000,allon,default,allon,default,8,8,priority,oldest,-88,84,70,70,0.25,1,2d,front,nonlooping,,1,0,0,0,0,0.25,no,yes,none,0,,no,,,yes,no,no,0,0,yes,no,,0,,no,no,no
wpn_gren_raise_plr,raw\sound\fly\gear\rattle\fly_cloth_01.LN65.pc.snd.wav,,loaded,bus_fx,grp_foley,snp_foley,,30,0,86,89,0,5000,5000,allon,default,allon,default,8,8,priority,oldest,-88,84,70,70,0.25,1,2d,front,nonlooping,,1,0,0,0,0,0.25,no,yes,none,0,,no,,,yes,no,no,0,0,yes,no,,0,,no,no,no
wpn_gren_raise_plr,raw\sound\fly\gear\rattle\fly_cloth_02.LN65.pc.snd.wav,,loaded,bus_fx,grp_foley,snp_foley,,30,0,86,89,0,5000,5000,allon,default,allon,default,8,8,priority,oldest,-88,84,70,70,0.25,1,2d,front,nonlooping,,1,0,0,0,0,0.25,no,yes,none,0,,no,,,yes,no,no,0,0,yes,no,,0,,no,no,no
wpn_gren_raise_plr,raw\sound\fly\gear\rattle\fly_cloth_03.LN65.pc.snd.wav,,loaded,bus_fx,grp_foley,snp_foley,,30,0,86,89,0,5000,5000,allon,default,allon,default,8,8,priority,oldest,-88,84,70,70,0.25,1,2d,front,nonlooping,,1,0,0,0,0,0.25,no,yes,none,0,,no,,,yes,no,no,0,0,yes,no,,0,,no,no,no
wpn_grenade_bounce_asphalt,raw\sound\wpn\grenade\bounce\frag\earth\earth_00.LN65.pc.snd.wav,,loaded,bus_fx,grp_impacts,snp_hdrfx,,65,0,81,83,200,575,575,allon,default,allon,default,8,8,priority,oldest,-182,84,80,95,0.25,1,3d,default,nonlooping,,1,0,25,225,85,0.25,no,no,none,0,,no,,,yes,no,no,0,0,yes,no,,0,,no,no,no
wpn_grenade_bounce_asphalt,raw\sound\wpn\grenade\bounce\frag\earth\earth_01.LN65.pc.snd.wav,,loaded,bus_fx,grp_impacts,snp_hdrfx,,65,0,81,83,200,575,575,allon,default,allon,default,8,8,priority,oldest,-182,84,80,95,0.25,1,3d,default,nonlooping,,1,0,25,225,85,0.25,no,no,none,0,,no,,,yes,no,no,0,0,yes,no,,0,,no,no,no
wpn_grenade_bounce_asphalt,raw\sound\wpn\grenade\bounce\frag\earth\earth_02.LN65.pc.snd.wav,,loaded,bus_fx,grp_impacts,snp_hdrfx,,65,0,81,83,200,575,575,allon,default,allon,default,8,8,priority,oldest,-182,84,80,95,0.25,1,3d,default,nonlooping,,1,0,25,225,85,0.25,no,no,none,0,,no,,,yes,no,no,0,0,yes,no,,0,,no,no,no
wpn_grenade_bounce_asphalt,raw\sound\wpn\grenade\bounce\frag\earth\earth_03.LN65.pc.snd.wav,,loaded,bus_fx,grp_impacts,snp_hdrfx,,65,0,81,83,200,575,575,allon,default,allon,default,8,8,priority,oldest,-182,84,80,95,0.25,1,3d,default,nonlooping,,1,0,25,225,85,0.25,no,no,none,0,,no,,,yes,no,no,0,0,yes,no,,0,,no,no,no
wpn_grenade_bounce_asphalt,raw\sound\wpn\grenade\bounce\frag\earth\earth_04.LN65.pc.snd.wav,,loaded,bus_fx,grp_impacts,snp_hdrfx,,65,0,81,83,200,575,575,allon,default,allon,default,8,8,priority,oldest,-182,84,80,95,0.25,1,3d,default,nonlooping,,1,0,25,225,85,0.25,no,no,none,0,,no,,,yes,no,no,0,0,yes,no,,0,,no,no,no
wpn_grenade_bounce_bark,raw\sound\wpn\grenade\bounce\frag\wood\wood_00.LN65.pc.snd.wav,,loaded,bus_fx,grp_impacts,snp_hdrfx,,65,0,81,83,200,575,575,allon,default,allon,default,8,8,priority,oldest,-182,84,80,95,0.25,1,3d,default,nonlooping,,1,0,25,225,85,0.25,no,no,none,0,,no,,,yes,no,no,0,0,yes,no,,0,,no,no,no
wpn_grenade_bounce_bark,raw\sound\wpn\grenade\bounce\frag\wood\wood_01.LN65.pc.snd.wav,,loaded,bus_fx,grp_impacts,snp_hdrfx,,65,0,81,83,200,575,575,allon,default,allon,default,8,8,priority,oldest,-182,84,80,95,0.25,1,3d,default,nonlooping,,1,0,25,225,85,0.25,no,no,none,0,,no,,,yes,no,no,0,0,yes,no,,0,,no,no,no
wpn_grenade_bounce_bark,raw\sound\wpn\grenade\bounce\frag\wood\wood_02.LN65.pc.snd.wav,,loaded,bus_fx,grp_impacts,snp_hdrfx,,65,0,81,83,200,575,575,allon,default,allon,default,8,8,priority,oldest,-182,84,80,95,0.25,1,3d,default,nonlooping,,1,0,25,225,85,0.25,no,no,none,0,,no,,,yes,no,no,0,0,yes,no,,0,,no,no,no
wpn_grenade_bounce_bark,raw\sound\wpn\grenade\bounce\frag\wood\wood_03.LN65.pc.snd.wav,,loaded,bus_fx,grp_impacts,snp_hdrfx,,65,0,81,83,200,575,575,allon,default,allon,default,8,8,priority,oldest,-182,84,80,95,0.25,1,3d,default,nonlooping,,1,0,25,225,85,0.25,no,no,none,0,,no,,,yes,no,no,0,0,yes,no,,0,,no,no,no
wpn_grenade_bounce_bark,raw\sound\wpn\grenade\bounce\frag\wood\wood_04.LN65.pc.snd.wav,,loaded,bus_fx,grp_impacts,snp_hdrfx,,65,0,81,83,200,575,575,allon,default,allon,default,8,8,priority,oldest,-182,84,80,95,0.25,1,3d,default,nonlooping,,1,0,25,225,85,0.25,no,no,none,0,,no,,,yes,no,no,0,0,yes,no,,0,,no,no,no
wpn_grenade_bounce_brick,raw\sound\wpn\grenade\bounce\frag\earth\earth_00.LN65.pc.snd.wav,,loaded,bus_fx,grp_impacts,snp_hdrfx,,65,0,81,83,200,575,575,allon,default,allon,default,8,8,priority,oldest,-182,84,80,95,0.25,1,3d,default,nonlooping,,1,0,25,225,85,0.25,no,no,none,0,,no,,,yes,no,no,0,0,yes,no,,0,,no,no,no
wpn_grenade_bounce_brick,raw\sound\wpn\grenade\bounce\frag\earth\earth_01.LN65.pc.snd.wav,,loaded,bus_fx,grp_impacts,snp_hdrfx,,65,0,81,83,200,575,575,allon,default,allon,default,8,8,priority,oldest,-182,84,80,95,0.25,1,3d,default,nonlooping,,1,0,25,225,85,0.25,no,no,none,0,,no,,,yes,no,no,0,0,yes,no,,0,,no,no,no
wpn_grenade_bounce_brick,raw\sound\wpn\grenade\bounce\frag\earth\earth_02.LN65.pc.snd.wav,,loaded,bus_fx,grp_impacts,snp_hdrfx,,65,0,81,83,200,575,575,allon,default,allon,default,8,8,priority,oldest,-182,84,80,95,0.25,1,3d,default,nonlooping,,1,0,25,225,85,0.25,no,no,none,0,,no,,,yes,no,no,0,0,yes,no,,0,,no,no,no
wpn_grenade_bounce_brick,raw\sound\wpn\grenade\bounce\frag\earth\earth_03.LN65.pc.snd.wav,,loaded,bus_fx,grp_impacts,snp_hdrfx,,65,0,81,83,200,575,575,allon,default,allon,default,8,8,priority,oldest,-182,84,80,95,0.25,1,3d,default,nonlooping,,1,0,25,225,85,0.25,no,no,none,0,,no,,,yes,no,no,0,0,yes,no,,0,,no,no,no
wpn_grenade_bounce_brick,raw\sound\wpn\grenade\bounce\frag\earth\earth_04.LN65.pc.snd.wav,,loaded,bus_fx,grp_impacts,snp_hdrfx,,65,0,81,83,200,575,575,allon,default,allon,default,8,8,priority,oldest,-182,84,80,95,0.25,1,3d,default,nonlooping,,1,0,25,225,85,0.25,no,no,none,0,,no,,,yes,no,no,0,0,yes,no,,0,,no,no,no
wpn_grenade_bounce_carpet,raw\sound\wpn\grenade\bounce\frag\earth\earth_00.LN65.pc.snd.wav,,loaded,bus_fx,grp_impacts,snp_hdrfx,,65,0,81,83,200,575,575,allon,default,allon,default,8,8,priority,oldest,-182,84,80,95,0.25,1,3d,default,nonlooping,,1,0,25,225,85,0.25,no,no,none,0,,no,,,yes,no,no,0,0,yes,no,,0,,no,no,no
wpn_grenade_bounce_carpet,raw\sound\wpn\grenade\bounce\frag\earth\earth_01.LN65.pc.snd.wav,,loaded,bus_fx,grp_impacts,snp_hdrfx,,65,0,81,83,200,575,575,allon,default,allon,default,8,8,priority,oldest,-182,84,80,95,0.25,1,3d,default,nonlooping,,1,0,25,225,85,0.25,no,no,none,0,,no,,,yes,no,no,0,0,yes,no,,0,,no,no,no
wpn_grenade_bounce_carpet,raw\sound\wpn\grenade\bounce\frag\earth\earth_02.LN65.pc.snd.wav,,loaded,bus_fx,grp_impacts,snp_hdrfx,,65,0,81,83,200,575,575,allon,default,allon,default,8,8,priority,oldest,-182,84,80,95,0.25,1,3d,default,nonlooping,,1,0,25,225,85,0.25,no,no,none,0,,no,,,yes,no,no,0,0,yes,no,,0,,no,no,no
wpn_grenade_bounce_carpet,raw\sound\wpn\grenade\bounce\frag\earth\earth_03.LN65.pc.snd.wav,,loaded,bus_fx,grp_impacts,snp_hdrfx,,65,0,81,83,200,575,575,allon,default,allon,default,8,8,priority,oldest,-182,84,80,95,0.25,1,3d,default,nonlooping,,1,0,25,225,85,0.25,no,no,none,0,,no,,,yes,no,no,0,0,yes,no,,0,,no,no,no
wpn_grenade_bounce_carpet,raw\sound\wpn\grenade\bounce\frag\earth\earth_04.LN65.pc.snd.wav,,loaded,bus_fx,grp_impacts,snp_hdrfx,,65,0,81,83,200,575,575,allon,default,allon,default,8,8,priority,oldest,-182,84,80,95,0.25,1,3d,default,nonlooping,,1,0,25,225,85,0.25,no,no,none,0,,no,,,yes,no,no,0,0,yes,no,,0,,no,no,no
wpn_grenade_bounce_ceramic,raw\sound\wpn\grenade\bounce\frag\earth\earth_00.LN65.pc.snd.wav,,loaded,bus_fx,grp_impacts,snp_hdrfx,,65,0,81,83,200,575,575,allon,default,allon,default,8,8,priority,oldest,-182,84,80,95,0.25,1,3d,default,nonlooping,,1,0,25,225,85,0.25,no,no,none,0,,no,,,yes,no,no,0,0,yes,no,,0,,no,no,no
wpn_grenade_bounce_ceramic,raw\sound\wpn\grenade\bounce\frag\earth\earth_01.LN65.pc.snd.wav,,loaded,bus_fx,grp_impacts,snp_hdrfx,,65,0,81,83,200,575,575,allon,default,allon,default,8,8,priority,oldest,-182,84,80,95,0.25,1,3d,default,nonlooping,,1,0,25,225,85,0.25,no,no,none,0,,no,,,yes,no,no,0,0,yes,no,,0,,no,no,no
wpn_grenade_bounce_ceramic,raw\sound\wpn\grenade\bounce\frag\earth\earth_02.LN65.pc.snd.wav,,loaded,bus_fx,grp_impacts,snp_hdrfx,,65,0,81,83,200,575,575,allon,default,allon,default,8,8,priority,oldest,-182,84,80,95,0.25,1,3d,default,nonlooping,,1,0,25,225,85,0.25,no,no,none,0,,no,,,yes,no,no,0,0,yes,no,,0,,no,no,no
wpn_grenade_bounce_ceramic,raw\sound\wpn\grenade\bounce\frag\earth\earth_03.LN65.pc.snd.wav,,loaded,bus_fx,grp_impacts,snp_hdrfx,,65,0,81,83,200,575,575,allon,default,allon,default,8,8,priority,oldest,-182,84,80,95,0.25,1,3d,default,nonlooping,,1,0,25,225,85,0.25,no,no,none,0,,no,,,yes,no,no,0,0,yes,no,,0,,no,no,no
wpn_grenade_bounce_ceramic,raw\sound\wpn\grenade\bounce\frag\earth\earth_04.LN65.pc.snd.wav,,loaded,bus_fx,grp_impacts,snp_hdrfx,,65,0,81,83,200,575,575,allon,default,allon,default,8,8,priority,oldest,-182,84,80,95,0.25,1,3d,default,nonlooping,,1,0,25,225,85,0.25,no,no,none,0,,no,,,yes,no,no,0,0,yes,no,,0,,no,no,no
wpn_grenade_bounce_cloth,raw\sound\wpn\grenade\bounce\frag\earth\earth_00.LN65.pc.snd.wav,,loaded,bus_fx,grp_impacts,snp_hdrfx,,65,0,81,83,200,575,575,allon,default,allon,default,8,8,priority,oldest,-182,84,80,95,0.25,1,3d,default,nonlooping,,1,0,25,225,85,0.25,no,no,none,0,,no,,,yes,no,no,0,0,yes,no,,0,,no,no,no
wpn_grenade_bounce_cloth,raw\sound\wpn\grenade\bounce\frag\earth\earth_01.LN65.pc.snd.wav,,loaded,bus_fx,grp_impacts,snp_hdrfx,,65,0,81,83,200,575,575,allon,default,allon,default,8,8,priority,oldest,-182,84,80,95,0.25,1,3d,default,nonlooping,,1,0,25,225,85,0.25,no,no,none,0,,no,,,yes,no,no,0,0,yes,no,,0,,no,no,no
wpn_grenade_bounce_cloth,raw\sound\wpn\grenade\bounce\frag\earth\earth_02.LN65.pc.snd.wav,,loaded,bus_fx,grp_impacts,snp_hdrfx,,65,0,81,83,200,575,575,allon,default,allon,default,8,8,priority,oldest,-182,84,80,95,0.25,1,3d,default,nonlooping,,1,0,25,225,85,0.25,no,no,none,0,,no,,,yes,no,no,0,0,yes,no,,0,,no,no,no
wpn_grenade_bounce_cloth,raw\sound\wpn\grenade\bounce\frag\earth\earth_03.LN65.pc.snd.wav,,loaded,bus_fx,grp_impacts,snp_hdrfx,,65,0,81,83,200,575,575,allon,default,allon,default,8,8,priority,oldest,-182,84,80,95,0.25,1,3d,default,nonlooping,,1,0,25,225,85,0.25,no,no,none,0,,no,,,yes,no,no,0,0,yes,no,,0,,no,no,no
wpn_grenade_bounce_cloth,raw\sound\wpn\grenade\bounce\frag\earth\earth_04.LN65.pc.snd.wav,,loaded,bus_fx,grp_impacts,snp_hdrfx,,65,0,81,83,200,575,575,allon,default,allon,default,8,8,priority,oldest,-182,84,80,95,0.25,1,3d,default,nonlooping,,1,0,25,225,85,0.25,no,no,none,0,,no,,,yes,no,no,0,0,yes,no,,0,,no,no,no
wpn_grenade_bounce_concrete,raw\sound\wpn\grenade\bounce\frag\metal\metal_00.LN65.pc.snd.wav,,loaded,bus_fx,grp_impacts,snp_hdrfx,,65,0,81,83,200,575,575,allon,default,allon,default,8,8,priority,oldest,-182,84,80,95,0.25,1,3d,default,nonlooping,,1,0,25,225,85,0.25,no,no,none,0,,no,,,yes,no,no,0,0,yes,no,,0,,no,no,no
wpn_grenade_bounce_concrete,raw\sound\wpn\grenade\bounce\frag\metal\metal_01.LN65.pc.snd.wav,,loaded,bus_fx,grp_impacts,snp_hdrfx,,65,0,81,83,200,575,575,allon,default,allon,default,8,8,priority,oldest,-182,84,80,95,0.25,1,3d,default,nonlooping,,1,0,25,225,85,0.25,no,no,none,0,,no,,,yes,no,no,0,0,yes,no,,0,,no,no,no
wpn_grenade_bounce_concrete,raw\sound\wpn\grenade\bounce\frag\metal\metal_02.LN65.pc.snd.wav,,loaded,bus_fx,grp_impacts,snp_hdrfx,,65,0,81,83,200,575,575,allon,default,allon,default,8,8,priority,oldest,-182,84,80,95,0.25,1,3d,default,nonlooping,,1,0,25,225,85,0.25,no,no,none,0,,no,,,yes,no,no,0,0,yes,no,,0,,no,no,no
wpn_grenade_bounce_concrete,raw\sound\wpn\grenade\bounce\frag\metal\metal_03.LN65.pc.snd.wav,,loaded,bus_fx,grp_impacts,snp_hdrfx,,65,0,81,83,200,575,575,allon,default,allon,default,8,8,priority,oldest,-182,84,80,95,0.25,1,3d,default,nonlooping,,1,0,25,225,85,0.25,no,no,none,0,,no,,,yes,no,no,0,0,yes,no,,0,,no,no,no
wpn_grenade_bounce_concrete,raw\sound\wpn\grenade\bounce\frag\metal\metal_04.LN65.pc.snd.wav,,loaded,bus_fx,grp_impacts,snp_hdrfx,,65,0,81,83,200,575,575,allon,default,allon,default,8,8,priority,oldest,-182,84,80,95,0.25,1,3d,default,nonlooping,,1,0,25,225,85,0.25,no,no,none,0,,no,,,yes,no,no,0,0,yes,no,,0,,no,no,no
wpn_grenade_bounce_cushion,raw\sound\wpn\grenade\bounce\frag\earth\earth_00.LN65.pc.snd.wav,,loaded,bus_fx,grp_impacts,snp_hdrfx,,65,0,81,83,200,575,575,allon,default,allon,default,8,8,priority,oldest,-182,84,80,95,0.25,1,3d,default,nonlooping,,1,0,25,225,85,0.25,no,no,none,0,,no,,,yes,no,no,0,0,yes,no,,0,,no,no,no
wpn_grenade_bounce_cushion,raw\sound\wpn\grenade\bounce\frag\earth\earth_01.LN65.pc.snd.wav,,loaded,bus_fx,grp_impacts,snp_hdrfx,,65,0,81,83,200,575,575,allon,default,allon,default,8,8,priority,oldest,-182,84,80,95,0.25,1,3d,default,nonlooping,,1,0,25,225,85,0.25,no,no,none,0,,no,,,yes,no,no,0,0,yes,no,,0,,no,no,no
wpn_grenade_bounce_cushion,raw\sound\wpn\grenade\bounce\frag\earth\earth_02.LN65.pc.snd.wav,,loaded,bus_fx,grp_impacts,snp_hdrfx,,65,0,81,83,200,575,575,allon,default,allon,default,8,8,priority,oldest,-182,84,80,95,0.25,1,3d,default,nonlooping,,1,0,25,225,85,0.25,no,no,none,0,,no,,,yes,no,no,0,0,yes,no,,0,,no,no,no
wpn_grenade_bounce_cushion,raw\sound\wpn\grenade\bounce\frag\earth\earth_03.LN65.pc.snd.wav,,loaded,bus_fx,grp_impacts,snp_hdrfx,,65,0,81,83,200,575,575,allon,default,allon,default,8,8,priority,oldest,-182,84,80,95,0.25,1,3d,default,nonlooping,,1,0,25,225,85,0.25,no,no,none,0,,no,,,yes,no,no,0,0,yes,no,,0,,no,no,no
wpn_grenade_bounce_cushion,raw\sound\wpn\grenade\bounce\frag\earth\earth_04.LN65.pc.snd.wav,,loaded,bus_fx,grp_impacts,snp_hdrfx,,65,0,81,83,200,575,575,allon,default,allon,default,8,8,priority,oldest,-182,84,80,95,0.25,1,3d,default,nonlooping,,1,0,25,225,85,0.25,no,no,none,0,,no,,,yes,no,no,0,0,yes,no,,0,,no,no,no
wpn_grenade_bounce_default,raw\sound\wpn\grenade\bounce\frag\earth\earth_00.LN65.pc.snd.wav,,loaded,bus_fx,grp_impacts,snp_hdrfx,,65,0,81,83,200,575,575,allon,default,allon,default,8,8,priority,oldest,-182,84,80,95,0.25,1,3d,default,nonlooping,,1,0,25,225,85,0.25,no,no,none,0,,no,,,yes,no,no,0,0,yes,no,,0,,no,no,no
wpn_grenade_bounce_default,raw\sound\wpn\grenade\bounce\frag\earth\earth_01.LN65.pc.snd.wav,,loaded,bus_fx,grp_impacts,snp_hdrfx,,65,0,81,83,200,575,575,allon,default,allon,default,8,8,priority,oldest,-182,84,80,95,0.25,1,3d,default,nonlooping,,1,0,25,225,85,0.25,no,no,none,0,,no,,,yes,no,no,0,0,yes,no,,0,,no,no,no
wpn_grenade_bounce_default,raw\sound\wpn\grenade\bounce\frag\earth\earth_02.LN65.pc.snd.wav,,loaded,bus_fx,grp_impacts,snp_hdrfx,,65,0,81,83,200,575,575,allon,default,allon,default,8,8,priority,oldest,-182,84,80,95,0.25,1,3d,default,nonlooping,,1,0,25,225,85,0.25,no,no,none,0,,no,,,yes,no,no,0,0,yes,no,,0,,no,no,no
wpn_grenade_bounce_default,raw\sound\wpn\grenade\bounce\frag\earth\earth_03.LN65.pc.snd.wav,,loaded,bus_fx,grp_impacts,snp_hdrfx,,65,0,81,83,200,575,575,allon,default,allon,default,8,8,priority,oldest,-182,84,80,95,0.25,1,3d,default,nonlooping,,1,0,25,225,85,0.25,no,no,none,0,,no,,,yes,no,no,0,0,yes,no,,0,,no,no,no
wpn_grenade_bounce_default,raw\sound\wpn\grenade\bounce\frag\earth\earth_04.LN65.pc.snd.wav,,loaded,bus_fx,grp_impacts,snp_hdrfx,,65,0,81,83,200,575,575,allon,default,allon,default,8,8,priority,oldest,-182,84,80,95,0.25,1,3d,default,nonlooping,,1,0,25,225,85,0.25,no,no,none,0,,no,,,yes,no,no,0,0,yes,no,,0,,no,no,no
wpn_grenade_bounce_dirt,raw\sound\wpn\grenade\bounce\frag\earth\earth_00.LN65.pc.snd.wav,,loaded,bus_fx,grp_impacts,snp_hdrfx,,65,0,81,83,200,575,575,allon,default,allon,default,8,8,priority,oldest,-182,84,80,95,0.25,1,3d,default,nonlooping,,1,0,25,225,85,0.25,no,no,none,0,,no,,,yes,no,no,0,0,yes,no,,0,,no,no,no
wpn_grenade_bounce_dirt,raw\sound\wpn\grenade\bounce\frag\earth\earth_01.LN65.pc.snd.wav,,loaded,bus_fx,grp_impacts,snp_hdrfx,,65,0,81,83,200,575,575,allon,default,allon,default,8,8,priority,oldest,-182,84,80,95,0.25,1,3d,default,nonlooping,,1,0,25,225,85,0.25,no,no,none,0,,no,,,yes,no,no,0,0,yes,no,,0,,no,no,no
wpn_grenade_bounce_dirt,raw\sound\wpn\grenade\bounce\frag\earth\earth_02.LN65.pc.snd.wav,,loaded,bus_fx,grp_impacts,snp_hdrfx,,65,0,81,83,200,575,575,allon,default,allon,default,8,8,priority,oldest,-182,84,80,95,0.25,1,3d,default,nonlooping,,1,0,25,225,85,0.25,no,no,none,0,,no,,,yes,no,no,0,0,yes,no,,0,,no,no,no
wpn_grenade_bounce_dirt,raw\sound\wpn\grenade\bounce\frag\earth\earth_03.LN65.pc.snd.wav,,loaded,bus_fx,grp_impacts,snp_hdrfx,,65,0,81,83,200,575,575,allon,default,allon,default,8,8,priority,oldest,-182,84,80,95,0.25,1,3d,default,nonlooping,,1,0,25,225,85,0.25,no,no,none,0,,no,,,yes,no,no,0,0,yes,no,,0,,no,no,no
wpn_grenade_bounce_dirt,raw\sound\wpn\grenade\bounce\frag\earth\earth_04.LN65.pc.snd.wav,,loaded,bus_fx,grp_impacts,snp_hdrfx,,65,0,81,83,200,575,575,allon,default,allon,default,8,8,priority,oldest,-182,84,80,95,0.25,1,3d,default,nonlooping,,1,0,25,225,85,0.25,no,no,none,0,,no,,,yes,no,no,0,0,yes,no,,0,,no,no,no
wpn_grenade_bounce_flesh,raw\sound\wpn\grenade\bounce\frag\earth\earth_00.LN65.pc.snd.wav,,loaded,bus_fx,grp_impacts,snp_hdrfx,,65,0,81,83,200,575,575,allon,default,allon,default,8,8,priority,oldest,-182,84,80,95,0.25,1,3d,default,nonlooping,,1,0,25,225,85,0.25,no,no,none,0,,no,,,yes,no,no,0,0,yes,no,,0,,no,no,no
wpn_grenade_bounce_flesh,raw\sound\wpn\grenade\bounce\frag\earth\earth_01.LN65.pc.snd.wav,,loaded,bus_fx,grp_impacts,snp_hdrfx,,65,0,81,83,200,575,575,allon,default,allon,default,8,8,priority,oldest,-182,84,80,95,0.25,1,3d,default,nonlooping,,1,0,25,225,85,0.25,no,no,none,0,,no,,,yes,no,no,0,0,yes,no,,0,,no,no,no
wpn_grenade_bounce_flesh,raw\sound\wpn\grenade\bounce\frag\earth\earth_02.LN65.pc.snd.wav,,loaded,bus_fx,grp_impacts,snp_hdrfx,,65,0,81,83,200,575,575,allon,default,allon,default,8,8,priority,oldest,-182,84,80,95,0.25,1,3d,default,nonlooping,,1,0,25,225,85,0.25,no,no,none,0,,no,,,yes,no,no,0,0,yes,no,,0,,no,no,no
wpn_grenade_bounce_flesh,raw\sound\wpn\grenade\bounce\frag\earth\earth_03.LN65.pc.snd.wav,,loaded,bus_fx,grp_impacts,snp_hdrfx,,65,0,81,83,200,575,575,allon,default,allon,default,8,8,priority,oldest,-182,84,80,95,0.25,1,3d,default,nonlooping,,1,0,25,225,85,0.25,no,no,none,0,,no,,,yes,no,no,0,0,yes,no,,0,,no,no,no
wpn_grenade_bounce_flesh,raw\sound\wpn\grenade\bounce\frag\earth\earth_04.LN65.pc.snd.wav,,loaded,bus_fx,grp_impacts,snp_hdrfx,,65,0,81,83,200,575,575,allon,default,allon,default,8,8,priority,oldest,-182,84,80,95,0.25,1,3d,default,nonlooping,,1,0,25,225,85,0.25,no,no,none,0,,no,,,yes,no,no,0,0,yes,no,,0,,no,no,no
wpn_grenade_bounce_foliage,raw\sound\wpn\grenade\bounce\frag\earth\earth_00.LN65.pc.snd.wav,,loaded,bus_fx,grp_impacts,snp_hdrfx,,65,0,81,83,200,575,575,allon,default,allon,default,8,8,priority,oldest,-182,84,80,95,0.25,1,3d,default,nonlooping,,1,0,25,225,85,0.25,no,no,none,0,,no,,,yes,no,no,0,0,yes,no,,0,,no,no,no
wpn_grenade_bounce_foliage,raw\sound\wpn\grenade\bounce\frag\earth\earth_01.LN65.pc.snd.wav,,loaded,bus_fx,grp_impacts,snp_hdrfx,,65,0,81,83,200,575,575,allon,default,allon,default,8,8,priority,oldest,-182,84,80,95,0.25,1,3d,default,nonlooping,,1,0,25,225,85,0.25,no,no,none,0,,no,,,yes,no,no,0,0,yes,no,,0,,no,no,no
wpn_grenade_bounce_foliage,raw\sound\wpn\grenade\bounce\frag\earth\earth_02.LN65.pc.snd.wav,,loaded,bus_fx,grp_impacts,snp_hdrfx,,65,0,81,83,200,575,575,allon,default,allon,default,8,8,priority,oldest,-182,84,80,95,0.25,1,3d,default,nonlooping,,1,0,25,225,85,0.25,no,no,none,0,,no,,,yes,no,no,0,0,yes,no,,0,,no,no,no
wpn_grenade_bounce_foliage,raw\sound\wpn\grenade\bounce\frag\earth\earth_03.LN65.pc.snd.wav,,loaded,bus_fx,grp_impacts,snp_hdrfx,,65,0,81,83,200,575,575,allon,default,allon,default,8,8,priority,oldest,-182,84,80,95,0.25,1,3d,default,nonlooping,,1,0,25,225,85,0.25,no,no,none,0,,no,,,yes,no,no,0,0,yes,no,,0,,no,no,no
wpn_grenade_bounce_foliage,raw\sound\wpn\grenade\bounce\frag\earth\earth_04.LN65.pc.snd.wav,,loaded,bus_fx,grp_impacts,snp_hdrfx,,65,0,81,83,200,575,575,allon,default,allon,default,8,8,priority,oldest,-182,84,80,95,0.25,1,3d,default,nonlooping,,1,0,25,225,85,0.25,no,no,none,0,,no,,,yes,no,no,0,0,yes,no,,0,,no,no,no
wpn_grenade_bounce_fruit,raw\sound\wpn\grenade\bounce\frag\earth\earth_00.LN65.pc.snd.wav,,loaded,bus_fx,grp_impacts,snp_hdrfx,,65,0,81,83,200,575,575,allon,default,allon,default,8,8,priority,oldest,-182,84,80,95,0.25,1,3d,default,nonlooping,,1,0,25,225,85,0.25,no,no,none,0,,no,,,yes,no,no,0,0,yes,no,,0,,no,no,no
wpn_grenade_bounce_fruit,raw\sound\wpn\grenade\bounce\frag\earth\earth_01.LN65.pc.snd.wav,,loaded,bus_fx,grp_impacts,snp_hdrfx,,65,0,81,83,200,575,575,allon,default,allon,default,8,8,priority,oldest,-182,84,80,95,0.25,1,3d,default,nonlooping,,1,0,25,225,85,0.25,no,no,none,0,,no,,,yes,no,no,0,0,yes,no,,0,,no,no,no
wpn_grenade_bounce_fruit,raw\sound\wpn\grenade\bounce\frag\earth\earth_02.LN65.pc.snd.wav,,loaded,bus_fx,grp_impacts,snp_hdrfx,,65,0,81,83,200,575,575,allon,default,allon,default,8,8,priority,oldest,-182,84,80,95,0.25,1,3d,default,nonlooping,,1,0,25,225,85,0.25,no,no,none,0,,no,,,yes,no,no,0,0,yes,no,,0,,no,no,no
wpn_grenade_bounce_fruit,raw\sound\wpn\grenade\bounce\frag\earth\earth_03.LN65.pc.snd.wav,,loaded,bus_fx,grp_impacts,snp_hdrfx,,65,0,81,83,200,575,575,allon,default,allon,default,8,8,priority,oldest,-182,84,80,95,0.25,1,3d,default,nonlooping,,1,0,25,225,85,0.25,no,no,none,0,,no,,,yes,no,no,0,0,yes,no,,0,,no,no,no
wpn_grenade_bounce_fruit,raw\sound\wpn\grenade\bounce\frag\earth\earth_04.LN65.pc.snd.wav,,loaded,bus_fx,grp_impacts,snp_hdrfx,,65,0,81,83,200,575,575,allon,default,allon,default,8,8,priority,oldest,-182,84,80,95,0.25,1,3d,default,nonlooping,,1,0,25,225,85,0.25,no,no,none,0,,no,,,yes,no,no,0,0,yes,no,,0,,no,no,no
wpn_grenade_bounce_glass,raw\sound\wpn\grenade\bounce\frag\earth\earth_00.LN65.pc.snd.wav,,loaded,bus_fx,grp_impacts,snp_hdrfx,,65,0,81,83,200,575,575,allon,default,allon,default,8,8,priority,oldest,-182,84,80,95,0.25,1,3d,default,nonlooping,,1,0,25,225,85,0.25,no,no,none,0,,no,,,yes,no,no,0,0,yes,no,,0,,no,no,no
wpn_grenade_bounce_glass,raw\sound\wpn\grenade\bounce\frag\earth\earth_01.LN65.pc.snd.wav,,loaded,bus_fx,grp_impacts,snp_hdrfx,,65,0,81,83,200,575,575,allon,default,allon,default,8,8,priority,oldest,-182,84,80,95,0.25,1,3d,default,nonlooping,,1,0,25,225,85,0.25,no,no,none,0,,no,,,yes,no,no,0,0,yes,no,,0,,no,no,no
wpn_grenade_bounce_glass,raw\sound\wpn\grenade\bounce\frag\earth\earth_02.LN65.pc.snd.wav,,loaded,bus_fx,grp_impacts,snp_hdrfx,,65,0,81,83,200,575,575,allon,default,allon,default,8,8,priority,oldest,-182,84,80,95,0.25,1,3d,default,nonlooping,,1,0,25,225,85,0.25,no,no,none,0,,no,,,yes,no,no,0,0,yes,no,,0,,no,no,no
wpn_grenade_bounce_glass,raw\sound\wpn\grenade\bounce\frag\earth\earth_03.LN65.pc.snd.wav,,loaded,bus_fx,grp_impacts,snp_hdrfx,,65,0,81,83,200,575,575,allon,default,allon,default,8,8,priority,oldest,-182,84,80,95,0.25,1,3d,default,nonlooping,,1,0,25,225,85,0.25,no,no,none,0,,no,,,yes,no,no,0,0,yes,no,,0,,no,no,no
wpn_grenade_bounce_glass,raw\sound\wpn\grenade\bounce\frag\earth\earth_04.LN65.pc.snd.wav,,loaded,bus_fx,grp_impacts,snp_hdrfx,,65,0,81,83,200,575,575,allon,default,allon,default,8,8,priority,oldest,-182,84,80,95,0.25,1,3d,default,nonlooping,,1,0,25,225,85,0.25,no,no,none,0,,no,,,yes,no,no,0,0,yes,no,,0,,no,no,no
wpn_grenade_bounce_grass,raw\sound\wpn\grenade\bounce\frag\earth\earth_00.LN65.pc.snd.wav,,loaded,bus_fx,grp_impacts,snp_hdrfx,,65,0,81,83,200,575,575,allon,default,allon,default,8,8,priority,oldest,-182,84,80,95,0.25,1,3d,default,nonlooping,,1,0,25,225,85,0.25,no,no,none,0,,no,,,yes,no,no,0,0,yes,no,,0,,no,no,no
wpn_grenade_bounce_grass,raw\sound\wpn\grenade\bounce\frag\earth\earth_01.LN65.pc.snd.wav,,loaded,bus_fx,grp_impacts,snp_hdrfx,,65,0,81,83,200,575,575,allon,default,allon,default,8,8,priority,oldest,-182,84,80,95,0.25,1,3d,default,nonlooping,,1,0,25,225,85,0.25,no,no,none,0,,no,,,yes,no,no,0,0,yes,no,,0,,no,no,no
wpn_grenade_bounce_grass,raw\sound\wpn\grenade\bounce\frag\earth\earth_02.LN65.pc.snd.wav,,loaded,bus_fx,grp_impacts,snp_hdrfx,,65,0,81,83,200,575,575,allon,default,allon,default,8,8,priority,oldest,-182,84,80,95,0.25,1,3d,default,nonlooping,,1,0,25,225,85,0.25,no,no,none,0,,no,,,yes,no,no,0,0,yes,no,,0,,no,no,no
wpn_grenade_bounce_grass,raw\sound\wpn\grenade\bounce\frag\earth\earth_03.LN65.pc.snd.wav,,loaded,bus_fx,grp_impacts,snp_hdrfx,,65,0,81,83,200,575,575,allon,default,allon,default,8,8,priority,oldest,-182,84,80,95,0.25,1,3d,default,nonlooping,,1,0,25,225,85,0.25,no,no,none,0,,no,,,yes,no,no,0,0,yes,no,,0,,no,no,no
wpn_grenade_bounce_grass,raw\sound\wpn\grenade\bounce\frag\earth\earth_04.LN65.pc.snd.wav,,loaded,bus_fx,grp_impacts,snp_hdrfx,,65,0,81,83,200,575,575,allon,default,allon,default,8,8,priority,oldest,-182,84,80,95,0.25,1,3d,default,nonlooping,,1,0,25,225,85,0.25,no,no,none,0,,no,,,yes,no,no,0,0,yes,no,,0,,no,no,no
wpn_grenade_bounce_gravel,raw\sound\wpn\grenade\bounce\frag\metal\metal_00.LN65.pc.snd.wav,,loaded,bus_fx,grp_impacts,snp_hdrfx,,65,0,81,83,200,575,575,allon,default,allon,default,8,8,priority,oldest,-182,84,80,95,0.25,1,3d,default,nonlooping,,1,0,25,225,85,0.25,no,no,none,0,,no,,,yes,no,no,0,0,yes,no,,0,,no,no,no
wpn_grenade_bounce_gravel,raw\sound\wpn\grenade\bounce\frag\metal\metal_01.LN65.pc.snd.wav,,loaded,bus_fx,grp_impacts,snp_hdrfx,,65,0,81,83,200,575,575,allon,default,allon,default,8,8,priority,oldest,-182,84,80,95,0.25,1,3d,default,nonlooping,,1,0,25,225,85,0.25,no,no,none,0,,no,,,yes,no,no,0,0,yes,no,,0,,no,no,no
wpn_grenade_bounce_gravel,raw\sound\wpn\grenade\bounce\frag\metal\metal_02.LN65.pc.snd.wav,,loaded,bus_fx,grp_impacts,snp_hdrfx,,65,0,81,83,200,575,575,allon,default,allon,default,8,8,priority,oldest,-182,84,80,95,0.25,1,3d,default,nonlooping,,1,0,25,225,85,0.25,no,no,none,0,,no,,,yes,no,no,0,0,yes,no,,0,,no,no,no
wpn_grenade_bounce_gravel,raw\sound\wpn\grenade\bounce\frag\metal\metal_03.LN65.pc.snd.wav,,loaded,bus_fx,grp_impacts,snp_hdrfx,,65,0,81,83,200,575,575,allon,default,allon,default,8,8,priority,oldest,-182,84,80,95,0.25,1,3d,default,nonlooping,,1,0,25,225,85,0.25,no,no,none,0,,no,,,yes,no,no,0,0,yes,no,,0,,no,no,no
wpn_grenade_bounce_gravel,raw\sound\wpn\grenade\bounce\frag\metal\metal_04.LN65.pc.snd.wav,,loaded,bus_fx,grp_impacts,snp_hdrfx,,65,0,81,83,200,575,575,allon,default,allon,default,8,8,priority,oldest,-182,84,80,95,0.25,1,3d,default,nonlooping,,1,0,25,225,85,0.25,no,no,none,0,,no,,,yes,no,no,0,0,yes,no,,0,,no,no,no
wpn_grenade_bounce_ice,raw\sound\wpn\grenade\bounce\frag\metal\metal_00.LN65.pc.snd.wav,,loaded,bus_fx,grp_impacts,snp_hdrfx,,65,0,81,83,200,575,575,allon,default,allon,default,8,8,priority,oldest,-182,84,80,95,0.25,1,3d,default,nonlooping,,1,0,25,225,85,0.25,no,no,none,0,,no,,,yes,no,no,0,0,yes,no,,0,,no,no,no
wpn_grenade_bounce_ice,raw\sound\wpn\grenade\bounce\frag\metal\metal_01.LN65.pc.snd.wav,,loaded,bus_fx,grp_impacts,snp_hdrfx,,65,0,81,83,200,575,575,allon,default,allon,default,8,8,priority,oldest,-182,84,80,95,0.25,1,3d,default,nonlooping,,1,0,25,225,85,0.25,no,no,none,0,,no,,,yes,no,no,0,0,yes,no,,0,,no,no,no
wpn_grenade_bounce_ice,raw\sound\wpn\grenade\bounce\frag\metal\metal_02.LN65.pc.snd.wav,,loaded,bus_fx,grp_impacts,snp_hdrfx,,65,0,81,83,200,575,575,allon,default,allon,default,8,8,priority,oldest,-182,84,80,95,0.25,1,3d,default,nonlooping,,1,0,25,225,85,0.25,no,no,none,0,,no,,,yes,no,no,0,0,yes,no,,0,,no,no,no
wpn_grenade_bounce_ice,raw\sound\wpn\grenade\bounce\frag\metal\metal_03.LN65.pc.snd.wav,,loaded,bus_fx,grp_impacts,snp_hdrfx,,65,0,81,83,200,575,575,allon,default,allon,default,8,8,priority,oldest,-182,84,80,95,0.25,1,3d,default,nonlooping,,1,0,25,225,85,0.25,no,no,none,0,,no,,,yes,no,no,0,0,yes,no,,0,,no,no,no
wpn_grenade_bounce_ice,raw\sound\wpn\grenade\bounce\frag\metal\metal_04.LN65.pc.snd.wav,,loaded,bus_fx,grp_impacts,snp_hdrfx,,65,0,81,83,200,575,575,allon,default,allon,default,8,8,priority,oldest,-182,84,80,95,0.25,1,3d,default,nonlooping,,1,0,25,225,85,0.25,no,no,none,0,,no,,,yes,no,no,0,0,yes,no,,0,,no,no,no
wpn_grenade_bounce_metal,raw\sound\wpn\grenade\bounce\frag\metal\metal_00.LN65.pc.snd.wav,,loaded,bus_fx,grp_impacts,snp_hdrfx,,65,0,81,83,200,575,575,allon,default,allon,default,8,8,priority,oldest,-182,84,80,95,0.25,1,3d,default,nonlooping,,1,0,25,225,85,0.25,no,no,none,0,,no,,,yes,no,no,0,0,yes,no,,0,,no,no,no
wpn_grenade_bounce_metal,raw\sound\wpn\grenade\bounce\frag\metal\metal_01.LN65.pc.snd.wav,,loaded,bus_fx,grp_impacts,snp_hdrfx,,65,0,81,83,200,575,575,allon,default,allon,default,8,8,priority,oldest,-182,84,80,95,0.25,1,3d,default,nonlooping,,1,0,25,225,85,0.25,no,no,none,0,,no,,,yes,no,no,0,0,yes,no,,0,,no,no,no
wpn_grenade_bounce_metal,raw\sound\wpn\grenade\bounce\frag\metal\metal_02.LN65.pc.snd.wav,,loaded,bus_fx,grp_impacts,snp_hdrfx,,65,0,81,83,200,575,575,allon,default,allon,default,8,8,priority,oldest,-182,84,80,95,0.25,1,3d,default,nonlooping,,1,0,25,225,85,0.25,no,no,none,0,,no,,,yes,no,no,0,0,yes,no,,0,,no,no,no
wpn_grenade_bounce_metal,raw\sound\wpn\grenade\bounce\frag\metal\metal_03.LN65.pc.snd.wav,,loaded,bus_fx,grp_impacts,snp_hdrfx,,65,0,81,83,200,575,575,allon,default,allon,default,8,8,priority,oldest,-182,84,80,95,0.25,1,3d,default,nonlooping,,1,0,25,225,85,0.25,no,no,none,0,,no,,,yes,no,no,0,0,yes,no,,0,,no,no,no
wpn_grenade_bounce_metal,raw\sound\wpn\grenade\bounce\frag\metal\metal_04.LN65.pc.snd.wav,,loaded,bus_fx,grp_impacts,snp_hdrfx,,65,0,81,83,200,575,575,allon,default,allon,default,8,8,priority,oldest,-182,84,80,95,0.25,1,3d,default,nonlooping,,1,0,25,225,85,0.25,no,no,none,0,,no,,,yes,no,no,0,0,yes,no,,0,,no,no,no
wpn_grenade_bounce_mud,raw\sound\wpn\grenade\bounce\frag\earth\earth_00.LN65.pc.snd.wav,,loaded,bus_fx,grp_impacts,snp_hdrfx,,65,0,81,83,200,575,575,allon,default,allon,default,8,8,priority,oldest,-182,84,80,95,0.25,1,3d,default,nonlooping,,1,0,25,225,85,0.25,no,no,none,0,,no,,,yes,no,no,0,0,yes,no,,0,,no,no,no
wpn_grenade_bounce_mud,raw\sound\wpn\grenade\bounce\frag\earth\earth_01.LN65.pc.snd.wav,,loaded,bus_fx,grp_impacts,snp_hdrfx,,65,0,81,83,200,575,575,allon,default,allon,default,8,8,priority,oldest,-182,84,80,95,0.25,1,3d,default,nonlooping,,1,0,25,225,85,0.25,no,no,none,0,,no,,,yes,no,no,0,0,yes,no,,0,,no,no,no
wpn_grenade_bounce_mud,raw\sound\wpn\grenade\bounce\frag\earth\earth_02.LN65.pc.snd.wav,,loaded,bus_fx,grp_impacts,snp_hdrfx,,65,0,81,83,200,575,575,allon,default,allon,default,8,8,priority,oldest,-182,84,80,95,0.25,1,3d,default,nonlooping,,1,0,25,225,85,0.25,no,no,none,0,,no,,,yes,no,no,0,0,yes,no,,0,,no,no,no
wpn_grenade_bounce_mud,raw\sound\wpn\grenade\bounce\frag\earth\earth_03.LN65.pc.snd.wav,,loaded,bus_fx,grp_impacts,snp_hdrfx,,65,0,81,83,200,575,575,allon,default,allon,default,8,8,priority,oldest,-182,84,80,95,0.25,1,3d,default,nonlooping,,1,0,25,225,85,0.25,no,no,none,0,,no,,,yes,no,no,0,0,yes,no,,0,,no,no,no
wpn_grenade_bounce_mud,raw\sound\wpn\grenade\bounce\frag\earth\earth_04.LN65.pc.snd.wav,,loaded,bus_fx,grp_impacts,snp_hdrfx,,65,0,81,83,200,575,575,allon,default,allon,default,8,8,priority,oldest,-182,84,80,95,0.25,1,3d,default,nonlooping,,1,0,25,225,85,0.25,no,no,none,0,,no,,,yes,no,no,0,0,yes,no,,0,,no,no,no
wpn_grenade_bounce_paintedmetal,raw\sound\wpn\grenade\bounce\frag\metal\metal_00.LN65.pc.snd.wav,,loaded,bus_fx,grp_impacts,snp_hdrfx,,65,0,81,83,200,575,575,allon,default,allon,default,8,8,priority,oldest,-182,84,80,95,0.25,1,3d,default,nonlooping,,1,0,25,225,85,0.25,no,no,none,0,,no,,,yes,no,no,0,0,yes,no,,0,,no,no,no
wpn_grenade_bounce_paintedmetal,raw\sound\wpn\grenade\bounce\frag\metal\metal_01.LN65.pc.snd.wav,,loaded,bus_fx,grp_impacts,snp_hdrfx,,65,0,81,83,200,575,575,allon,default,allon,default,8,8,priority,oldest,-182,84,80,95,0.25,1,3d,default,nonlooping,,1,0,25,225,85,0.25,no,no,none,0,,no,,,yes,no,no,0,0,yes,no,,0,,no,no,no
wpn_grenade_bounce_paintedmetal,raw\sound\wpn\grenade\bounce\frag\metal\metal_02.LN65.pc.snd.wav,,loaded,bus_fx,grp_impacts,snp_hdrfx,,65,0,81,83,200,575,575,allon,default,allon,default,8,8,priority,oldest,-182,84,80,95,0.25,1,3d,default,nonlooping,,1,0,25,225,85,0.25,no,no,none,0,,no,,,yes,no,no,0,0,yes,no,,0,,no,no,no
wpn_grenade_bounce_paintedmetal,raw\sound\wpn\grenade\bounce\frag\metal\metal_03.LN65.pc.snd.wav,,loaded,bus_fx,grp_impacts,snp_hdrfx,,65,0,81,83,200,575,575,allon,default,allon,default,8,8,priority,oldest,-182,84,80,95,0.25,1,3d,default,nonlooping,,1,0,25,225,85,0.25,no,no,none,0,,no,,,yes,no,no,0,0,yes,no,,0,,no,no,no
wpn_grenade_bounce_paintedmetal,raw\sound\wpn\grenade\bounce\frag\metal\metal_04.LN65.pc.snd.wav,,loaded,bus_fx,grp_impacts,snp_hdrfx,,65,0,81,83,200,575,575,allon,default,allon,default,8,8,priority,oldest,-182,84,80,95,0.25,1,3d,default,nonlooping,,1,0,25,225,85,0.25,no,no,none,0,,no,,,yes,no,no,0,0,yes,no,,0,,no,no,no
wpn_grenade_bounce_paper,raw\sound\wpn\grenade\bounce\frag\earth\earth_00.LN65.pc.snd.wav,,loaded,bus_fx,grp_impacts,snp_hdrfx,,65,0,81,83,200,575,575,allon,default,allon,default,8,8,priority,oldest,-182,84,80,95,0.25,1,3d,default,nonlooping,,1,0,25,225,85,0.25,no,no,none,0,,no,,,yes,no,no,0,0,yes,no,,0,,no,no,no
wpn_grenade_bounce_paper,raw\sound\wpn\grenade\bounce\frag\earth\earth_01.LN65.pc.snd.wav,,loaded,bus_fx,grp_impacts,snp_hdrfx,,65,0,81,83,200,575,575,allon,default,allon,default,8,8,priority,oldest,-182,84,80,95,0.25,1,3d,default,nonlooping,,1,0,25,225,85,0.25,no,no,none,0,,no,,,yes,no,no,0,0,yes,no,,0,,no,no,no
wpn_grenade_bounce_paper,raw\sound\wpn\grenade\bounce\frag\earth\earth_02.LN65.pc.snd.wav,,loaded,bus_fx,grp_impacts,snp_hdrfx,,65,0,81,83,200,575,575,allon,default,allon,default,8,8,priority,oldest,-182,84,80,95,0.25,1,3d,default,nonlooping,,1,0,25,225,85,0.25,no,no,none,0,,no,,,yes,no,no,0,0,yes,no,,0,,no,no,no
wpn_grenade_bounce_paper,raw\sound\wpn\grenade\bounce\frag\earth\earth_03.LN65.pc.snd.wav,,loaded,bus_fx,grp_impacts,snp_hdrfx,,65,0,81,83,200,575,575,allon,default,allon,default,8,8,priority,oldest,-182,84,80,95,0.25,1,3d,default,nonlooping,,1,0,25,225,85,0.25,no,no,none,0,,no,,,yes,no,no,0,0,yes,no,,0,,no,no,no
wpn_grenade_bounce_paper,raw\sound\wpn\grenade\bounce\frag\earth\earth_04.LN65.pc.snd.wav,,loaded,bus_fx,grp_impacts,snp_hdrfx,,65,0,81,83,200,575,575,allon,default,allon,default,8,8,priority,oldest,-182,84,80,95,0.25,1,3d,default,nonlooping,,1,0,25,225,85,0.25,no,no,none,0,,no,,,yes,no,no,0,0,yes,no,,0,,no,no,no
wpn_grenade_bounce_plaster,raw\sound\wpn\grenade\bounce\frag\metal\metal_00.LN65.pc.snd.wav,,loaded,bus_fx,grp_impacts,snp_hdrfx,,65,0,81,83,200,575,575,allon,default,allon,default,8,8,priority,oldest,-182,84,80,95,0.25,1,3d,default,nonlooping,,1,0,25,225,85,0.25,no,no,none,0,,no,,,yes,no,no,0,0,yes,no,,0,,no,no,no
wpn_grenade_bounce_plaster,raw\sound\wpn\grenade\bounce\frag\metal\metal_01.LN65.pc.snd.wav,,loaded,bus_fx,grp_impacts,snp_hdrfx,,65,0,81,83,200,575,575,allon,default,allon,default,8,8,priority,oldest,-182,84,80,95,0.25,1,3d,default,nonlooping,,1,0,25,225,85,0.25,no,no,none,0,,no,,,yes,no,no,0,0,yes,no,,0,,no,no,no
wpn_grenade_bounce_plaster,raw\sound\wpn\grenade\bounce\frag\metal\metal_02.LN65.pc.snd.wav,,loaded,bus_fx,grp_impacts,snp_hdrfx,,65,0,81,83,200,575,575,allon,default,allon,default,8,8,priority,oldest,-182,84,80,95,0.25,1,3d,default,nonlooping,,1,0,25,225,85,0.25,no,no,none,0,,no,,,yes,no,no,0,0,yes,no,,0,,no,no,no
wpn_grenade_bounce_plaster,raw\sound\wpn\grenade\bounce\frag\metal\metal_03.LN65.pc.snd.wav,,loaded,bus_fx,grp_impacts,snp_hdrfx,,65,0,81,83,200,575,575,allon,default,allon,default,8,8,priority,oldest,-182,84,80,95,0.25,1,3d,default,nonlooping,,1,0,25,225,85,0.25,no,no,none,0,,no,,,yes,no,no,0,0,yes,no,,0,,no,no,no
wpn_grenade_bounce_plaster,raw\sound\wpn\grenade\bounce\frag\metal\metal_04.LN65.pc.snd.wav,,loaded,bus_fx,grp_impacts,snp_hdrfx,,65,0,81,83,200,575,575,allon,default,allon,default,8,8,priority,oldest,-182,84,80,95,0.25,1,3d,default,nonlooping,,1,0,25,225,85,0.25,no,no,none,0,,no,,,yes,no,no,0,0,yes,no,,0,,no,no,no
wpn_grenade_bounce_plastic,raw\sound\wpn\grenade\bounce\frag\earth\earth_00.LN65.pc.snd.wav,,loaded,bus_fx,grp_impacts,snp_hdrfx,,65,0,81,83,200,575,575,allon,default,allon,default,8,8,priority,oldest,-182,84,80,95,0.25,1,3d,default,nonlooping,,1,0,25,225,85,0.25,no,no,none,0,,no,,,yes,no,no,0,0,yes,no,,0,,no,no,no
wpn_grenade_bounce_plastic,raw\sound\wpn\grenade\bounce\frag\earth\earth_01.LN65.pc.snd.wav,,loaded,bus_fx,grp_impacts,snp_hdrfx,,65,0,81,83,200,575,575,allon,default,allon,default,8,8,priority,oldest,-182,84,80,95,0.25,1,3d,default,nonlooping,,1,0,25,225,85,0.25,no,no,none,0,,no,,,yes,no,no,0,0,yes,no,,0,,no,no,no
wpn_grenade_bounce_plastic,raw\sound\wpn\grenade\bounce\frag\earth\earth_02.LN65.pc.snd.wav,,loaded,bus_fx,grp_impacts,snp_hdrfx,,65,0,81,83,200,575,575,allon,default,allon,default,8,8,priority,oldest,-182,84,80,95,0.25,1,3d,default,nonlooping,,1,0,25,225,85,0.25,no,no,none,0,,no,,,yes,no,no,0,0,yes,no,,0,,no,no,no
wpn_grenade_bounce_plastic,raw\sound\wpn\grenade\bounce\frag\earth\earth_03.LN65.pc.snd.wav,,loaded,bus_fx,grp_impacts,snp_hdrfx,,65,0,81,83,200,575,575,allon,default,allon,default,8,8,priority,oldest,-182,84,80,95,0.25,1,3d,default,nonlooping,,1,0,25,225,85,0.25,no,no,none,0,,no,,,yes,no,no,0,0,yes,no,,0,,no,no,no
wpn_grenade_bounce_plastic,raw\sound\wpn\grenade\bounce\frag\earth\earth_04.LN65.pc.snd.wav,,loaded,bus_fx,grp_impacts,snp_hdrfx,,65,0,81,83,200,575,575,allon,default,allon,default,8,8,priority,oldest,-182,84,80,95,0.25,1,3d,default,nonlooping,,1,0,25,225,85,0.25,no,no,none,0,,no,,,yes,no,no,0,0,yes,no,,0,,no,no,no
wpn_grenade_bounce_rock,raw\sound\wpn\grenade\bounce\frag\metal\metal_00.LN65.pc.snd.wav,,loaded,bus_fx,grp_impacts,snp_hdrfx,,65,0,81,83,200,575,575,allon,default,allon,default,8,8,priority,oldest,-182,84,80,95,0.25,1,3d,default,nonlooping,,1,0,25,225,85,0.25,no,no,none,0,,no,,,yes,no,no,0,0,yes,no,,0,,no,no,no
wpn_grenade_bounce_rock,raw\sound\wpn\grenade\bounce\frag\metal\metal_01.LN65.pc.snd.wav,,loaded,bus_fx,grp_impacts,snp_hdrfx,,65,0,81,83,200,575,575,allon,default,allon,default,8,8,priority,oldest,-182,84,80,95,0.25,1,3d,default,nonlooping,,1,0,25,225,85,0.25,no,no,none,0,,no,,,yes,no,no,0,0,yes,no,,0,,no,no,no
wpn_grenade_bounce_rock,raw\sound\wpn\grenade\bounce\frag\metal\metal_02.LN65.pc.snd.wav,,loaded,bus_fx,grp_impacts,snp_hdrfx,,65,0,81,83,200,575,575,allon,default,allon,default,8,8,priority,oldest,-182,84,80,95,0.25,1,3d,default,nonlooping,,1,0,25,225,85,0.25,no,no,none,0,,no,,,yes,no,no,0,0,yes,no,,0,,no,no,no
wpn_grenade_bounce_rock,raw\sound\wpn\grenade\bounce\frag\metal\metal_03.LN65.pc.snd.wav,,loaded,bus_fx,grp_impacts,snp_hdrfx,,65,0,81,83,200,575,575,allon,default,allon,default,8,8,priority,oldest,-182,84,80,95,0.25,1,3d,default,nonlooping,,1,0,25,225,85,0.25,no,no,none,0,,no,,,yes,no,no,0,0,yes,no,,0,,no,no,no
wpn_grenade_bounce_rock,raw\sound\wpn\grenade\bounce\frag\metal\metal_04.LN65.pc.snd.wav,,loaded,bus_fx,grp_impacts,snp_hdrfx,,65,0,81,83,200,575,575,allon,default,allon,default,8,8,priority,oldest,-182,84,80,95,0.25,1,3d,default,nonlooping,,1,0,25,225,85,0.25,no,no,none,0,,no,,,yes,no,no,0,0,yes,no,,0,,no,no,no
wpn_grenade_bounce_rubber,raw\sound\wpn\grenade\bounce\frag\earth\earth_00.LN65.pc.snd.wav,,loaded,bus_fx,grp_impacts,snp_hdrfx,,65,0,81,83,200,575,575,allon,default,allon,default,8,8,priority,oldest,-182,84,80,95,0.25,1,3d,default,nonlooping,,1,0,25,225,85,0.25,no,no,none,0,,no,,,yes,no,no,0,0,yes,no,,0,,no,no,no
wpn_grenade_bounce_rubber,raw\sound\wpn\grenade\bounce\frag\earth\earth_01.LN65.pc.snd.wav,,loaded,bus_fx,grp_impacts,snp_hdrfx,,65,0,81,83,200,575,575,allon,default,allon,default,8,8,priority,oldest,-182,84,80,95,0.25,1,3d,default,nonlooping,,1,0,25,225,85,0.25,no,no,none,0,,no,,,yes,no,no,0,0,yes,no,,0,,no,no,no
wpn_grenade_bounce_rubber,raw\sound\wpn\grenade\bounce\frag\earth\earth_02.LN65.pc.snd.wav,,loaded,bus_fx,grp_impacts,snp_hdrfx,,65,0,81,83,200,575,575,allon,default,allon,default,8,8,priority,oldest,-182,84,80,95,0.25,1,3d,default,nonlooping,,1,0,25,225,85,0.25,no,no,none,0,,no,,,yes,no,no,0,0,yes,no,,0,,no,no,no
wpn_grenade_bounce_rubber,raw\sound\wpn\grenade\bounce\frag\earth\earth_03.LN65.pc.snd.wav,,loaded,bus_fx,grp_impacts,snp_hdrfx,,65,0,81,83,200,575,575,allon,default,allon,default,8,8,priority,oldest,-182,84,80,95,0.25,1,3d,default,nonlooping,,1,0,25,225,85,0.25,no,no,none,0,,no,,,yes,no,no,0,0,yes,no,,0,,no,no,no
wpn_grenade_bounce_rubber,raw\sound\wpn\grenade\bounce\frag\earth\earth_04.LN65.pc.snd.wav,,loaded,bus_fx,grp_impacts,snp_hdrfx,,65,0,81,83,200,575,575,allon,default,allon,default,8,8,priority,oldest,-182,84,80,95,0.25,1,3d,default,nonlooping,,1,0,25,225,85,0.25,no,no,none,0,,no,,,yes,no,no,0,0,yes,no,,0,,no,no,no
wpn_grenade_bounce_sand,raw\sound\wpn\grenade\bounce\frag\earth\earth_00.LN65.pc.snd.wav,,loaded,bus_fx,grp_impacts,snp_hdrfx,,65,0,81,83,200,575,575,allon,default,allon,default,8,8,priority,oldest,-182,84,80,95,0.25,1,3d,default,nonlooping,,1,0,25,225,85,0.25,no,no,none,0,,no,,,yes,no,no,0,0,yes,no,,0,,no,no,no
wpn_grenade_bounce_sand,raw\sound\wpn\grenade\bounce\frag\earth\earth_01.LN65.pc.snd.wav,,loaded,bus_fx,grp_impacts,snp_hdrfx,,65,0,81,83,200,575,575,allon,default,allon,default,8,8,priority,oldest,-182,84,80,95,0.25,1,3d,default,nonlooping,,1,0,25,225,85,0.25,no,no,none,0,,no,,,yes,no,no,0,0,yes,no,,0,,no,no,no
wpn_grenade_bounce_sand,raw\sound\wpn\grenade\bounce\frag\earth\earth_02.LN65.pc.snd.wav,,loaded,bus_fx,grp_impacts,snp_hdrfx,,65,0,81,83,200,575,575,allon,default,allon,default,8,8,priority,oldest,-182,84,80,95,0.25,1,3d,default,nonlooping,,1,0,25,225,85,0.25,no,no,none,0,,no,,,yes,no,no,0,0,yes,no,,0,,no,no,no
wpn_grenade_bounce_sand,raw\sound\wpn\grenade\bounce\frag\earth\earth_03.LN65.pc.snd.wav,,loaded,bus_fx,grp_impacts,snp_hdrfx,,65,0,81,83,200,575,575,allon,default,allon,default,8,8,priority,oldest,-182,84,80,95,0.25,1,3d,default,nonlooping,,1,0,25,225,85,0.25,no,no,none,0,,no,,,yes,no,no,0,0,yes,no,,0,,no,no,no
wpn_grenade_bounce_sand,raw\sound\wpn\grenade\bounce\frag\earth\earth_04.LN65.pc.snd.wav,,loaded,bus_fx,grp_impacts,snp_hdrfx,,65,0,81,83,200,575,575,allon,default,allon,default,8,8,priority,oldest,-182,84,80,95,0.25,1,3d,default,nonlooping,,1,0,25,225,85,0.25,no,no,none,0,,no,,,yes,no,no,0,0,yes,no,,0,,no,no,no
wpn_grenade_bounce_snow,raw\sound\wpn\grenade\bounce\frag\earth\earth_00.LN65.pc.snd.wav,,loaded,bus_fx,grp_impacts,snp_hdrfx,,65,0,81,83,200,575,575,allon,default,allon,default,8,8,priority,oldest,-182,84,80,95,0.25,1,3d,default,nonlooping,,1,0,25,225,85,0.25,no,no,none,0,,no,,,yes,no,no,0,0,yes,no,,0,,no,no,no
wpn_grenade_bounce_snow,raw\sound\wpn\grenade\bounce\frag\earth\earth_01.LN65.pc.snd.wav,,loaded,bus_fx,grp_impacts,snp_hdrfx,,65,0,81,83,200,575,575,allon,default,allon,default,8,8,priority,oldest,-182,84,80,95,0.25,1,3d,default,nonlooping,,1,0,25,225,85,0.25,no,no,none,0,,no,,,yes,no,no,0,0,yes,no,,0,,no,no,no
wpn_grenade_bounce_snow,raw\sound\wpn\grenade\bounce\frag\earth\earth_02.LN65.pc.snd.wav,,loaded,bus_fx,grp_impacts,snp_hdrfx,,65,0,81,83,200,575,575,allon,default,allon,default,8,8,priority,oldest,-182,84,80,95,0.25,1,3d,default,nonlooping,,1,0,25,225,85,0.25,no,no,none,0,,no,,,yes,no,no,0,0,yes,no,,0,,no,no,no
wpn_grenade_bounce_snow,raw\sound\wpn\grenade\bounce\frag\earth\earth_03.LN65.pc.snd.wav,,loaded,bus_fx,grp_impacts,snp_hdrfx,,65,0,81,83,200,575,575,allon,default,allon,default,8,8,priority,oldest,-182,84,80,95,0.25,1,3d,default,nonlooping,,1,0,25,225,85,0.25,no,no,none,0,,no,,,yes,no,no,0,0,yes,no,,0,,no,no,no
wpn_grenade_bounce_snow,raw\sound\wpn\grenade\bounce\frag\earth\earth_04.LN65.pc.snd.wav,,loaded,bus_fx,grp_impacts,snp_hdrfx,,65,0,81,83,200,575,575,allon,default,allon,default,8,8,priority,oldest,-182,84,80,95,0.25,1,3d,default,nonlooping,,1,0,25,225,85,0.25,no,no,none,0,,no,,,yes,no,no,0,0,yes,no,,0,,no,no,no
wpn_grenade_bounce_water,raw\sound\wpn\grenade\bounce\frag\water\water_00.LN65.pc.snd.wav,,loaded,bus_fx,grp_impacts,snp_hdrfx,,65,0,81,83,200,575,575,allon,default,allon,default,8,8,priority,oldest,-182,84,80,95,0.25,1,3d,default,nonlooping,,1,0,25,225,85,0.25,no,no,none,0,,no,,,yes,no,no,0,0,yes,no,,0,,no,no,no
wpn_grenade_bounce_water,raw\sound\wpn\grenade\bounce\frag\water\water_01.LN65.pc.snd.wav,,loaded,bus_fx,grp_impacts,snp_hdrfx,,65,0,81,83,200,575,575,allon,default,allon,default,8,8,priority,oldest,-182,84,80,95,0.25,1,3d,default,nonlooping,,1,0,25,225,85,0.25,no,no,none,0,,no,,,yes,no,no,0,0,yes,no,,0,,no,no,no
wpn_grenade_bounce_water,raw\sound\wpn\grenade\bounce\frag\water\water_02.LN65.pc.snd.wav,,loaded,bus_fx,grp_impacts,snp_hdrfx,,65,0,81,83,200,575,575,allon,default,allon,default,8,8,priority,oldest,-182,84,80,95,0.25,1,3d,default,nonlooping,,1,0,25,225,85,0.25,no,no,none,0,,no,,,yes,no,no,0,0,yes,no,,0,,no,no,no
wpn_grenade_bounce_water,raw\sound\wpn\grenade\bounce\frag\water\water_03.LN65.pc.snd.wav,,loaded,bus_fx,grp_impacts,snp_hdrfx,,65,0,81,83,200,575,575,allon,default,allon,default,8,8,priority,oldest,-182,84,80,95,0.25,1,3d,default,nonlooping,,1,0,25,225,85,0.25,no,no,none,0,,no,,,yes,no,no,0,0,yes,no,,0,,no,no,no
wpn_grenade_bounce_wood,raw\sound\wpn\grenade\bounce\frag\wood\wood_00.LN65.pc.snd.wav,,loaded,bus_fx,grp_impacts,snp_hdrfx,,65,0,81,83,200,575,575,allon,default,allon,default,8,8,priority,oldest,-182,84,80,95,0.25,1,3d,default,nonlooping,,1,0,25,225,85,0.25,no,no,none,0,,no,,,yes,no,no,0,0,yes,no,,0,,no,no,no
wpn_grenade_bounce_wood,raw\sound\wpn\grenade\bounce\frag\wood\wood_01.LN65.pc.snd.wav,,loaded,bus_fx,grp_impacts,snp_hdrfx,,65,0,81,83,200,575,575,allon,default,allon,default,8,8,priority,oldest,-182,84,80,95,0.25,1,3d,default,nonlooping,,1,0,25,225,85,0.25,no,no,none,0,,no,,,yes,no,no,0,0,yes,no,,0,,no,no,no
wpn_grenade_bounce_wood,raw\sound\wpn\grenade\bounce\frag\wood\wood_02.LN65.pc.snd.wav,,loaded,bus_fx,grp_impacts,snp_hdrfx,,65,0,81,83,200,575,575,allon,default,allon,default,8,8,priority,oldest,-182,84,80,95,0.25,1,3d,default,nonlooping,,1,0,25,225,85,0.25,no,no,none,0,,no,,,yes,no,no,0,0,yes,no,,0,,no,no,no
wpn_grenade_bounce_wood,raw\sound\wpn\grenade\bounce\frag\wood\wood_03.LN65.pc.snd.wav,,loaded,bus_fx,grp_impacts,snp_hdrfx,,65,0,81,83,200,575,575,allon,default,allon,default,8,8,priority,oldest,-182,84,80,95,0.25,1,3d,default,nonlooping,,1,0,25,225,85,0.25,no,no,none,0,,no,,,yes,no,no,0,0,yes,no,,0,,no,no,no
wpn_grenade_bounce_wood,raw\sound\wpn\grenade\bounce\frag\wood\wood_04.LN65.pc.snd.wav,,loaded,bus_fx,grp_impacts,snp_hdrfx,,65,0,81,83,200,575,575,allon,default,allon,default,8,8,priority,oldest,-182,84,80,95,0.25,1,3d,default,nonlooping,,1,0,25,225,85,0.25,no,no,none,0,,no,,,yes,no,no,0,0,yes,no,,0,,no,no,no
wpn_grenade_explode,raw\sound\wpn\grenade\explosion\explode\explode_00.LN65.pc.snd.wav,wpn_grenade_explode_close,loaded,bus_fx,grp_explosion,snp_grenade,@3bc2ac7,60,0,95,95,750,4500,6000,allon,default,allon,default,4,8,oldest,oldest,-300,300,90,99,0.25,0.8,3d,quad,nonlooping,,1,0,0,0,0,0.1,yes,no,none,0,,no,,,yes,no,no,0,0,yes,no,,0,,no,no,no
wpn_grenade_explode_asphalt,raw\sound\wpn\grenade\explosion\debris\rock\rock_00.LN65.pc.snd.wav,,loaded,bus_hdrfx,grp_explosion,snp_explosion,,50,0,90,95,200,475,700,allon,default,allon,default,2,8,priority,oldest,-300,300,20,75,0.25,0.75,3d,default,nonlooping,,1,250,50,200,97,0.4,no,no,none,0,,no,,,yes,no,no,0,0,yes,no,,0,,no,no,no
wpn_grenade_explode_asphalt,raw\sound\wpn\grenade\explosion\debris\rock\rock_01.LN65.pc.snd.wav,,loaded,bus_hdrfx,grp_explosion,snp_explosion,,50,0,90,95,200,475,700,allon,default,allon,default,2,8,priority,oldest,-300,300,20,75,0.25,0.75,3d,default,nonlooping,,1,250,50,200,97,0.4,no,no,none,0,,no,,,yes,no,no,0,0,yes,no,,0,,no,no,no
wpn_grenade_explode_asphalt,raw\sound\wpn\grenade\explosion\debris\rock\rock_02.LN65.pc.snd.wav,,loaded,bus_hdrfx,grp_explosion,snp_explosion,,50,0,90,95,200,475,700,allon,default,allon,default,2,8,priority,oldest,-300,300,20,75,0.25,0.75,3d,default,nonlooping,,1,250,50,200,97,0.4,no,no,none,0,,no,,,yes,no,no,0,0,yes,no,,0,,no,no,no
wpn_grenade_explode_bark,raw\sound\wpn\grenade\explosion\debris\dirt\dirt_00.LN65.pc.snd.wav,,loaded,bus_hdrfx,grp_explosion,snp_explosion,,50,0,90,95,200,475,700,allon,default,allon,default,2,8,priority,oldest,-300,300,20,75,0.25,0.75,3d,default,nonlooping,,1,250,50,200,97,0.4,no,no,none,0,,no,,,yes,no,no,0,0,yes,no,,0,,no,no,no
wpn_grenade_explode_bark,raw\sound\wpn\grenade\explosion\debris\dirt\dirt_01.LN65.pc.snd.wav,,loaded,bus_hdrfx,grp_explosion,snp_explosion,,50,0,90,95,200,475,700,allon,default,allon,default,2,8,priority,oldest,-300,300,20,75,0.25,0.75,3d,default,nonlooping,,1,250,50,200,97,0.4,no,no,none,0,,no,,,yes,no,no,0,0,yes,no,,0,,no,no,no
wpn_grenade_explode_bark,raw\sound\wpn\grenade\explosion\debris\dirt\dirt_02.LN65.pc.snd.wav,,loaded,bus_hdrfx,grp_explosion,snp_explosion,,50,0,90,95,200,475,700,allon,default,allon,default,2,8,priority,oldest,-300,300,20,75,0.25,0.75,3d,default,nonlooping,,1,250,50,200,97,0.4,no,no,none,0,,no,,,yes,no,no,0,0,yes,no,,0,,no,no,no
wpn_grenade_explode_brick,raw\sound\wpn\grenade\explosion\debris\rock\rock_00.LN65.pc.snd.wav,,loaded,bus_hdrfx,grp_explosion,snp_explosion,,50,0,90,95,200,475,700,allon,default,allon,default,2,8,priority,oldest,-300,300,20,75,0.25,0.75,3d,default,nonlooping,,1,250,50,200,97,0.4,no,no,none,0,,no,,,yes,no,no,0,0,yes,no,,0,,no,no,no
wpn_grenade_explode_brick,raw\sound\wpn\grenade\explosion\debris\rock\rock_01.LN65.pc.snd.wav,,loaded,bus_hdrfx,grp_explosion,snp_explosion,,50,0,90,95,200,475,700,allon,default,allon,default,2,8,priority,oldest,-300,300,20,75,0.25,0.75,3d,default,nonlooping,,1,250,50,200,97,0.4,no,no,none,0,,no,,,yes,no,no,0,0,yes,no,,0,,no,no,no
wpn_grenade_explode_brick,raw\sound\wpn\grenade\explosion\debris\rock\rock_02.LN65.pc.snd.wav,,loaded,bus_hdrfx,grp_explosion,snp_explosion,,50,0,90,95,200,475,700,allon,default,allon,default,2,8,priority,oldest,-300,300,20,75,0.25,0.75,3d,default,nonlooping,,1,250,50,200,97,0.4,no,no,none,0,,no,,,yes,no,no,0,0,yes,no,,0,,no,no,no
wpn_grenade_explode_carpet,raw\sound\wpn\grenade\explosion\debris\wood\wood_00.LN65.pc.snd.wav,,loaded,bus_hdrfx,grp_explosion,snp_explosion,,50,0,90,95,200,475,700,allon,default,allon,default,2,8,priority,oldest,-300,300,20,75,0.25,0.75,3d,default,nonlooping,,1,250,50,200,97,0.4,no,no,none,0,,no,,,yes,no,no,0,0,yes,no,,0,,no,no,no
wpn_grenade_explode_carpet,raw\sound\wpn\grenade\explosion\debris\wood\wood_01.LN65.pc.snd.wav,,loaded,bus_hdrfx,grp_explosion,snp_explosion,,50,0,90,95,200,475,700,allon,default,allon,default,2,8,priority,oldest,-300,300,20,75,0.25,0.75,3d,default,nonlooping,,1,250,50,200,97,0.4,no,no,none,0,,no,,,yes,no,no,0,0,yes,no,,0,,no,no,no
wpn_grenade_explode_carpet,raw\sound\wpn\grenade\explosion\debris\wood\wood_02.LN65.pc.snd.wav,,loaded,bus_hdrfx,grp_explosion,snp_explosion,,50,0,90,95,200,475,700,allon,default,allon,default,2,8,priority,oldest,-300,300,20,75,0.25,0.75,3d,default,nonlooping,,1,250,50,200,97,0.4,no,no,none,0,,no,,,yes,no,no,0,0,yes,no,,0,,no,no,no
wpn_grenade_explode_ceramic,raw\sound\wpn\grenade\explosion\debris\rock\rock_00.LN65.pc.snd.wav,,loaded,bus_hdrfx,grp_explosion,snp_explosion,,50,0,90,95,200,475,700,allon,default,allon,default,2,8,priority,oldest,-300,300,20,75,0.25,0.75,3d,default,nonlooping,,1,250,50,200,97,0.4,no,no,none,0,,no,,,yes,no,no,0,0,yes,no,,0,,no,no,no
wpn_grenade_explode_ceramic,raw\sound\wpn\grenade\explosion\debris\rock\rock_01.LN65.pc.snd.wav,,loaded,bus_hdrfx,grp_explosion,snp_explosion,,50,0,90,95,200,475,700,allon,default,allon,default,2,8,priority,oldest,-300,300,20,75,0.25,0.75,3d,default,nonlooping,,1,250,50,200,97,0.4,no,no,none,0,,no,,,yes,no,no,0,0,yes,no,,0,,no,no,no
wpn_grenade_explode_ceramic,raw\sound\wpn\grenade\explosion\debris\rock\rock_02.LN65.pc.snd.wav,,loaded,bus_hdrfx,grp_explosion,snp_explosion,,50,0,90,95,200,475,700,allon,default,allon,default,2,8,priority,oldest,-300,300,20,75,0.25,0.75,3d,default,nonlooping,,1,250,50,200,97,0.4,no,no,none,0,,no,,,yes,no,no,0,0,yes,no,,0,,no,no,no
wpn_grenade_explode_close,raw\sound\wpn\grenade\explosion\explode_close\explode_close_00.LN65.pc.snd.wav,wpn_grenade_explode_lfe,loaded,bus_fx,grp_explosion,snp_grenade,@3bc2ac7,19.234,0,95,95,125,400,500,allon,default,allon,default,4,8,oldest,oldest,-300,300,90,99,0.25,0.8,3d,quad,nonlooping,,1,0,0,0,0,0.1,yes,no,none,0,,no,,,yes,no,no,0,0,yes,no,,0,,no,no,no
wpn_grenade_explode_cloth,raw\sound\wpn\grenade\explosion\debris\dirt\dirt_00.LN65.pc.snd.wav,,loaded,bus_hdrfx,grp_explosion,snp_explosion,,50,0,90,95,200,475,700,allon,default,allon,default,2,8,priority,oldest,-300,300,20,75,0.25,0.75,3d,default,nonlooping,,1,250,50,200,97,0.4,no,no,none,0,,no,,,yes,no,no,0,0,yes,no,,0,,no,no,no
wpn_grenade_explode_cloth,raw\sound\wpn\grenade\explosion\debris\dirt\dirt_01.LN65.pc.snd.wav,,loaded,bus_hdrfx,grp_explosion,snp_explosion,,50,0,90,95,200,475,700,allon,default,allon,default,2,8,priority,oldest,-300,300,20,75,0.25,0.75,3d,default,nonlooping,,1,250,50,200,97,0.4,no,no,none,0,,no,,,yes,no,no,0,0,yes,no,,0,,no,no,no
wpn_grenade_explode_cloth,raw\sound\wpn\grenade\explosion\debris\dirt\dirt_02.LN65.pc.snd.wav,,loaded,bus_hdrfx,grp_explosion,snp_explosion,,50,0,90,95,200,475,700,allon,default,allon,default,2,8,priority,oldest,-300,300,20,75,0.25,0.75,3d,default,nonlooping,,1,250,50,200,97,0.4,no,no,none,0,,no,,,yes,no,no,0,0,yes,no,,0,,no,no,no
wpn_grenade_explode_concrete,raw\sound\wpn\grenade\explosion\debris\rock\rock_00.LN65.pc.snd.wav,,loaded,bus_hdrfx,grp_explosion,snp_explosion,,50,0,90,95,200,475,700,allon,default,allon,default,2,8,priority,oldest,-300,300,20,75,0.25,0.75,3d,default,nonlooping,,1,250,50,200,97,0.4,no,no,none,0,,no,,,yes,no,no,0,0,yes,no,,0,,no,no,no
wpn_grenade_explode_concrete,raw\sound\wpn\grenade\explosion\debris\rock\rock_01.LN65.pc.snd.wav,,loaded,bus_hdrfx,grp_explosion,snp_explosion,,50,0,90,95,200,475,700,allon,default,allon,default,2,8,priority,oldest,-300,300,20,75,0.25,0.75,3d,default,nonlooping,,1,250,50,200,97,0.4,no,no,none,0,,no,,,yes,no,no,0,0,yes,no,,0,,no,no,no
wpn_grenade_explode_concrete,raw\sound\wpn\grenade\explosion\debris\rock\rock_02.LN65.pc.snd.wav,,loaded,bus_hdrfx,grp_explosion,snp_explosion,,50,0,90,95,200,475,700,allon,default,allon,default,2,8,priority,oldest,-300,300,20,75,0.25,0.75,3d,default,nonlooping,,1,250,50,200,97,0.4,no,no,none,0,,no,,,yes,no,no,0,0,yes,no,,0,,no,no,no
wpn_grenade_explode_cushion,raw\sound\wpn\grenade\explosion\debris\dirt\dirt_00.LN65.pc.snd.wav,,loaded,bus_hdrfx,grp_explosion,snp_explosion,,50,0,90,95,200,475,700,allon,default,allon,default,2,8,priority,oldest,-300,300,20,75,0.25,0.75,3d,default,nonlooping,,1,250,50,200,97,0.4,no,no,none,0,,no,,,yes,no,no,0,0,yes,no,,0,,no,no,no
wpn_grenade_explode_cushion,raw\sound\wpn\grenade\explosion\debris\dirt\dirt_01.LN65.pc.snd.wav,,loaded,bus_hdrfx,grp_explosion,snp_explosion,,50,0,90,95,200,475,700,allon,default,allon,default,2,8,priority,oldest,-300,300,20,75,0.25,0.75,3d,default,nonlooping,,1,250,50,200,97,0.4,no,no,none,0,,no,,,yes,no,no,0,0,yes,no,,0,,no,no,no
wpn_grenade_explode_cushion,raw\sound\wpn\grenade\explosion\debris\dirt\dirt_02.LN65.pc.snd.wav,,loaded,bus_hdrfx,grp_explosion,snp_explosion,,50,0,90,95,200,475,700,allon,default,allon,default,2,8,priority,oldest,-300,300,20,75,0.25,0.75,3d,default,nonlooping,,1,250,50,200,97,0.4,no,no,none,0,,no,,,yes,no,no,0,0,yes,no,,0,,no,no,no
wpn_grenade_explode_default,raw\sound\wpn\grenade\explosion\debris\dirt\dirt_00.LN65.pc.snd.wav,,loaded,bus_hdrfx,grp_explosion,snp_explosion,,50,0,90,95,200,475,700,allon,default,allon,default,2,8,priority,oldest,-300,300,20,75,0.25,0.75,3d,default,nonlooping,,1,250,50,200,97,0.4,no,no,none,0,,no,,,yes,no,no,0,0,yes,no,,0,,no,no,no
wpn_grenade_explode_default,raw\sound\wpn\grenade\explosion\debris\dirt\dirt_01.LN65.pc.snd.wav,,loaded,bus_hdrfx,grp_explosion,snp_explosion,,50,0,90,95,200,475,700,allon,default,allon,default,2,8,priority,oldest,-300,300,20,75,0.25,0.75,3d,default,nonlooping,,1,250,50,200,97,0.4,no,no,none,0,,no,,,yes,no,no,0,0,yes,no,,0,,no,no,no
wpn_grenade_explode_default,raw\sound\wpn\grenade\explosion\debris\dirt\dirt_02.LN65.pc.snd.wav,,loaded,bus_hdrfx,grp_explosion,snp_explosion,,50,0,90,95,200,475,700,allon,default,allon,default,2,8,priority,oldest,-300,300,20,75,0.25,0.75,3d,default,nonlooping,,1,250,50,200,97,0.4,no,no,none,0,,no,,,yes,no,no,0,0,yes,no,,0,,no,no,no
wpn_grenade_explode_dirt,raw\sound\wpn\grenade\explosion\debris\dirt\dirt_00.LN65.pc.snd.wav,,loaded,bus_hdrfx,grp_explosion,snp_explosion,,50,0,90,95,200,475,700,allon,default,allon,default,2,8,priority,oldest,-300,300,20,75,0.25,0.75,3d,default,nonlooping,,1,250,50,200,97,0.4,no,no,none,0,,no,,,yes,no,no,0,0,yes,no,,0,,no,no,no
wpn_grenade_explode_dirt,raw\sound\wpn\grenade\explosion\debris\dirt\dirt_01.LN65.pc.snd.wav,,loaded,bus_hdrfx,grp_explosion,snp_explosion,,50,0,90,95,200,475,700,allon,default,allon,default,2,8,priority,oldest,-300,300,20,75,0.25,0.75,3d,default,nonlooping,,1,250,50,200,97,0.4,no,no,none,0,,no,,,yes,no,no,0,0,yes,no,,0,,no,no,no
wpn_grenade_explode_dirt,raw\sound\wpn\grenade\explosion\debris\dirt\dirt_02.LN65.pc.snd.wav,,loaded,bus_hdrfx,grp_explosion,snp_explosion,,50,0,90,95,200,475,700,allon,default,allon,default,2,8,priority,oldest,-300,300,20,75,0.25,0.75,3d,default,nonlooping,,1,250,50,200,97,0.4,no,no,none,0,,no,,,yes,no,no,0,0,yes,no,,0,,no,no,no
wpn_grenade_explode_dist,raw\sound\exp\decay\exp_explosion_decay.LN65.pc.snd.wav,wpn_grenade_explode_flux_l,loaded,bus_fx,grp_explosion,snp_grenade,,80,0,90,90,500,6000,6000,allon,default,allon,default,8,8,oldest,oldest,-300,300,70,95,0.25,1,3d,default,nonlooping,,1,150,50,250,97,0,no,yes,none,0,,no,,,yes,no,no,0,0,yes,no,,0,,no,no,no
wpn_grenade_explode_flesh,raw\sound\wpn\grenade\explosion\debris\dirt\dirt_00.LN65.pc.snd.wav,,loaded,bus_hdrfx,grp_explosion,snp_explosion,,50,0,90,95,200,475,700,allon,default,allon,default,2,8,priority,oldest,-300,300,20,75,0.25,0.75,3d,default,nonlooping,,1,250,50,200,97,0.4,no,no,none,0,,no,,,yes,no,no,0,0,yes,no,,0,,no,no,no
wpn_grenade_explode_flesh,raw\sound\wpn\grenade\explosion\debris\dirt\dirt_01.LN65.pc.snd.wav,,loaded,bus_hdrfx,grp_explosion,snp_explosion,,50,0,90,95,200,475,700,allon,default,allon,default,2,8,priority,oldest,-300,300,20,75,0.25,0.75,3d,default,nonlooping,,1,250,50,200,97,0.4,no,no,none,0,,no,,,yes,no,no,0,0,yes,no,,0,,no,no,no
wpn_grenade_explode_flesh,raw\sound\wpn\grenade\explosion\debris\dirt\dirt_02.LN65.pc.snd.wav,,loaded,bus_hdrfx,grp_explosion,snp_explosion,,50,0,90,95,200,475,700,allon,default,allon,default,2,8,priority,oldest,-300,300,20,75,0.25,0.75,3d,default,nonlooping,,1,250,50,200,97,0.4,no,no,none,0,,no,,,yes,no,no,0,0,yes,no,,0,,no,no,no
wpn_grenade_explode_flux_l,raw\sound\wpn\grenade\explosion\flux_l\flux_l_00.LN65.pc.snd.wav,wpn_grenade_explode_flux_r,loaded,bus_fx,grp_explosion,snp_grenade,,75,0,71,73,100,1250,1250,allon,default,allon,default,2,8,priority,oldest,-300,300,30,40,0.25,1,3d,default,nonlooping,,1,150,0,0,0,0.5,no,no,left_player,1500,,no,,,yes,no,no,0,0,yes,no,,0,,no,no,no
wpn_grenade_explode_flux_r,raw\sound\wpn\grenade\explosion\flux_r\flux_r_00.LN65.pc.snd.wav,,loaded,bus_fx,grp_explosion,snp_grenade,,75,0,71,73,100,1250,1250,allon,default,allon,default,2,8,priority,oldest,-300,300,30,40,0.25,1,3d,default,nonlooping,,1,175,0,0,0,0.5,no,no,right_player,1500,,no,,,yes,no,no,0,0,yes,no,,0,,no,no,no
wpn_grenade_explode_foliage,raw\sound\wpn\grenade\explosion\debris\dirt\dirt_00.LN65.pc.snd.wav,,loaded,bus_hdrfx,grp_explosion,snp_explosion,,50,0,90,95,200,475,700,allon,default,allon,default,2,8,priority,oldest,-300,300,20,75,0.25,0.75,3d,default,nonlooping,,1,250,50,200,97,0.4,no,no,none,0,,no,,,yes,no,no,0,0,yes,no,,0,,no,no,no
wpn_grenade_explode_foliage,raw\sound\wpn\grenade\explosion\debris\dirt\dirt_01.LN65.pc.snd.wav,,loaded,bus_hdrfx,grp_explosion,snp_explosion,,50,0,90,95,200,475,700,allon,default,allon,default,2,8,priority,oldest,-300,300,20,75,0.25,0.75,3d,default,nonlooping,,1,250,50,200,97,0.4,no,no,none,0,,no,,,yes,no,no,0,0,yes,no,,0,,no,no,no
wpn_grenade_explode_foliage,raw\sound\wpn\grenade\explosion\debris\dirt\dirt_02.LN65.pc.snd.wav,,loaded,bus_hdrfx,grp_explosion,snp_explosion,,50,0,90,95,200,475,700,allon,default,allon,default,2,8,priority,oldest,-300,300,20,75,0.25,0.75,3d,default,nonlooping,,1,250,50,200,97,0.4,no,no,none,0,,no,,,yes,no,no,0,0,yes,no,,0,,no,no,no
wpn_grenade_explode_fruit,raw\sound\wpn\grenade\explosion\debris\dirt\dirt_00.LN65.pc.snd.wav,,loaded,bus_hdrfx,grp_explosion,snp_explosion,,50,0,90,95,200,475,700,allon,default,allon,default,2,8,priority,oldest,-300,300,20,75,0.25,0.75,3d,default,nonlooping,,1,250,50,200,97,0.4,no,no,none,0,,no,,,yes,no,no,0,0,yes,no,,0,,no,no,no
wpn_grenade_explode_fruit,raw\sound\wpn\grenade\explosion\debris\dirt\dirt_01.LN65.pc.snd.wav,,loaded,bus_hdrfx,grp_explosion,snp_explosion,,50,0,90,95,200,475,700,allon,default,allon,default,2,8,priority,oldest,-300,300,20,75,0.25,0.75,3d,default,nonlooping,,1,250,50,200,97,0.4,no,no,none,0,,no,,,yes,no,no,0,0,yes,no,,0,,no,no,no
wpn_grenade_explode_fruit,raw\sound\wpn\grenade\explosion\debris\dirt\dirt_02.LN65.pc.snd.wav,,loaded,bus_hdrfx,grp_explosion,snp_explosion,,50,0,90,95,200,475,700,allon,default,allon,default,2,8,priority,oldest,-300,300,20,75,0.25,0.75,3d,default,nonlooping,,1,250,50,200,97,0.4,no,no,none,0,,no,,,yes,no,no,0,0,yes,no,,0,,no,no,no
wpn_grenade_explode_glass,raw\sound\dst\generic\glass\med\glass_break_medium_00.LN65.pc.snd.wav,,loaded,bus_hdrfx,grp_explosion,snp_explosion,,50,0,90,95,200,475,700,allon,default,allon,default,2,8,priority,oldest,-300,300,20,75,0.25,0.75,3d,default,nonlooping,,1,250,50,200,97,0.4,no,no,none,0,,no,,,yes,no,no,0,0,yes,no,,0,,no,no,no
wpn_grenade_explode_grass,raw\sound\wpn\grenade\explosion\debris\dirt\dirt_00.LN65.pc.snd.wav,,loaded,bus_hdrfx,grp_explosion,snp_explosion,,50,0,90,95,200,475,700,allon,default,allon,default,2,8,priority,oldest,-300,300,20,75,0.25,0.75,3d,default,nonlooping,,1,250,50,200,97,0.4,no,no,none,0,,no,,,yes,no,no,0,0,yes,no,,0,,no,no,no
wpn_grenade_explode_grass,raw\sound\wpn\grenade\explosion\debris\dirt\dirt_01.LN65.pc.snd.wav,,loaded,bus_hdrfx,grp_explosion,snp_explosion,,50,0,90,95,200,475,700,allon,default,allon,default,2,8,priority,oldest,-300,300,20,75,0.25,0.75,3d,default,nonlooping,,1,250,50,200,97,0.4,no,no,none,0,,no,,,yes,no,no,0,0,yes,no,,0,,no,no,no
wpn_grenade_explode_grass,raw\sound\wpn\grenade\explosion\debris\dirt\dirt_02.LN65.pc.snd.wav,,loaded,bus_hdrfx,grp_explosion,snp_explosion,,50,0,90,95,200,475,700,allon,default,allon,default,2,8,priority,oldest,-300,300,20,75,0.25,0.75,3d,default,nonlooping,,1,250,50,200,97,0.4,no,no,none,0,,no,,,yes,no,no,0,0,yes,no,,0,,no,no,no
wpn_grenade_explode_gravel,raw\sound\wpn\grenade\explosion\debris\dirt\dirt_00.LN65.pc.snd.wav,,loaded,bus_hdrfx,grp_explosion,snp_explosion,,50,0,90,95,200,475,700,allon,default,allon,default,2,8,priority,oldest,-300,300,20,75,0.25,0.75,3d,default,nonlooping,,1,250,50,200,97,0.4,no,no,none,0,,no,,,yes,no,no,0,0,yes,no,,0,,no,no,no
wpn_grenade_explode_gravel,raw\sound\wpn\grenade\explosion\debris\dirt\dirt_01.LN65.pc.snd.wav,,loaded,bus_hdrfx,grp_explosion,snp_explosion,,50,0,90,95,200,475,700,allon,default,allon,default,2,8,priority,oldest,-300,300,20,75,0.25,0.75,3d,default,nonlooping,,1,250,50,200,97,0.4,no,no,none,0,,no,,,yes,no,no,0,0,yes,no,,0,,no,no,no
wpn_grenade_explode_gravel,raw\sound\wpn\grenade\explosion\debris\dirt\dirt_02.LN65.pc.snd.wav,,loaded,bus_hdrfx,grp_explosion,snp_explosion,,50,0,90,95,200,475,700,allon,default,allon,default,2,8,priority,oldest,-300,300,20,75,0.25,0.75,3d,default,nonlooping,,1,250,50,200,97,0.4,no,no,none,0,,no,,,yes,no,no,0,0,yes,no,,0,,no,no,no
wpn_grenade_explode_ice,raw\sound\wpn\grenade\explosion\debris\snow\snow_00.LN65.pc.snd.wav,,loaded,bus_hdrfx,grp_explosion,snp_explosion,,50,0,90,95,200,475,700,allon,default,allon,default,2,8,priority,oldest,-300,300,20,75,0.25,0.75,3d,default,nonlooping,,1,250,50,200,97,0.4,no,no,none,0,,no,,,yes,no,no,0,0,yes,no,,0,,no,no,no
wpn_grenade_explode_ice,raw\sound\wpn\grenade\explosion\debris\snow\snow_01.LN65.pc.snd.wav,,loaded,bus_hdrfx,grp_explosion,snp_explosion,,50,0,90,95,200,475,700,allon,default,allon,default,2,8,priority,oldest,-300,300,20,75,0.25,0.75,3d,default,nonlooping,,1,250,50,200,97,0.4,no,no,none,0,,no,,,yes,no,no,0,0,yes,no,,0,,no,no,no
wpn_grenade_explode_ice,raw\sound\wpn\grenade\explosion\debris\snow\snow_02.LN65.pc.snd.wav,,loaded,bus_hdrfx,grp_explosion,snp_explosion,,50,0,90,95,200,475,700,allon,default,allon,default,2,8,priority,oldest,-300,300,20,75,0.25,0.75,3d,default,nonlooping,,1,250,50,200,97,0.4,no,no,none,0,,no,,,yes,no,no,0,0,yes,no,,0,,no,no,no
wpn_grenade_explode_lfe,raw\sound\wpn\grenade\explosion\lfe\exp_grenade_lfe.LN65.pc.snd.wav,wpn_grenade_explode_dist,loaded,bus_hdrfx,grp_lfe,snp_grenade,,0,0,90,90,250,750,900,allon,default,allon,default,4,8,oldest,oldest,0,0,25,80,0.25,0.75,3d,lfe,nonlooping,,1,0,0,0,0,0,yes,no,none,0,,no,,,yes,no,no,0,0,yes,no,,0,,no,no,no
wpn_grenade_explode_metal,raw\sound\wpn\grenade\explosion\debris\rock\rock_00.LN65.pc.snd.wav,,loaded,bus_hdrfx,grp_explosion,snp_explosion,,50,0,90,95,200,475,700,allon,default,allon,default,2,8,priority,oldest,-300,300,20,75,0.25,0.75,3d,default,nonlooping,,1,250,50,200,97,0.4,no,no,none,0,,no,,,yes,no,no,0,0,yes,no,,0,,no,no,no
wpn_grenade_explode_metal,raw\sound\wpn\grenade\explosion\debris\rock\rock_01.LN65.pc.snd.wav,,loaded,bus_hdrfx,grp_explosion,snp_explosion,,50,0,90,95,200,475,700,allon,default,allon,default,2,8,priority,oldest,-300,300,20,75,0.25,0.75,3d,default,nonlooping,,1,250,50,200,97,0.4,no,no,none,0,,no,,,yes,no,no,0,0,yes,no,,0,,no,no,no
wpn_grenade_explode_metal,raw\sound\wpn\grenade\explosion\debris\rock\rock_02.LN65.pc.snd.wav,,loaded,bus_hdrfx,grp_explosion,snp_explosion,,50,0,90,95,200,475,700,allon,default,allon,default,2,8,priority,oldest,-300,300,20,75,0.25,0.75,3d,default,nonlooping,,1,250,50,200,97,0.4,no,no,none,0,,no,,,yes,no,no,0,0,yes,no,,0,,no,no,no
wpn_grenade_explode_mud,raw\sound\wpn\grenade\explosion\debris\dirt\dirt_00.LN65.pc.snd.wav,,loaded,bus_hdrfx,grp_explosion,snp_explosion,,50,0,90,95,200,475,700,allon,default,allon,default,2,8,priority,oldest,-300,300,20,75,0.25,0.75,3d,default,nonlooping,,1,250,50,200,97,0.4,no,no,none,0,,no,,,yes,no,no,0,0,yes,no,,0,,no,no,no
wpn_grenade_explode_mud,raw\sound\wpn\grenade\explosion\debris\dirt\dirt_01.LN65.pc.snd.wav,,loaded,bus_hdrfx,grp_explosion,snp_explosion,,50,0,90,95,200,475,700,allon,default,allon,default,2,8,priority,oldest,-300,300,20,75,0.25,0.75,3d,default,nonlooping,,1,250,50,200,97,0.4,no,no,none,0,,no,,,yes,no,no,0,0,yes,no,,0,,no,no,no
wpn_grenade_explode_mud,raw\sound\wpn\grenade\explosion\debris\dirt\dirt_02.LN65.pc.snd.wav,,loaded,bus_hdrfx,grp_explosion,snp_explosion,,50,0,90,95,200,475,700,allon,default,allon,default,2,8,priority,oldest,-300,300,20,75,0.25,0.75,3d,default,nonlooping,,1,250,50,200,97,0.4,no,no,none,0,,no,,,yes,no,no,0,0,yes,no,,0,,no,no,no
wpn_grenade_explode_paintedmetal,raw\sound\wpn\grenade\explosion\debris\rock\rock_00.LN65.pc.snd.wav,,loaded,bus_hdrfx,grp_explosion,snp_explosion,,50,0,90,95,200,475,700,allon,default,allon,default,2,8,priority,oldest,-300,300,20,75,0.25,0.75,3d,default,nonlooping,,1,250,50,200,97,0.4,no,no,none,0,,no,,,yes,no,no,0,0,yes,no,,0,,no,no,no
wpn_grenade_explode_paintedmetal,raw\sound\wpn\grenade\explosion\debris\rock\rock_01.LN65.pc.snd.wav,,loaded,bus_hdrfx,grp_explosion,snp_explosion,,50,0,90,95,200,475,700,allon,default,allon,default,2,8,priority,oldest,-300,300,20,75,0.25,0.75,3d,default,nonlooping,,1,250,50,200,97,0.4,no,no,none,0,,no,,,yes,no,no,0,0,yes,no,,0,,no,no,no
wpn_grenade_explode_paintedmetal,raw\sound\wpn\grenade\explosion\debris\rock\rock_02.LN65.pc.snd.wav,,loaded,bus_hdrfx,grp_explosion,snp_explosion,,50,0,90,95,200,475,700,allon,default,allon,default,2,8,priority,oldest,-300,300,20,75,0.25,0.75,3d,default,nonlooping,,1,250,50,200,97,0.4,no,no,none,0,,no,,,yes,no,no,0,0,yes,no,,0,,no,no,no
wpn_grenade_explode_paper,raw\sound\wpn\grenade\explosion\debris\dirt\dirt_00.LN65.pc.snd.wav,,loaded,bus_hdrfx,grp_explosion,snp_explosion,,50,0,90,95,200,475,700,allon,default,allon,default,2,8,priority,oldest,-300,300,20,75,0.25,0.75,3d,default,nonlooping,,1,250,50,200,97,0.4,no,no,none,0,,no,,,yes,no,no,0,0,yes,no,,0,,no,no,no
wpn_grenade_explode_paper,raw\sound\wpn\grenade\explosion\debris\dirt\dirt_01.LN65.pc.snd.wav,,loaded,bus_hdrfx,grp_explosion,snp_explosion,,50,0,90,95,200,475,700,allon,default,allon,default,2,8,priority,oldest,-300,300,20,75,0.25,0.75,3d,default,nonlooping,,1,250,50,200,97,0.4,no,no,none,0,,no,,,yes,no,no,0,0,yes,no,,0,,no,no,no
wpn_grenade_explode_paper,raw\sound\wpn\grenade\explosion\debris\dirt\dirt_02.LN65.pc.snd.wav,,loaded,bus_hdrfx,grp_explosion,snp_explosion,,50,0,90,95,200,475,700,allon,default,allon,default,2,8,priority,oldest,-300,300,20,75,0.25,0.75,3d,default,nonlooping,,1,250,50,200,97,0.4,no,no,none,0,,no,,,yes,no,no,0,0,yes,no,,0,,no,no,no
wpn_grenade_explode_plaster,raw\sound\wpn\grenade\explosion\debris\wood\wood_00.LN65.pc.snd.wav,,loaded,bus_hdrfx,grp_explosion,snp_explosion,,50,0,90,95,200,475,700,allon,default,allon,default,2,8,priority,oldest,-300,300,20,75,0.25,0.75,3d,default,nonlooping,,1,250,50,200,97,0.4,no,no,none,0,,no,,,yes,no,no,0,0,yes,no,,0,,no,no,no
wpn_grenade_explode_plaster,raw\sound\wpn\grenade\explosion\debris\wood\wood_01.LN65.pc.snd.wav,,loaded,bus_hdrfx,grp_explosion,snp_explosion,,50,0,90,95,200,475,700,allon,default,allon,default,2,8,priority,oldest,-300,300,20,75,0.25,0.75,3d,default,nonlooping,,1,250,50,200,97,0.4,no,no,none,0,,no,,,yes,no,no,0,0,yes,no,,0,,no,no,no
wpn_grenade_explode_plaster,raw\sound\wpn\grenade\explosion\debris\wood\wood_02.LN65.pc.snd.wav,,loaded,bus_hdrfx,grp_explosion,snp_explosion,,50,0,90,95,200,475,700,allon,default,allon,default,2,8,priority,oldest,-300,300,20,75,0.25,0.75,3d,default,nonlooping,,1,250,50,200,97,0.4,no,no,none,0,,no,,,yes,no,no,0,0,yes,no,,0,,no,no,no
wpn_grenade_explode_plastic,raw\sound\wpn\grenade\explosion\debris\dirt\dirt_00.LN65.pc.snd.wav,,loaded,bus_hdrfx,grp_explosion,snp_explosion,,50,0,90,95,200,475,700,allon,default,allon,default,2,8,priority,oldest,-300,300,20,75,0.25,0.75,3d,default,nonlooping,,1,250,50,200,97,0.4,no,no,none,0,,no,,,yes,no,no,0,0,yes,no,,0,,no,no,no
wpn_grenade_explode_plastic,raw\sound\wpn\grenade\explosion\debris\dirt\dirt_01.LN65.pc.snd.wav,,loaded,bus_hdrfx,grp_explosion,snp_explosion,,50,0,90,95,200,475,700,allon,default,allon,default,2,8,priority,oldest,-300,300,20,75,0.25,0.75,3d,default,nonlooping,,1,250,50,200,97,0.4,no,no,none,0,,no,,,yes,no,no,0,0,yes,no,,0,,no,no,no
wpn_grenade_explode_plastic,raw\sound\wpn\grenade\explosion\debris\dirt\dirt_02.LN65.pc.snd.wav,,loaded,bus_hdrfx,grp_explosion,snp_explosion,,50,0,90,95,200,475,700,allon,default,allon,default,2,8,priority,oldest,-300,300,20,75,0.25,0.75,3d,default,nonlooping,,1,250,50,200,97,0.4,no,no,none,0,,no,,,yes,no,no,0,0,yes,no,,0,,no,no,no
wpn_grenade_explode_player,raw\sound\wpn\grenade\explosion\debris\dirt\dirt_00.LN65.pc.snd.wav,,loaded,bus_hdrfx,grp_explosion,snp_explosion,,50,0,90,95,200,475,700,allon,default,allon,default,2,8,priority,oldest,-300,300,20,75,0.25,0.75,3d,default,nonlooping,,1,250,50,200,97,0.4,no,no,none,0,,no,,,yes,no,no,0,0,yes,no,,0,,no,no,no
wpn_grenade_explode_player,raw\sound\wpn\grenade\explosion\debris\dirt\dirt_01.LN65.pc.snd.wav,,loaded,bus_hdrfx,grp_explosion,snp_explosion,,50,0,90,95,200,475,700,allon,default,allon,default,2,8,priority,oldest,-300,300,20,75,0.25,0.75,3d,default,nonlooping,,1,250,50,200,97,0.4,no,no,none,0,,no,,,yes,no,no,0,0,yes,no,,0,,no,no,no
wpn_grenade_explode_player,raw\sound\wpn\grenade\explosion\debris\dirt\dirt_02.LN65.pc.snd.wav,,loaded,bus_hdrfx,grp_explosion,snp_explosion,,50,0,90,95,200,475,700,allon,default,allon,default,2,8,priority,oldest,-300,300,20,75,0.25,0.75,3d,default,nonlooping,,1,250,50,200,97,0.4,no,no,none,0,,no,,,yes,no,no,0,0,yes,no,,0,,no,no,no
wpn_grenade_explode_rock,raw\sound\wpn\grenade\explosion\debris\rock\rock_00.LN65.pc.snd.wav,,loaded,bus_hdrfx,grp_explosion,snp_explosion,,50,0,90,95,200,475,700,allon,default,allon,default,2,8,priority,oldest,-300,300,20,75,0.25,0.75,3d,default,nonlooping,,1,250,50,200,97,0.4,no,no,none,0,,no,,,yes,no,no,0,0,yes,no,,0,,no,no,no
wpn_grenade_explode_rock,raw\sound\wpn\grenade\explosion\debris\rock\rock_01.LN65.pc.snd.wav,,loaded,bus_hdrfx,grp_explosion,snp_explosion,,50,0,90,95,200,475,700,allon,default,allon,default,2,8,priority,oldest,-300,300,20,75,0.25,0.75,3d,default,nonlooping,,1,250,50,200,97,0.4,no,no,none,0,,no,,,yes,no,no,0,0,yes,no,,0,,no,no,no
wpn_grenade_explode_rock,raw\sound\wpn\grenade\explosion\debris\rock\rock_02.LN65.pc.snd.wav,,loaded,bus_hdrfx,grp_explosion,snp_explosion,,50,0,90,95,200,475,700,allon,default,allon,default,2,8,priority,oldest,-300,300,20,75,0.25,0.75,3d,default,nonlooping,,1,250,50,200,97,0.4,no,no,none,0,,no,,,yes,no,no,0,0,yes,no,,0,,no,no,no
wpn_grenade_explode_rubber,raw\sound\wpn\grenade\explosion\debris\dirt\dirt_00.LN65.pc.snd.wav,,loaded,bus_hdrfx,grp_explosion,snp_explosion,,50,0,90,95,200,475,700,allon,default,allon,default,2,8,priority,oldest,-300,300,20,75,0.25,0.75,3d,default,nonlooping,,1,250,50,200,97,0.4,no,no,none,0,,no,,,yes,no,no,0,0,yes,no,,0,,no,no,no
wpn_grenade_explode_rubber,raw\sound\wpn\grenade\explosion\debris\dirt\dirt_01.LN65.pc.snd.wav,,loaded,bus_hdrfx,grp_explosion,snp_explosion,,50,0,90,95,200,475,700,allon,default,allon,default,2,8,priority,oldest,-300,300,20,75,0.25,0.75,3d,default,nonlooping,,1,250,50,200,97,0.4,no,no,none,0,,no,,,yes,no,no,0,0,yes,no,,0,,no,no,no
wpn_grenade_explode_rubber,raw\sound\wpn\grenade\explosion\debris\dirt\dirt_02.LN65.pc.snd.wav,,loaded,bus_hdrfx,grp_explosion,snp_explosion,,50,0,90,95,200,475,700,allon,default,allon,default,2,8,priority,oldest,-300,300,20,75,0.25,0.75,3d,default,nonlooping,,1,250,50,200,97,0.4,no,no,none,0,,no,,,yes,no,no,0,0,yes,no,,0,,no,no,no
wpn_grenade_explode_sand,raw\sound\wpn\grenade\explosion\debris\dirt\dirt_00.LN65.pc.snd.wav,,loaded,bus_hdrfx,grp_explosion,snp_explosion,,50,0,90,95,200,475,700,allon,default,allon,default,2,8,priority,oldest,-300,300,20,75,0.25,0.75,3d,default,nonlooping,,1,250,50,200,97,0.4,no,no,none,0,,no,,,yes,no,no,0,0,yes,no,,0,,no,no,no
wpn_grenade_explode_sand,raw\sound\wpn\grenade\explosion\debris\dirt\dirt_01.LN65.pc.snd.wav,,loaded,bus_hdrfx,grp_explosion,snp_explosion,,50,0,90,95,200,475,700,allon,default,allon,default,2,8,priority,oldest,-300,300,20,75,0.25,0.75,3d,default,nonlooping,,1,250,50,200,97,0.4,no,no,none,0,,no,,,yes,no,no,0,0,yes,no,,0,,no,no,no
wpn_grenade_explode_sand,raw\sound\wpn\grenade\explosion\debris\dirt\dirt_02.LN65.pc.snd.wav,,loaded,bus_hdrfx,grp_explosion,snp_explosion,,50,0,90,95,200,475,700,allon,default,allon,default,2,8,priority,oldest,-300,300,20,75,0.25,0.75,3d,default,nonlooping,,1,250,50,200,97,0.4,no,no,none,0,,no,,,yes,no,no,0,0,yes,no,,0,,no,no,no
wpn_grenade_explode_snow,raw\sound\wpn\grenade\explosion\debris\snow\snow_00.LN65.pc.snd.wav,,loaded,bus_hdrfx,grp_explosion,snp_explosion,,50,0,90,95,200,475,700,allon,default,allon,default,2,8,priority,oldest,-300,300,20,75,0.25,0.75,3d,default,nonlooping,,1,250,50,200,97,0.4,no,no,none,0,,no,,,yes,no,no,0,0,yes,no,,0,,no,no,no
wpn_grenade_explode_snow,raw\sound\wpn\grenade\explosion\debris\snow\snow_01.LN65.pc.snd.wav,,loaded,bus_hdrfx,grp_explosion,snp_explosion,,50,0,90,95,200,475,700,allon,default,allon,default,2,8,priority,oldest,-300,300,20,75,0.25,0.75,3d,default,nonlooping,,1,250,50,200,97,0.4,no,no,none,0,,no,,,yes,no,no,0,0,yes,no,,0,,no,no,no
wpn_grenade_explode_snow,raw\sound\wpn\grenade\explosion\debris\snow\snow_02.LN65.pc.snd.wav,,loaded,bus_hdrfx,grp_explosion,snp_explosion,,50,0,90,95,200,475,700,allon,default,allon,default,2,8,priority,oldest,-300,300,20,75,0.25,0.75,3d,default,nonlooping,,1,250,50,200,97,0.4,no,no,none,0,,no,,,yes,no,no,0,0,yes,no,,0,,no,no,no
wpn_grenade_explode_tallgrass,raw\sound\wpn\grenade\explosion\debris\dirt\dirt_00.LN65.pc.snd.wav,,loaded,bus_hdrfx,grp_explosion,snp_explosion,,50,0,90,95,200,475,700,allon,default,allon,default,2,8,priority,oldest,-300,300,20,75,0.25,0.75,3d,default,nonlooping,,1,250,50,200,97,0.4,no,no,none,0,,no,,,yes,no,no,0,0,yes,no,,0,,no,no,no
wpn_grenade_explode_tallgrass,raw\sound\wpn\grenade\explosion\debris\dirt\dirt_01.LN65.pc.snd.wav,,loaded,bus_hdrfx,grp_explosion,snp_explosion,,50,0,90,95,200,475,700,allon,default,allon,default,2,8,priority,oldest,-300,300,20,75,0.25,0.75,3d,default,nonlooping,,1,250,50,200,97,0.4,no,no,none,0,,no,,,yes,no,no,0,0,yes,no,,0,,no,no,no
wpn_grenade_explode_tallgrass,raw\sound\wpn\grenade\explosion\debris\dirt\dirt_02.LN65.pc.snd.wav,,loaded,bus_hdrfx,grp_explosion,snp_explosion,,50,0,90,95,200,475,700,allon,default,allon,default,2,8,priority,oldest,-300,300,20,75,0.25,0.75,3d,default,nonlooping,,1,250,50,200,97,0.4,no,no,none,0,,no,,,yes,no,no,0,0,yes,no,,0,,no,no,no
wpn_grenade_explode_water,raw\sound\wpn\grenade\explosion\debris\water\new\mn\splash_01_mn.LN65.pc.snd.wav,,loaded,bus_hdrfx,grp_explosion,snp_explosion,,50,0,90,95,200,475,700,allon,default,allon,default,2,8,priority,oldest,-300,300,20,75,0.25,0.75,3d,default,nonlooping,,1,250,50,200,97,0.4,no,no,none,0,,no,,,yes,no,no,0,0,yes,no,,0,,no,no,no
wpn_grenade_explode_water,raw\sound\wpn\grenade\explosion\debris\water\new\mn\splash_02_mn.LN65.pc.snd.wav,,loaded,bus_hdrfx,grp_explosion,snp_explosion,,50,0,90,95,200,475,700,allon,default,allon,default,2,8,priority,oldest,-300,300,20,75,0.25,0.75,3d,default,nonlooping,,1,250,50,200,97,0.4,no,no,none,0,,no,,,yes,no,no,0,0,yes,no,,0,,no,no,no
wpn_grenade_explode_water_2,raw\sound\wpn\grenade\explosion\debris\water\new\mn\splash_01_mn.LN65.pc.snd.wav,,loaded,bus_hdrfx,grp_explosion,snp_explosion,,50,0,90,95,200,475,700,allon,default,allon,default,2,8,priority,oldest,-300,300,20,75,0.25,0.75,3d,default,nonlooping,,1,250,50,200,97,0.4,no,no,none,0,,no,,,yes,no,no,0,0,yes,no,,0,,no,no,no
wpn_grenade_explode_water_2,raw\sound\wpn\grenade\explosion\debris\water\new\mn\splash_02_mn.LN65.pc.snd.wav,,loaded,bus_hdrfx,grp_explosion,snp_explosion,,50,0,90,95,200,475,700,allon,default,allon,default,2,8,priority,oldest,-300,300,20,75,0.25,0.75,3d,default,nonlooping,,1,250,50,200,97,0.4,no,no,none,0,,no,,,yes,no,no,0,0,yes,no,,0,,no,no,no
wpn_grenade_explode_wood,raw\sound\wpn\grenade\explosion\debris\wood\wood_00.LN65.pc.snd.wav,,loaded,bus_hdrfx,grp_explosion,snp_explosion,,50,0,90,95,200,475,700,allon,default,allon,default,2,8,priority,oldest,-300,300,20,75,0.25,0.75,3d,default,nonlooping,,1,250,50,200,97,0.4,no,no,none,0,,no,,,yes,no,no,0,0,yes,no,,0,,no,no,no
wpn_grenade_explode_wood,raw\sound\wpn\grenade\explosion\debris\wood\wood_01.LN65.pc.snd.wav,,loaded,bus_hdrfx,grp_explosion,snp_explosion,,50,0,90,95,200,475,700,allon,default,allon,default,2,8,priority,oldest,-300,300,20,75,0.25,0.75,3d,default,nonlooping,,1,250,50,200,97,0.4,no,no,none,0,,no,,,yes,no,no,0,0,yes,no,,0,,no,no,no
wpn_grenade_explode_wood,raw\sound\wpn\grenade\explosion\debris\wood\wood_02.LN65.pc.snd.wav,,loaded,bus_hdrfx,grp_explosion,snp_explosion,,50,0,90,95,200,475,700,allon,default,allon,default,2,8,priority,oldest,-300,300,20,75,0.25,0.75,3d,default,nonlooping,,1,250,50,200,97,0.4,no,no,none,0,,no,,,yes,no,no,0,0,yes,no,,0,,no,no,no
wpn_grenade_launch_bounce_asphalt,raw\sound\wpn\grenade\bounce\frag\earth\earth_00.LN65.pc.snd.wav,,loaded,bus_fx,grp_impacts,snp_hdrfx,,65,0,81,83,200,575,575,allon,default,allon,default,8,8,priority,oldest,-182,84,80,95,0.25,1,3d,default,nonlooping,,1,0,25,225,85,0.25,no,no,none,0,,no,,,yes,no,no,0,0,yes,no,,0,,no,no,no
wpn_grenade_launch_bounce_asphalt,raw\sound\wpn\grenade\bounce\frag\earth\earth_01.LN65.pc.snd.wav,,loaded,bus_fx,grp_impacts,snp_hdrfx,,65,0,81,83,200,575,575,allon,default,allon,default,8,8,priority,oldest,-182,84,80,95,0.25,1,3d,default,nonlooping,,1,0,25,225,85,0.25,no,no,none,0,,no,,,yes,no,no,0,0,yes,no,,0,,no,no,no
wpn_grenade_launch_bounce_asphalt,raw\sound\wpn\grenade\bounce\frag\earth\earth_02.LN65.pc.snd.wav,,loaded,bus_fx,grp_impacts,snp_hdrfx,,65,0,81,83,200,575,575,allon,default,allon,default,8,8,priority,oldest,-182,84,80,95,0.25,1,3d,default,nonlooping,,1,0,25,225,85,0.25,no,no,none,0,,no,,,yes,no,no,0,0,yes,no,,0,,no,no,no
wpn_grenade_launch_bounce_asphalt,raw\sound\wpn\grenade\bounce\frag\earth\earth_03.LN65.pc.snd.wav,,loaded,bus_fx,grp_impacts,snp_hdrfx,,65,0,81,83,200,575,575,allon,default,allon,default,8,8,priority,oldest,-182,84,80,95,0.25,1,3d,default,nonlooping,,1,0,25,225,85,0.25,no,no,none,0,,no,,,yes,no,no,0,0,yes,no,,0,,no,no,no
wpn_grenade_launch_bounce_asphalt,raw\sound\wpn\grenade\bounce\frag\earth\earth_04.LN65.pc.snd.wav,,loaded,bus_fx,grp_impacts,snp_hdrfx,,65,0,81,83,200,575,575,allon,default,allon,default,8,8,priority,oldest,-182,84,80,95,0.25,1,3d,default,nonlooping,,1,0,25,225,85,0.25,no,no,none,0,,no,,,yes,no,no,0,0,yes,no,,0,,no,no,no
wpn_grenade_launch_bounce_bark,raw\sound\wpn\grenade\bounce\frag\wood\wood_00.LN65.pc.snd.wav,,loaded,bus_fx,grp_impacts,snp_hdrfx,,65,0,81,83,200,575,575,allon,default,allon,default,8,8,priority,oldest,-182,84,80,95,0.25,1,3d,default,nonlooping,,1,0,25,225,85,0.25,no,no,none,0,,no,,,yes,no,no,0,0,yes,no,,0,,no,no,no
wpn_grenade_launch_bounce_bark,raw\sound\wpn\grenade\bounce\frag\wood\wood_01.LN65.pc.snd.wav,,loaded,bus_fx,grp_impacts,snp_hdrfx,,65,0,81,83,200,575,575,allon,default,allon,default,8,8,priority,oldest,-182,84,80,95,0.25,1,3d,default,nonlooping,,1,0,25,225,85,0.25,no,no,none,0,,no,,,yes,no,no,0,0,yes,no,,0,,no,no,no
wpn_grenade_launch_bounce_bark,raw\sound\wpn\grenade\bounce\frag\wood\wood_02.LN65.pc.snd.wav,,loaded,bus_fx,grp_impacts,snp_hdrfx,,65,0,81,83,200,575,575,allon,default,allon,default,8,8,priority,oldest,-182,84,80,95,0.25,1,3d,default,nonlooping,,1,0,25,225,85,0.25,no,no,none,0,,no,,,yes,no,no,0,0,yes,no,,0,,no,no,no
wpn_grenade_launch_bounce_bark,raw\sound\wpn\grenade\bounce\frag\wood\wood_03.LN65.pc.snd.wav,,loaded,bus_fx,grp_impacts,snp_hdrfx,,65,0,81,83,200,575,575,allon,default,allon,default,8,8,priority,oldest,-182,84,80,95,0.25,1,3d,default,nonlooping,,1,0,25,225,85,0.25,no,no,none,0,,no,,,yes,no,no,0,0,yes,no,,0,,no,no,no
wpn_grenade_launch_bounce_bark,raw\sound\wpn\grenade\bounce\frag\wood\wood_04.LN65.pc.snd.wav,,loaded,bus_fx,grp_impacts,snp_hdrfx,,65,0,81,83,200,575,575,allon,default,allon,default,8,8,priority,oldest,-182,84,80,95,0.25,1,3d,default,nonlooping,,1,0,25,225,85,0.25,no,no,none,0,,no,,,yes,no,no,0,0,yes,no,,0,,no,no,no
wpn_grenade_launch_bounce_brick,raw\sound\wpn\grenade\bounce\frag\earth\earth_00.LN65.pc.snd.wav,,loaded,bus_fx,grp_impacts,snp_hdrfx,,65,0,81,83,200,575,575,allon,default,allon,default,8,8,priority,oldest,-182,84,80,95,0.25,1,3d,default,nonlooping,,1,0,25,225,85,0.25,no,no,none,0,,no,,,yes,no,no,0,0,yes,no,,0,,no,no,no
wpn_grenade_launch_bounce_brick,raw\sound\wpn\grenade\bounce\frag\earth\earth_01.LN65.pc.snd.wav,,loaded,bus_fx,grp_impacts,snp_hdrfx,,65,0,81,83,200,575,575,allon,default,allon,default,8,8,priority,oldest,-182,84,80,95,0.25,1,3d,default,nonlooping,,1,0,25,225,85,0.25,no,no,none,0,,no,,,yes,no,no,0,0,yes,no,,0,,no,no,no
wpn_grenade_launch_bounce_brick,raw\sound\wpn\grenade\bounce\frag\earth\earth_02.LN65.pc.snd.wav,,loaded,bus_fx,grp_impacts,snp_hdrfx,,65,0,81,83,200,575,575,allon,default,allon,default,8,8,priority,oldest,-182,84,80,95,0.25,1,3d,default,nonlooping,,1,0,25,225,85,0.25,no,no,none,0,,no,,,yes,no,no,0,0,yes,no,,0,,no,no,no
wpn_grenade_launch_bounce_brick,raw\sound\wpn\grenade\bounce\frag\earth\earth_03.LN65.pc.snd.wav,,loaded,bus_fx,grp_impacts,snp_hdrfx,,65,0,81,83,200,575,575,allon,default,allon,default,8,8,priority,oldest,-182,84,80,95,0.25,1,3d,default,nonlooping,,1,0,25,225,85,0.25,no,no,none,0,,no,,,yes,no,no,0,0,yes,no,,0,,no,no,no
wpn_grenade_launch_bounce_brick,raw\sound\wpn\grenade\bounce\frag\earth\earth_04.LN65.pc.snd.wav,,loaded,bus_fx,grp_impacts,snp_hdrfx,,65,0,81,83,200,575,575,allon,default,allon,default,8,8,priority,oldest,-182,84,80,95,0.25,1,3d,default,nonlooping,,1,0,25,225,85,0.25,no,no,none,0,,no,,,yes,no,no,0,0,yes,no,,0,,no,no,no
wpn_grenade_launch_bounce_carpet,raw\sound\wpn\grenade\bounce\frag\earth\earth_00.LN65.pc.snd.wav,,loaded,bus_fx,grp_impacts,snp_hdrfx,,65,0,81,83,200,575,575,allon,default,allon,default,8,8,priority,oldest,-182,84,80,95,0.25,1,3d,default,nonlooping,,1,0,25,225,85,0.25,no,no,none,0,,no,,,yes,no,no,0,0,yes,no,,0,,no,no,no
wpn_grenade_launch_bounce_carpet,raw\sound\wpn\grenade\bounce\frag\earth\earth_01.LN65.pc.snd.wav,,loaded,bus_fx,grp_impacts,snp_hdrfx,,65,0,81,83,200,575,575,allon,default,allon,default,8,8,priority,oldest,-182,84,80,95,0.25,1,3d,default,nonlooping,,1,0,25,225,85,0.25,no,no,none,0,,no,,,yes,no,no,0,0,yes,no,,0,,no,no,no
wpn_grenade_launch_bounce_carpet,raw\sound\wpn\grenade\bounce\frag\earth\earth_02.LN65.pc.snd.wav,,loaded,bus_fx,grp_impacts,snp_hdrfx,,65,0,81,83,200,575,575,allon,default,allon,default,8,8,priority,oldest,-182,84,80,95,0.25,1,3d,default,nonlooping,,1,0,25,225,85,0.25,no,no,none,0,,no,,,yes,no,no,0,0,yes,no,,0,,no,no,no
wpn_grenade_launch_bounce_carpet,raw\sound\wpn\grenade\bounce\frag\earth\earth_03.LN65.pc.snd.wav,,loaded,bus_fx,grp_impacts,snp_hdrfx,,65,0,81,83,200,575,575,allon,default,allon,default,8,8,priority,oldest,-182,84,80,95,0.25,1,3d,default,nonlooping,,1,0,25,225,85,0.25,no,no,none,0,,no,,,yes,no,no,0,0,yes,no,,0,,no,no,no
wpn_grenade_launch_bounce_carpet,raw\sound\wpn\grenade\bounce\frag\earth\earth_04.LN65.pc.snd.wav,,loaded,bus_fx,grp_impacts,snp_hdrfx,,65,0,81,83,200,575,575,allon,default,allon,default,8,8,priority,oldest,-182,84,80,95,0.25,1,3d,default,nonlooping,,1,0,25,225,85,0.25,no,no,none,0,,no,,,yes,no,no,0,0,yes,no,,0,,no,no,no
wpn_grenade_launch_bounce_ceramic,raw\sound\wpn\grenade\bounce\frag\earth\earth_00.LN65.pc.snd.wav,,loaded,bus_fx,grp_impacts,snp_hdrfx,,65,0,81,83,200,575,575,allon,default,allon,default,8,8,priority,oldest,-182,84,80,95,0.25,1,3d,default,nonlooping,,1,0,25,225,85,0.25,no,no,none,0,,no,,,yes,no,no,0,0,yes,no,,0,,no,no,no
wpn_grenade_launch_bounce_ceramic,raw\sound\wpn\grenade\bounce\frag\earth\earth_01.LN65.pc.snd.wav,,loaded,bus_fx,grp_impacts,snp_hdrfx,,65,0,81,83,200,575,575,allon,default,allon,default,8,8,priority,oldest,-182,84,80,95,0.25,1,3d,default,nonlooping,,1,0,25,225,85,0.25,no,no,none,0,,no,,,yes,no,no,0,0,yes,no,,0,,no,no,no
wpn_grenade_launch_bounce_ceramic,raw\sound\wpn\grenade\bounce\frag\earth\earth_02.LN65.pc.snd.wav,,loaded,bus_fx,grp_impacts,snp_hdrfx,,65,0,81,83,200,575,575,allon,default,allon,default,8,8,priority,oldest,-182,84,80,95,0.25,1,3d,default,nonlooping,,1,0,25,225,85,0.25,no,no,none,0,,no,,,yes,no,no,0,0,yes,no,,0,,no,no,no
wpn_grenade_launch_bounce_ceramic,raw\sound\wpn\grenade\bounce\frag\earth\earth_03.LN65.pc.snd.wav,,loaded,bus_fx,grp_impacts,snp_hdrfx,,65,0,81,83,200,575,575,allon,default,allon,default,8,8,priority,oldest,-182,84,80,95,0.25,1,3d,default,nonlooping,,1,0,25,225,85,0.25,no,no,none,0,,no,,,yes,no,no,0,0,yes,no,,0,,no,no,no
wpn_grenade_launch_bounce_ceramic,raw\sound\wpn\grenade\bounce\frag\earth\earth_04.LN65.pc.snd.wav,,loaded,bus_fx,grp_impacts,snp_hdrfx,,65,0,81,83,200,575,575,allon,default,allon,default,8,8,priority,oldest,-182,84,80,95,0.25,1,3d,default,nonlooping,,1,0,25,225,85,0.25,no,no,none,0,,no,,,yes,no,no,0,0,yes,no,,0,,no,no,no
wpn_grenade_launch_bounce_cloth,raw\sound\wpn\grenade\bounce\frag\earth\earth_00.LN65.pc.snd.wav,,loaded,bus_fx,grp_impacts,snp_hdrfx,,65,0,81,83,200,575,575,allon,default,allon,default,8,8,priority,oldest,-182,84,80,95,0.25,1,3d,default,nonlooping,,1,0,25,225,85,0.25,no,no,none,0,,no,,,yes,no,no,0,0,yes,no,,0,,no,no,no
wpn_grenade_launch_bounce_cloth,raw\sound\wpn\grenade\bounce\frag\earth\earth_01.LN65.pc.snd.wav,,loaded,bus_fx,grp_impacts,snp_hdrfx,,65,0,81,83,200,575,575,allon,default,allon,default,8,8,priority,oldest,-182,84,80,95,0.25,1,3d,default,nonlooping,,1,0,25,225,85,0.25,no,no,none,0,,no,,,yes,no,no,0,0,yes,no,,0,,no,no,no
wpn_grenade_launch_bounce_cloth,raw\sound\wpn\grenade\bounce\frag\earth\earth_02.LN65.pc.snd.wav,,loaded,bus_fx,grp_impacts,snp_hdrfx,,65,0,81,83,200,575,575,allon,default,allon,default,8,8,priority,oldest,-182,84,80,95,0.25,1,3d,default,nonlooping,,1,0,25,225,85,0.25,no,no,none,0,,no,,,yes,no,no,0,0,yes,no,,0,,no,no,no
wpn_grenade_launch_bounce_cloth,raw\sound\wpn\grenade\bounce\frag\earth\earth_03.LN65.pc.snd.wav,,loaded,bus_fx,grp_impacts,snp_hdrfx,,65,0,81,83,200,575,575,allon,default,allon,default,8,8,priority,oldest,-182,84,80,95,0.25,1,3d,default,nonlooping,,1,0,25,225,85,0.25,no,no,none,0,,no,,,yes,no,no,0,0,yes,no,,0,,no,no,no
wpn_grenade_launch_bounce_cloth,raw\sound\wpn\grenade\bounce\frag\earth\earth_04.LN65.pc.snd.wav,,loaded,bus_fx,grp_impacts,snp_hdrfx,,65,0,81,83,200,575,575,allon,default,allon,default,8,8,priority,oldest,-182,84,80,95,0.25,1,3d,default,nonlooping,,1,0,25,225,85,0.25,no,no,none,0,,no,,,yes,no,no,0,0,yes,no,,0,,no,no,no
wpn_grenade_launch_bounce_concrete,raw\sound\wpn\grenade\bounce\frag\metal\metal_00.LN65.pc.snd.wav,,loaded,bus_fx,grp_impacts,snp_hdrfx,,65,0,81,83,200,575,575,allon,default,allon,default,8,8,priority,oldest,-182,84,80,95,0.25,1,3d,default,nonlooping,,1,0,25,225,85,0.25,no,no,none,0,,no,,,yes,no,no,0,0,yes,no,,0,,no,no,no
wpn_grenade_launch_bounce_concrete,raw\sound\wpn\grenade\bounce\frag\metal\metal_01.LN65.pc.snd.wav,,loaded,bus_fx,grp_impacts,snp_hdrfx,,65,0,81,83,200,575,575,allon,default,allon,default,8,8,priority,oldest,-182,84,80,95,0.25,1,3d,default,nonlooping,,1,0,25,225,85,0.25,no,no,none,0,,no,,,yes,no,no,0,0,yes,no,,0,,no,no,no
wpn_grenade_launch_bounce_concrete,raw\sound\wpn\grenade\bounce\frag\metal\metal_02.LN65.pc.snd.wav,,loaded,bus_fx,grp_impacts,snp_hdrfx,,65,0,81,83,200,575,575,allon,default,allon,default,8,8,priority,oldest,-182,84,80,95,0.25,1,3d,default,nonlooping,,1,0,25,225,85,0.25,no,no,none,0,,no,,,yes,no,no,0,0,yes,no,,0,,no,no,no
wpn_grenade_launch_bounce_concrete,raw\sound\wpn\grenade\bounce\frag\metal\metal_03.LN65.pc.snd.wav,,loaded,bus_fx,grp_impacts,snp_hdrfx,,65,0,81,83,200,575,575,allon,default,allon,default,8,8,priority,oldest,-182,84,80,95,0.25,1,3d,default,nonlooping,,1,0,25,225,85,0.25,no,no,none,0,,no,,,yes,no,no,0,0,yes,no,,0,,no,no,no
wpn_grenade_launch_bounce_concrete,raw\sound\wpn\grenade\bounce\frag\metal\metal_04.LN65.pc.snd.wav,,loaded,bus_fx,grp_impacts,snp_hdrfx,,65,0,81,83,200,575,575,allon,default,allon,default,8,8,priority,oldest,-182,84,80,95,0.25,1,3d,default,nonlooping,,1,0,25,225,85,0.25,no,no,none,0,,no,,,yes,no,no,0,0,yes,no,,0,,no,no,no
wpn_grenade_launch_bounce_cushion,raw\sound\wpn\grenade\bounce\frag\earth\earth_00.LN65.pc.snd.wav,,loaded,bus_fx,grp_impacts,snp_hdrfx,,65,0,81,83,200,575,575,allon,default,allon,default,8,8,priority,oldest,-182,84,80,95,0.25,1,3d,default,nonlooping,,1,0,25,225,85,0.25,no,no,none,0,,no,,,yes,no,no,0,0,yes,no,,0,,no,no,no
wpn_grenade_launch_bounce_cushion,raw\sound\wpn\grenade\bounce\frag\earth\earth_01.LN65.pc.snd.wav,,loaded,bus_fx,grp_impacts,snp_hdrfx,,65,0,81,83,200,575,575,allon,default,allon,default,8,8,priority,oldest,-182,84,80,95,0.25,1,3d,default,nonlooping,,1,0,25,225,85,0.25,no,no,none,0,,no,,,yes,no,no,0,0,yes,no,,0,,no,no,no
wpn_grenade_launch_bounce_cushion,raw\sound\wpn\grenade\bounce\frag\earth\earth_02.LN65.pc.snd.wav,,loaded,bus_fx,grp_impacts,snp_hdrfx,,65,0,81,83,200,575,575,allon,default,allon,default,8,8,priority,oldest,-182,84,80,95,0.25,1,3d,default,nonlooping,,1,0,25,225,85,0.25,no,no,none,0,,no,,,yes,no,no,0,0,yes,no,,0,,no,no,no
wpn_grenade_launch_bounce_cushion,raw\sound\wpn\grenade\bounce\frag\earth\earth_03.LN65.pc.snd.wav,,loaded,bus_fx,grp_impacts,snp_hdrfx,,65,0,81,83,200,575,575,allon,default,allon,default,8,8,priority,oldest,-182,84,80,95,0.25,1,3d,default,nonlooping,,1,0,25,225,85,0.25,no,no,none,0,,no,,,yes,no,no,0,0,yes,no,,0,,no,no,no
wpn_grenade_launch_bounce_cushion,raw\sound\wpn\grenade\bounce\frag\earth\earth_04.LN65.pc.snd.wav,,loaded,bus_fx,grp_impacts,snp_hdrfx,,65,0,81,83,200,575,575,allon,default,allon,default,8,8,priority,oldest,-182,84,80,95,0.25,1,3d,default,nonlooping,,1,0,25,225,85,0.25,no,no,none,0,,no,,,yes,no,no,0,0,yes,no,,0,,no,no,no
wpn_grenade_launch_bounce_default,raw\sound\wpn\grenade\bounce\frag\earth\earth_00.LN65.pc.snd.wav,,loaded,bus_fx,grp_impacts,snp_hdrfx,,65,0,81,83,200,575,575,allon,default,allon,default,8,8,priority,oldest,-182,84,80,95,0.25,1,3d,default,nonlooping,,1,0,25,225,85,0.25,no,no,none,0,,no,,,yes,no,no,0,0,yes,no,,0,,no,no,no
wpn_grenade_launch_bounce_default,raw\sound\wpn\grenade\bounce\frag\earth\earth_01.LN65.pc.snd.wav,,loaded,bus_fx,grp_impacts,snp_hdrfx,,65,0,81,83,200,575,575,allon,default,allon,default,8,8,priority,oldest,-182,84,80,95,0.25,1,3d,default,nonlooping,,1,0,25,225,85,0.25,no,no,none,0,,no,,,yes,no,no,0,0,yes,no,,0,,no,no,no
wpn_grenade_launch_bounce_default,raw\sound\wpn\grenade\bounce\frag\earth\earth_02.LN65.pc.snd.wav,,loaded,bus_fx,grp_impacts,snp_hdrfx,,65,0,81,83,200,575,575,allon,default,allon,default,8,8,priority,oldest,-182,84,80,95,0.25,1,3d,default,nonlooping,,1,0,25,225,85,0.25,no,no,none,0,,no,,,yes,no,no,0,0,yes,no,,0,,no,no,no
wpn_grenade_launch_bounce_default,raw\sound\wpn\grenade\bounce\frag\earth\earth_03.LN65.pc.snd.wav,,loaded,bus_fx,grp_impacts,snp_hdrfx,,65,0,81,83,200,575,575,allon,default,allon,default,8,8,priority,oldest,-182,84,80,95,0.25,1,3d,default,nonlooping,,1,0,25,225,85,0.25,no,no,none,0,,no,,,yes,no,no,0,0,yes,no,,0,,no,no,no
wpn_grenade_launch_bounce_default,raw\sound\wpn\grenade\bounce\frag\earth\earth_04.LN65.pc.snd.wav,,loaded,bus_fx,grp_impacts,snp_hdrfx,,65,0,81,83,200,575,575,allon,default,allon,default,8,8,priority,oldest,-182,84,80,95,0.25,1,3d,default,nonlooping,,1,0,25,225,85,0.25,no,no,none,0,,no,,,yes,no,no,0,0,yes,no,,0,,no,no,no
wpn_grenade_launch_bounce_dirt,raw\sound\wpn\grenade\bounce\frag\earth\earth_00.LN65.pc.snd.wav,,loaded,bus_fx,grp_impacts,snp_hdrfx,,65,0,81,83,200,575,575,allon,default,allon,default,8,8,priority,oldest,-182,84,80,95,0.25,1,3d,default,nonlooping,,1,0,25,225,85,0.25,no,no,none,0,,no,,,yes,no,no,0,0,yes,no,,0,,no,no,no
wpn_grenade_launch_bounce_dirt,raw\sound\wpn\grenade\bounce\frag\earth\earth_01.LN65.pc.snd.wav,,loaded,bus_fx,grp_impacts,snp_hdrfx,,65,0,81,83,200,575,575,allon,default,allon,default,8,8,priority,oldest,-182,84,80,95,0.25,1,3d,default,nonlooping,,1,0,25,225,85,0.25,no,no,none,0,,no,,,yes,no,no,0,0,yes,no,,0,,no,no,no
wpn_grenade_launch_bounce_dirt,raw\sound\wpn\grenade\bounce\frag\earth\earth_02.LN65.pc.snd.wav,,loaded,bus_fx,grp_impacts,snp_hdrfx,,65,0,81,83,200,575,575,allon,default,allon,default,8,8,priority,oldest,-182,84,80,95,0.25,1,3d,default,nonlooping,,1,0,25,225,85,0.25,no,no,none,0,,no,,,yes,no,no,0,0,yes,no,,0,,no,no,no
wpn_grenade_launch_bounce_dirt,raw\sound\wpn\grenade\bounce\frag\earth\earth_03.LN65.pc.snd.wav,,loaded,bus_fx,grp_impacts,snp_hdrfx,,65,0,81,83,200,575,575,allon,default,allon,default,8,8,priority,oldest,-182,84,80,95,0.25,1,3d,default,nonlooping,,1,0,25,225,85,0.25,no,no,none,0,,no,,,yes,no,no,0,0,yes,no,,0,,no,no,no
wpn_grenade_launch_bounce_dirt,raw\sound\wpn\grenade\bounce\frag\earth\earth_04.LN65.pc.snd.wav,,loaded,bus_fx,grp_impacts,snp_hdrfx,,65,0,81,83,200,575,575,allon,default,allon,default,8,8,priority,oldest,-182,84,80,95,0.25,1,3d,default,nonlooping,,1,0,25,225,85,0.25,no,no,none,0,,no,,,yes,no,no,0,0,yes,no,,0,,no,no,no
wpn_grenade_launch_bounce_flesh,raw\sound\wpn\grenade\bounce\frag\earth\earth_00.LN65.pc.snd.wav,,loaded,bus_fx,grp_impacts,snp_hdrfx,,65,0,81,83,200,575,575,allon,default,allon,default,8,8,priority,oldest,-182,84,80,95,0.25,1,3d,default,nonlooping,,1,0,25,225,85,0.25,no,no,none,0,,no,,,yes,no,no,0,0,yes,no,,0,,no,no,no
wpn_grenade_launch_bounce_flesh,raw\sound\wpn\grenade\bounce\frag\earth\earth_01.LN65.pc.snd.wav,,loaded,bus_fx,grp_impacts,snp_hdrfx,,65,0,81,83,200,575,575,allon,default,allon,default,8,8,priority,oldest,-182,84,80,95,0.25,1,3d,default,nonlooping,,1,0,25,225,85,0.25,no,no,none,0,,no,,,yes,no,no,0,0,yes,no,,0,,no,no,no
wpn_grenade_launch_bounce_flesh,raw\sound\wpn\grenade\bounce\frag\earth\earth_02.LN65.pc.snd.wav,,loaded,bus_fx,grp_impacts,snp_hdrfx,,65,0,81,83,200,575,575,allon,default,allon,default,8,8,priority,oldest,-182,84,80,95,0.25,1,3d,default,nonlooping,,1,0,25,225,85,0.25,no,no,none,0,,no,,,yes,no,no,0,0,yes,no,,0,,no,no,no
wpn_grenade_launch_bounce_flesh,raw\sound\wpn\grenade\bounce\frag\earth\earth_03.LN65.pc.snd.wav,,loaded,bus_fx,grp_impacts,snp_hdrfx,,65,0,81,83,200,575,575,allon,default,allon,default,8,8,priority,oldest,-182,84,80,95,0.25,1,3d,default,nonlooping,,1,0,25,225,85,0.25,no,no,none,0,,no,,,yes,no,no,0,0,yes,no,,0,,no,no,no
wpn_grenade_launch_bounce_flesh,raw\sound\wpn\grenade\bounce\frag\earth\earth_04.LN65.pc.snd.wav,,loaded,bus_fx,grp_impacts,snp_hdrfx,,65,0,81,83,200,575,575,allon,default,allon,default,8,8,priority,oldest,-182,84,80,95,0.25,1,3d,default,nonlooping,,1,0,25,225,85,0.25,no,no,none,0,,no,,,yes,no,no,0,0,yes,no,,0,,no,no,no
wpn_grenade_launch_bounce_foliage,raw\sound\wpn\grenade\bounce\frag\earth\earth_00.LN65.pc.snd.wav,,loaded,bus_fx,grp_impacts,snp_hdrfx,,65,0,81,83,200,575,575,allon,default,allon,default,8,8,priority,oldest,-182,84,80,95,0.25,1,3d,default,nonlooping,,1,0,25,225,85,0.25,no,no,none,0,,no,,,yes,no,no,0,0,yes,no,,0,,no,no,no
wpn_grenade_launch_bounce_foliage,raw\sound\wpn\grenade\bounce\frag\earth\earth_01.LN65.pc.snd.wav,,loaded,bus_fx,grp_impacts,snp_hdrfx,,65,0,81,83,200,575,575,allon,default,allon,default,8,8,priority,oldest,-182,84,80,95,0.25,1,3d,default,nonlooping,,1,0,25,225,85,0.25,no,no,none,0,,no,,,yes,no,no,0,0,yes,no,,0,,no,no,no
wpn_grenade_launch_bounce_foliage,raw\sound\wpn\grenade\bounce\frag\earth\earth_02.LN65.pc.snd.wav,,loaded,bus_fx,grp_impacts,snp_hdrfx,,65,0,81,83,200,575,575,allon,default,allon,default,8,8,priority,oldest,-182,84,80,95,0.25,1,3d,default,nonlooping,,1,0,25,225,85,0.25,no,no,none,0,,no,,,yes,no,no,0,0,yes,no,,0,,no,no,no
wpn_grenade_launch_bounce_foliage,raw\sound\wpn\grenade\bounce\frag\earth\earth_03.LN65.pc.snd.wav,,loaded,bus_fx,grp_impacts,snp_hdrfx,,65,0,81,83,200,575,575,allon,default,allon,default,8,8,priority,oldest,-182,84,80,95,0.25,1,3d,default,nonlooping,,1,0,25,225,85,0.25,no,no,none,0,,no,,,yes,no,no,0,0,yes,no,,0,,no,no,no
wpn_grenade_launch_bounce_foliage,raw\sound\wpn\grenade\bounce\frag\earth\earth_04.LN65.pc.snd.wav,,loaded,bus_fx,grp_impacts,snp_hdrfx,,65,0,81,83,200,575,575,allon,default,allon,default,8,8,priority,oldest,-182,84,80,95,0.25,1,3d,default,nonlooping,,1,0,25,225,85,0.25,no,no,none,0,,no,,,yes,no,no,0,0,yes,no,,0,,no,no,no
wpn_grenade_launch_bounce_fruit,raw\sound\wpn\grenade\bounce\frag\earth\earth_00.LN65.pc.snd.wav,,loaded,bus_fx,grp_impacts,snp_hdrfx,,65,0,81,83,200,575,575,allon,default,allon,default,8,8,priority,oldest,-182,84,80,95,0.25,1,3d,default,nonlooping,,1,0,25,225,85,0.25,no,no,none,0,,no,,,yes,no,no,0,0,yes,no,,0,,no,no,no
wpn_grenade_launch_bounce_fruit,raw\sound\wpn\grenade\bounce\frag\earth\earth_01.LN65.pc.snd.wav,,loaded,bus_fx,grp_impacts,snp_hdrfx,,65,0,81,83,200,575,575,allon,default,allon,default,8,8,priority,oldest,-182,84,80,95,0.25,1,3d,default,nonlooping,,1,0,25,225,85,0.25,no,no,none,0,,no,,,yes,no,no,0,0,yes,no,,0,,no,no,no
wpn_grenade_launch_bounce_fruit,raw\sound\wpn\grenade\bounce\frag\earth\earth_02.LN65.pc.snd.wav,,loaded,bus_fx,grp_impacts,snp_hdrfx,,65,0,81,83,200,575,575,allon,default,allon,default,8,8,priority,oldest,-182,84,80,95,0.25,1,3d,default,nonlooping,,1,0,25,225,85,0.25,no,no,none,0,,no,,,yes,no,no,0,0,yes,no,,0,,no,no,no
wpn_grenade_launch_bounce_fruit,raw\sound\wpn\grenade\bounce\frag\earth\earth_03.LN65.pc.snd.wav,,loaded,bus_fx,grp_impacts,snp_hdrfx,,65,0,81,83,200,575,575,allon,default,allon,default,8,8,priority,oldest,-182,84,80,95,0.25,1,3d,default,nonlooping,,1,0,25,225,85,0.25,no,no,none,0,,no,,,yes,no,no,0,0,yes,no,,0,,no,no,no
wpn_grenade_launch_bounce_fruit,raw\sound\wpn\grenade\bounce\frag\earth\earth_04.LN65.pc.snd.wav,,loaded,bus_fx,grp_impacts,snp_hdrfx,,65,0,81,83,200,575,575,allon,default,allon,default,8,8,priority,oldest,-182,84,80,95,0.25,1,3d,default,nonlooping,,1,0,25,225,85,0.25,no,no,none,0,,no,,,yes,no,no,0,0,yes,no,,0,,no,no,no
wpn_grenade_launch_bounce_glass,raw\sound\wpn\grenade\bounce\frag\earth\earth_00.LN65.pc.snd.wav,,loaded,bus_fx,grp_impacts,snp_hdrfx,,65,0,81,83,200,575,575,allon,default,allon,default,8,8,priority,oldest,-182,84,80,95,0.25,1,3d,default,nonlooping,,1,0,25,225,85,0.25,no,no,none,0,,no,,,yes,no,no,0,0,yes,no,,0,,no,no,no
wpn_grenade_launch_bounce_glass,raw\sound\wpn\grenade\bounce\frag\earth\earth_01.LN65.pc.snd.wav,,loaded,bus_fx,grp_impacts,snp_hdrfx,,65,0,81,83,200,575,575,allon,default,allon,default,8,8,priority,oldest,-182,84,80,95,0.25,1,3d,default,nonlooping,,1,0,25,225,85,0.25,no,no,none,0,,no,,,yes,no,no,0,0,yes,no,,0,,no,no,no
wpn_grenade_launch_bounce_glass,raw\sound\wpn\grenade\bounce\frag\earth\earth_02.LN65.pc.snd.wav,,loaded,bus_fx,grp_impacts,snp_hdrfx,,65,0,81,83,200,575,575,allon,default,allon,default,8,8,priority,oldest,-182,84,80,95,0.25,1,3d,default,nonlooping,,1,0,25,225,85,0.25,no,no,none,0,,no,,,yes,no,no,0,0,yes,no,,0,,no,no,no
wpn_grenade_launch_bounce_glass,raw\sound\wpn\grenade\bounce\frag\earth\earth_03.LN65.pc.snd.wav,,loaded,bus_fx,grp_impacts,snp_hdrfx,,65,0,81,83,200,575,575,allon,default,allon,default,8,8,priority,oldest,-182,84,80,95,0.25,1,3d,default,nonlooping,,1,0,25,225,85,0.25,no,no,none,0,,no,,,yes,no,no,0,0,yes,no,,0,,no,no,no
wpn_grenade_launch_bounce_glass,raw\sound\wpn\grenade\bounce\frag\earth\earth_04.LN65.pc.snd.wav,,loaded,bus_fx,grp_impacts,snp_hdrfx,,65,0,81,83,200,575,575,allon,default,allon,default,8,8,priority,oldest,-182,84,80,95,0.25,1,3d,default,nonlooping,,1,0,25,225,85,0.25,no,no,none,0,,no,,,yes,no,no,0,0,yes,no,,0,,no,no,no
wpn_grenade_launch_bounce_grass,raw\sound\wpn\grenade\bounce\frag\earth\earth_00.LN65.pc.snd.wav,,loaded,bus_fx,grp_impacts,snp_hdrfx,,65,0,81,83,200,575,575,allon,default,allon,default,8,8,priority,oldest,-182,84,80,95,0.25,1,3d,default,nonlooping,,1,0,25,225,85,0.25,no,no,none,0,,no,,,yes,no,no,0,0,yes,no,,0,,no,no,no
wpn_grenade_launch_bounce_grass,raw\sound\wpn\grenade\bounce\frag\earth\earth_01.LN65.pc.snd.wav,,loaded,bus_fx,grp_impacts,snp_hdrfx,,65,0,81,83,200,575,575,allon,default,allon,default,8,8,priority,oldest,-182,84,80,95,0.25,1,3d,default,nonlooping,,1,0,25,225,85,0.25,no,no,none,0,,no,,,yes,no,no,0,0,yes,no,,0,,no,no,no
wpn_grenade_launch_bounce_grass,raw\sound\wpn\grenade\bounce\frag\earth\earth_02.LN65.pc.snd.wav,,loaded,bus_fx,grp_impacts,snp_hdrfx,,65,0,81,83,200,575,575,allon,default,allon,default,8,8,priority,oldest,-182,84,80,95,0.25,1,3d,default,nonlooping,,1,0,25,225,85,0.25,no,no,none,0,,no,,,yes,no,no,0,0,yes,no,,0,,no,no,no
wpn_grenade_launch_bounce_grass,raw\sound\wpn\grenade\bounce\frag\earth\earth_03.LN65.pc.snd.wav,,loaded,bus_fx,grp_impacts,snp_hdrfx,,65,0,81,83,200,575,575,allon,default,allon,default,8,8,priority,oldest,-182,84,80,95,0.25,1,3d,default,nonlooping,,1,0,25,225,85,0.25,no,no,none,0,,no,,,yes,no,no,0,0,yes,no,,0,,no,no,no
wpn_grenade_launch_bounce_grass,raw\sound\wpn\grenade\bounce\frag\earth\earth_04.LN65.pc.snd.wav,,loaded,bus_fx,grp_impacts,snp_hdrfx,,65,0,81,83,200,575,575,allon,default,allon,default,8,8,priority,oldest,-182,84,80,95,0.25,1,3d,default,nonlooping,,1,0,25,225,85,0.25,no,no,none,0,,no,,,yes,no,no,0,0,yes,no,,0,,no,no,no
wpn_grenade_launch_bounce_gravel,raw\sound\wpn\grenade\bounce\frag\metal\metal_00.LN65.pc.snd.wav,,loaded,bus_fx,grp_impacts,snp_hdrfx,,65,0,81,83,200,575,575,allon,default,allon,default,8,8,priority,oldest,-182,84,80,95,0.25,1,3d,default,nonlooping,,1,0,25,225,85,0.25,no,no,none,0,,no,,,yes,no,no,0,0,yes,no,,0,,no,no,no
wpn_grenade_launch_bounce_gravel,raw\sound\wpn\grenade\bounce\frag\metal\metal_01.LN65.pc.snd.wav,,loaded,bus_fx,grp_impacts,snp_hdrfx,,65,0,81,83,200,575,575,allon,default,allon,default,8,8,priority,oldest,-182,84,80,95,0.25,1,3d,default,nonlooping,,1,0,25,225,85,0.25,no,no,none,0,,no,,,yes,no,no,0,0,yes,no,,0,,no,no,no
wpn_grenade_launch_bounce_gravel,raw\sound\wpn\grenade\bounce\frag\metal\metal_02.LN65.pc.snd.wav,,loaded,bus_fx,grp_impacts,snp_hdrfx,,65,0,81,83,200,575,575,allon,default,allon,default,8,8,priority,oldest,-182,84,80,95,0.25,1,3d,default,nonlooping,,1,0,25,225,85,0.25,no,no,none,0,,no,,,yes,no,no,0,0,yes,no,,0,,no,no,no
wpn_grenade_launch_bounce_gravel,raw\sound\wpn\grenade\bounce\frag\metal\metal_03.LN65.pc.snd.wav,,loaded,bus_fx,grp_impacts,snp_hdrfx,,65,0,81,83,200,575,575,allon,default,allon,default,8,8,priority,oldest,-182,84,80,95,0.25,1,3d,default,nonlooping,,1,0,25,225,85,0.25,no,no,none,0,,no,,,yes,no,no,0,0,yes,no,,0,,no,no,no
wpn_grenade_launch_bounce_gravel,raw\sound\wpn\grenade\bounce\frag\metal\metal_04.LN65.pc.snd.wav,,loaded,bus_fx,grp_impacts,snp_hdrfx,,65,0,81,83,200,575,575,allon,default,allon,default,8,8,priority,oldest,-182,84,80,95,0.25,1,3d,default,nonlooping,,1,0,25,225,85,0.25,no,no,none,0,,no,,,yes,no,no,0,0,yes,no,,0,,no,no,no
wpn_grenade_launch_bounce_ice,raw\sound\wpn\grenade\bounce\frag\metal\metal_00.LN65.pc.snd.wav,,loaded,bus_fx,grp_impacts,snp_hdrfx,,65,0,81,83,200,575,575,allon,default,allon,default,8,8,priority,oldest,-182,84,80,95,0.25,1,3d,default,nonlooping,,1,0,25,225,85,0.25,no,no,none,0,,no,,,yes,no,no,0,0,yes,no,,0,,no,no,no
wpn_grenade_launch_bounce_ice,raw\sound\wpn\grenade\bounce\frag\metal\metal_01.LN65.pc.snd.wav,,loaded,bus_fx,grp_impacts,snp_hdrfx,,65,0,81,83,200,575,575,allon,default,allon,default,8,8,priority,oldest,-182,84,80,95,0.25,1,3d,default,nonlooping,,1,0,25,225,85,0.25,no,no,none,0,,no,,,yes,no,no,0,0,yes,no,,0,,no,no,no
wpn_grenade_launch_bounce_ice,raw\sound\wpn\grenade\bounce\frag\metal\metal_02.LN65.pc.snd.wav,,loaded,bus_fx,grp_impacts,snp_hdrfx,,65,0,81,83,200,575,575,allon,default,allon,default,8,8,priority,oldest,-182,84,80,95,0.25,1,3d,default,nonlooping,,1,0,25,225,85,0.25,no,no,none,0,,no,,,yes,no,no,0,0,yes,no,,0,,no,no,no
wpn_grenade_launch_bounce_ice,raw\sound\wpn\grenade\bounce\frag\metal\metal_03.LN65.pc.snd.wav,,loaded,bus_fx,grp_impacts,snp_hdrfx,,65,0,81,83,200,575,575,allon,default,allon,default,8,8,priority,oldest,-182,84,80,95,0.25,1,3d,default,nonlooping,,1,0,25,225,85,0.25,no,no,none,0,,no,,,yes,no,no,0,0,yes,no,,0,,no,no,no
wpn_grenade_launch_bounce_ice,raw\sound\wpn\grenade\bounce\frag\metal\metal_04.LN65.pc.snd.wav,,loaded,bus_fx,grp_impacts,snp_hdrfx,,65,0,81,83,200,575,575,allon,default,allon,default,8,8,priority,oldest,-182,84,80,95,0.25,1,3d,default,nonlooping,,1,0,25,225,85,0.25,no,no,none,0,,no,,,yes,no,no,0,0,yes,no,,0,,no,no,no
wpn_grenade_launch_bounce_metal,raw\sound\wpn\grenade\bounce\frag\metal\metal_00.LN65.pc.snd.wav,,loaded,bus_fx,grp_impacts,snp_hdrfx,,65,0,81,83,200,575,575,allon,default,allon,default,8,8,priority,oldest,-182,84,80,95,0.25,1,3d,default,nonlooping,,1,0,25,225,85,0.25,no,no,none,0,,no,,,yes,no,no,0,0,yes,no,,0,,no,no,no
wpn_grenade_launch_bounce_metal,raw\sound\wpn\grenade\bounce\frag\metal\metal_01.LN65.pc.snd.wav,,loaded,bus_fx,grp_impacts,snp_hdrfx,,65,0,81,83,200,575,575,allon,default,allon,default,8,8,priority,oldest,-182,84,80,95,0.25,1,3d,default,nonlooping,,1,0,25,225,85,0.25,no,no,none,0,,no,,,yes,no,no,0,0,yes,no,,0,,no,no,no
wpn_grenade_launch_bounce_metal,raw\sound\wpn\grenade\bounce\frag\metal\metal_02.LN65.pc.snd.wav,,loaded,bus_fx,grp_impacts,snp_hdrfx,,65,0,81,83,200,575,575,allon,default,allon,default,8,8,priority,oldest,-182,84,80,95,0.25,1,3d,default,nonlooping,,1,0,25,225,85,0.25,no,no,none,0,,no,,,yes,no,no,0,0,yes,no,,0,,no,no,no
wpn_grenade_launch_bounce_metal,raw\sound\wpn\grenade\bounce\frag\metal\metal_03.LN65.pc.snd.wav,,loaded,bus_fx,grp_impacts,snp_hdrfx,,65,0,81,83,200,575,575,allon,default,allon,default,8,8,priority,oldest,-182,84,80,95,0.25,1,3d,default,nonlooping,,1,0,25,225,85,0.25,no,no,none,0,,no,,,yes,no,no,0,0,yes,no,,0,,no,no,no
wpn_grenade_launch_bounce_metal,raw\sound\wpn\grenade\bounce\frag\metal\metal_04.LN65.pc.snd.wav,,loaded,bus_fx,grp_impacts,snp_hdrfx,,65,0,81,83,200,575,575,allon,default,allon,default,8,8,priority,oldest,-182,84,80,95,0.25,1,3d,default,nonlooping,,1,0,25,225,85,0.25,no,no,none,0,,no,,,yes,no,no,0,0,yes,no,,0,,no,no,no
wpn_grenade_launch_bounce_mud,raw\sound\wpn\grenade\bounce\frag\earth\earth_00.LN65.pc.snd.wav,,loaded,bus_fx,grp_impacts,snp_hdrfx,,65,0,81,83,200,575,575,allon,default,allon,default,8,8,priority,oldest,-182,84,80,95,0.25,1,3d,default,nonlooping,,1,0,25,225,85,0.25,no,no,none,0,,no,,,yes,no,no,0,0,yes,no,,0,,no,no,no
wpn_grenade_launch_bounce_mud,raw\sound\wpn\grenade\bounce\frag\earth\earth_01.LN65.pc.snd.wav,,loaded,bus_fx,grp_impacts,snp_hdrfx,,65,0,81,83,200,575,575,allon,default,allon,default,8,8,priority,oldest,-182,84,80,95,0.25,1,3d,default,nonlooping,,1,0,25,225,85,0.25,no,no,none,0,,no,,,yes,no,no,0,0,yes,no,,0,,no,no,no
wpn_grenade_launch_bounce_mud,raw\sound\wpn\grenade\bounce\frag\earth\earth_02.LN65.pc.snd.wav,,loaded,bus_fx,grp_impacts,snp_hdrfx,,65,0,81,83,200,575,575,allon,default,allon,default,8,8,priority,oldest,-182,84,80,95,0.25,1,3d,default,nonlooping,,1,0,25,225,85,0.25,no,no,none,0,,no,,,yes,no,no,0,0,yes,no,,0,,no,no,no
wpn_grenade_launch_bounce_mud,raw\sound\wpn\grenade\bounce\frag\earth\earth_03.LN65.pc.snd.wav,,loaded,bus_fx,grp_impacts,snp_hdrfx,,65,0,81,83,200,575,575,allon,default,allon,default,8,8,priority,oldest,-182,84,80,95,0.25,1,3d,default,nonlooping,,1,0,25,225,85,0.25,no,no,none,0,,no,,,yes,no,no,0,0,yes,no,,0,,no,no,no
wpn_grenade_launch_bounce_mud,raw\sound\wpn\grenade\bounce\frag\earth\earth_04.LN65.pc.snd.wav,,loaded,bus_fx,grp_impacts,snp_hdrfx,,65,0,81,83,200,575,575,allon,default,allon,default,8,8,priority,oldest,-182,84,80,95,0.25,1,3d,default,nonlooping,,1,0,25,225,85,0.25,no,no,none,0,,no,,,yes,no,no,0,0,yes,no,,0,,no,no,no
wpn_grenade_launch_bounce_paintedmetal,raw\sound\wpn\grenade\bounce\frag\metal\metal_00.LN65.pc.snd.wav,,loaded,bus_fx,grp_impacts,snp_hdrfx,,65,0,81,83,200,575,575,allon,default,allon,default,8,8,priority,oldest,-182,84,80,95,0.25,1,3d,default,nonlooping,,1,0,25,225,85,0.25,no,no,none,0,,no,,,yes,no,no,0,0,yes,no,,0,,no,no,no
wpn_grenade_launch_bounce_paintedmetal,raw\sound\wpn\grenade\bounce\frag\metal\metal_01.LN65.pc.snd.wav,,loaded,bus_fx,grp_impacts,snp_hdrfx,,65,0,81,83,200,575,575,allon,default,allon,default,8,8,priority,oldest,-182,84,80,95,0.25,1,3d,default,nonlooping,,1,0,25,225,85,0.25,no,no,none,0,,no,,,yes,no,no,0,0,yes,no,,0,,no,no,no
wpn_grenade_launch_bounce_paintedmetal,raw\sound\wpn\grenade\bounce\frag\metal\metal_02.LN65.pc.snd.wav,,loaded,bus_fx,grp_impacts,snp_hdrfx,,65,0,81,83,200,575,575,allon,default,allon,default,8,8,priority,oldest,-182,84,80,95,0.25,1,3d,default,nonlooping,,1,0,25,225,85,0.25,no,no,none,0,,no,,,yes,no,no,0,0,yes,no,,0,,no,no,no
wpn_grenade_launch_bounce_paintedmetal,raw\sound\wpn\grenade\bounce\frag\metal\metal_03.LN65.pc.snd.wav,,loaded,bus_fx,grp_impacts,snp_hdrfx,,65,0,81,83,200,575,575,allon,default,allon,default,8,8,priority,oldest,-182,84,80,95,0.25,1,3d,default,nonlooping,,1,0,25,225,85,0.25,no,no,none,0,,no,,,yes,no,no,0,0,yes,no,,0,,no,no,no
wpn_grenade_launch_bounce_paintedmetal,raw\sound\wpn\grenade\bounce\frag\metal\metal_04.LN65.pc.snd.wav,,loaded,bus_fx,grp_impacts,snp_hdrfx,,65,0,81,83,200,575,575,allon,default,allon,default,8,8,priority,oldest,-182,84,80,95,0.25,1,3d,default,nonlooping,,1,0,25,225,85,0.25,no,no,none,0,,no,,,yes,no,no,0,0,yes,no,,0,,no,no,no
wpn_grenade_launch_bounce_paper,raw\sound\wpn\grenade\bounce\frag\earth\earth_00.LN65.pc.snd.wav,,loaded,bus_fx,grp_impacts,snp_hdrfx,,65,0,81,83,200,575,575,allon,default,allon,default,8,8,priority,oldest,-182,84,80,95,0.25,1,3d,default,nonlooping,,1,0,25,225,85,0.25,no,no,none,0,,no,,,yes,no,no,0,0,yes,no,,0,,no,no,no
wpn_grenade_launch_bounce_paper,raw\sound\wpn\grenade\bounce\frag\earth\earth_01.LN65.pc.snd.wav,,loaded,bus_fx,grp_impacts,snp_hdrfx,,65,0,81,83,200,575,575,allon,default,allon,default,8,8,priority,oldest,-182,84,80,95,0.25,1,3d,default,nonlooping,,1,0,25,225,85,0.25,no,no,none,0,,no,,,yes,no,no,0,0,yes,no,,0,,no,no,no
wpn_grenade_launch_bounce_paper,raw\sound\wpn\grenade\bounce\frag\earth\earth_02.LN65.pc.snd.wav,,loaded,bus_fx,grp_impacts,snp_hdrfx,,65,0,81,83,200,575,575,allon,default,allon,default,8,8,priority,oldest,-182,84,80,95,0.25,1,3d,default,nonlooping,,1,0,25,225,85,0.25,no,no,none,0,,no,,,yes,no,no,0,0,yes,no,,0,,no,no,no
wpn_grenade_launch_bounce_paper,raw\sound\wpn\grenade\bounce\frag\earth\earth_03.LN65.pc.snd.wav,,loaded,bus_fx,grp_impacts,snp_hdrfx,,65,0,81,83,200,575,575,allon,default,allon,default,8,8,priority,oldest,-182,84,80,95,0.25,1,3d,default,nonlooping,,1,0,25,225,85,0.25,no,no,none,0,,no,,,yes,no,no,0,0,yes,no,,0,,no,no,no
wpn_grenade_launch_bounce_paper,raw\sound\wpn\grenade\bounce\frag\earth\earth_04.LN65.pc.snd.wav,,loaded,bus_fx,grp_impacts,snp_hdrfx,,65,0,81,83,200,575,575,allon,default,allon,default,8,8,priority,oldest,-182,84,80,95,0.25,1,3d,default,nonlooping,,1,0,25,225,85,0.25,no,no,none,0,,no,,,yes,no,no,0,0,yes,no,,0,,no,no,no
wpn_grenade_launch_bounce_plaster,raw\sound\wpn\grenade\bounce\frag\metal\metal_00.LN65.pc.snd.wav,,loaded,bus_fx,grp_impacts,snp_hdrfx,,65,0,81,83,200,575,575,allon,default,allon,default,8,8,priority,oldest,-182,84,80,95,0.25,1,3d,default,nonlooping,,1,0,25,225,85,0.25,no,no,none,0,,no,,,yes,no,no,0,0,yes,no,,0,,no,no,no
wpn_grenade_launch_bounce_plaster,raw\sound\wpn\grenade\bounce\frag\metal\metal_01.LN65.pc.snd.wav,,loaded,bus_fx,grp_impacts,snp_hdrfx,,65,0,81,83,200,575,575,allon,default,allon,default,8,8,priority,oldest,-182,84,80,95,0.25,1,3d,default,nonlooping,,1,0,25,225,85,0.25,no,no,none,0,,no,,,yes,no,no,0,0,yes,no,,0,,no,no,no
wpn_grenade_launch_bounce_plaster,raw\sound\wpn\grenade\bounce\frag\metal\metal_02.LN65.pc.snd.wav,,loaded,bus_fx,grp_impacts,snp_hdrfx,,65,0,81,83,200,575,575,allon,default,allon,default,8,8,priority,oldest,-182,84,80,95,0.25,1,3d,default,nonlooping,,1,0,25,225,85,0.25,no,no,none,0,,no,,,yes,no,no,0,0,yes,no,,0,,no,no,no
wpn_grenade_launch_bounce_plaster,raw\sound\wpn\grenade\bounce\frag\metal\metal_03.LN65.pc.snd.wav,,loaded,bus_fx,grp_impacts,snp_hdrfx,,65,0,81,83,200,575,575,allon,default,allon,default,8,8,priority,oldest,-182,84,80,95,0.25,1,3d,default,nonlooping,,1,0,25,225,85,0.25,no,no,none,0,,no,,,yes,no,no,0,0,yes,no,,0,,no,no,no
wpn_grenade_launch_bounce_plaster,raw\sound\wpn\grenade\bounce\frag\metal\metal_04.LN65.pc.snd.wav,,loaded,bus_fx,grp_impacts,snp_hdrfx,,65,0,81,83,200,575,575,allon,default,allon,default,8,8,priority,oldest,-182,84,80,95,0.25,1,3d,default,nonlooping,,1,0,25,225,85,0.25,no,no,none,0,,no,,,yes,no,no,0,0,yes,no,,0,,no,no,no
wpn_grenade_launch_bounce_plastic,raw\sound\wpn\grenade\bounce\frag\earth\earth_00.LN65.pc.snd.wav,,loaded,bus_fx,grp_impacts,snp_hdrfx,,65,0,81,83,200,575,575,allon,default,allon,default,8,8,priority,oldest,-182,84,80,95,0.25,1,3d,default,nonlooping,,1,0,25,225,85,0.25,no,no,none,0,,no,,,yes,no,no,0,0,yes,no,,0,,no,no,no
wpn_grenade_launch_bounce_plastic,raw\sound\wpn\grenade\bounce\frag\earth\earth_01.LN65.pc.snd.wav,,loaded,bus_fx,grp_impacts,snp_hdrfx,,65,0,81,83,200,575,575,allon,default,allon,default,8,8,priority,oldest,-182,84,80,95,0.25,1,3d,default,nonlooping,,1,0,25,225,85,0.25,no,no,none,0,,no,,,yes,no,no,0,0,yes,no,,0,,no,no,no
wpn_grenade_launch_bounce_plastic,raw\sound\wpn\grenade\bounce\frag\earth\earth_02.LN65.pc.snd.wav,,loaded,bus_fx,grp_impacts,snp_hdrfx,,65,0,81,83,200,575,575,allon,default,allon,default,8,8,priority,oldest,-182,84,80,95,0.25,1,3d,default,nonlooping,,1,0,25,225,85,0.25,no,no,none,0,,no,,,yes,no,no,0,0,yes,no,,0,,no,no,no
wpn_grenade_launch_bounce_plastic,raw\sound\wpn\grenade\bounce\frag\earth\earth_03.LN65.pc.snd.wav,,loaded,bus_fx,grp_impacts,snp_hdrfx,,65,0,81,83,200,575,575,allon,default,allon,default,8,8,priority,oldest,-182,84,80,95,0.25,1,3d,default,nonlooping,,1,0,25,225,85,0.25,no,no,none,0,,no,,,yes,no,no,0,0,yes,no,,0,,no,no,no
wpn_grenade_launch_bounce_plastic,raw\sound\wpn\grenade\bounce\frag\earth\earth_04.LN65.pc.snd.wav,,loaded,bus_fx,grp_impacts,snp_hdrfx,,65,0,81,83,200,575,575,allon,default,allon,default,8,8,priority,oldest,-182,84,80,95,0.25,1,3d,default,nonlooping,,1,0,25,225,85,0.25,no,no,none,0,,no,,,yes,no,no,0,0,yes,no,,0,,no,no,no
wpn_grenade_launch_bounce_rock,raw\sound\wpn\grenade\bounce\frag\metal\metal_00.LN65.pc.snd.wav,,loaded,bus_fx,grp_impacts,snp_hdrfx,,65,0,81,83,200,575,575,allon,default,allon,default,8,8,priority,oldest,-182,84,80,95,0.25,1,3d,default,nonlooping,,1,0,25,225,85,0.25,no,no,none,0,,no,,,yes,no,no,0,0,yes,no,,0,,no,no,no
wpn_grenade_launch_bounce_rock,raw\sound\wpn\grenade\bounce\frag\metal\metal_01.LN65.pc.snd.wav,,loaded,bus_fx,grp_impacts,snp_hdrfx,,65,0,81,83,200,575,575,allon,default,allon,default,8,8,priority,oldest,-182,84,80,95,0.25,1,3d,default,nonlooping,,1,0,25,225,85,0.25,no,no,none,0,,no,,,yes,no,no,0,0,yes,no,,0,,no,no,no
wpn_grenade_launch_bounce_rock,raw\sound\wpn\grenade\bounce\frag\metal\metal_02.LN65.pc.snd.wav,,loaded,bus_fx,grp_impacts,snp_hdrfx,,65,0,81,83,200,575,575,allon,default,allon,default,8,8,priority,oldest,-182,84,80,95,0.25,1,3d,default,nonlooping,,1,0,25,225,85,0.25,no,no,none,0,,no,,,yes,no,no,0,0,yes,no,,0,,no,no,no
wpn_grenade_launch_bounce_rock,raw\sound\wpn\grenade\bounce\frag\metal\metal_03.LN65.pc.snd.wav,,loaded,bus_fx,grp_impacts,snp_hdrfx,,65,0,81,83,200,575,575,allon,default,allon,default,8,8,priority,oldest,-182,84,80,95,0.25,1,3d,default,nonlooping,,1,0,25,225,85,0.25,no,no,none,0,,no,,,yes,no,no,0,0,yes,no,,0,,no,no,no
wpn_grenade_launch_bounce_rock,raw\sound\wpn\grenade\bounce\frag\metal\metal_04.LN65.pc.snd.wav,,loaded,bus_fx,grp_impacts,snp_hdrfx,,65,0,81,83,200,575,575,allon,default,allon,default,8,8,priority,oldest,-182,84,80,95,0.25,1,3d,default,nonlooping,,1,0,25,225,85,0.25,no,no,none,0,,no,,,yes,no,no,0,0,yes,no,,0,,no,no,no
wpn_grenade_launch_bounce_rubber,raw\sound\wpn\grenade\bounce\frag\earth\earth_00.LN65.pc.snd.wav,,loaded,bus_fx,grp_impacts,snp_hdrfx,,65,0,81,83,200,575,575,allon,default,allon,default,8,8,priority,oldest,-182,84,80,95,0.25,1,3d,default,nonlooping,,1,0,25,225,85,0.25,no,no,none,0,,no,,,yes,no,no,0,0,yes,no,,0,,no,no,no
wpn_grenade_launch_bounce_rubber,raw\sound\wpn\grenade\bounce\frag\earth\earth_01.LN65.pc.snd.wav,,loaded,bus_fx,grp_impacts,snp_hdrfx,,65,0,81,83,200,575,575,allon,default,allon,default,8,8,priority,oldest,-182,84,80,95,0.25,1,3d,default,nonlooping,,1,0,25,225,85,0.25,no,no,none,0,,no,,,yes,no,no,0,0,yes,no,,0,,no,no,no
wpn_grenade_launch_bounce_rubber,raw\sound\wpn\grenade\bounce\frag\earth\earth_02.LN65.pc.snd.wav,,loaded,bus_fx,grp_impacts,snp_hdrfx,,65,0,81,83,200,575,575,allon,default,allon,default,8,8,priority,oldest,-182,84,80,95,0.25,1,3d,default,nonlooping,,1,0,25,225,85,0.25,no,no,none,0,,no,,,yes,no,no,0,0,yes,no,,0,,no,no,no
wpn_grenade_launch_bounce_rubber,raw\sound\wpn\grenade\bounce\frag\earth\earth_03.LN65.pc.snd.wav,,loaded,bus_fx,grp_impacts,snp_hdrfx,,65,0,81,83,200,575,575,allon,default,allon,default,8,8,priority,oldest,-182,84,80,95,0.25,1,3d,default,nonlooping,,1,0,25,225,85,0.25,no,no,none,0,,no,,,yes,no,no,0,0,yes,no,,0,,no,no,no
wpn_grenade_launch_bounce_rubber,raw\sound\wpn\grenade\bounce\frag\earth\earth_04.LN65.pc.snd.wav,,loaded,bus_fx,grp_impacts,snp_hdrfx,,65,0,81,83,200,575,575,allon,default,allon,default,8,8,priority,oldest,-182,84,80,95,0.25,1,3d,default,nonlooping,,1,0,25,225,85,0.25,no,no,none,0,,no,,,yes,no,no,0,0,yes,no,,0,,no,no,no
wpn_grenade_launch_bounce_sand,raw\sound\wpn\grenade\bounce\frag\earth\earth_00.LN65.pc.snd.wav,,loaded,bus_fx,grp_impacts,snp_hdrfx,,65,0,81,83,200,575,575,allon,default,allon,default,8,8,priority,oldest,-182,84,80,95,0.25,1,3d,default,nonlooping,,1,0,25,225,85,0.25,no,no,none,0,,no,,,yes,no,no,0,0,yes,no,,0,,no,no,no
wpn_grenade_launch_bounce_sand,raw\sound\wpn\grenade\bounce\frag\earth\earth_01.LN65.pc.snd.wav,,loaded,bus_fx,grp_impacts,snp_hdrfx,,65,0,81,83,200,575,575,allon,default,allon,default,8,8,priority,oldest,-182,84,80,95,0.25,1,3d,default,nonlooping,,1,0,25,225,85,0.25,no,no,none,0,,no,,,yes,no,no,0,0,yes,no,,0,,no,no,no
wpn_grenade_launch_bounce_sand,raw\sound\wpn\grenade\bounce\frag\earth\earth_02.LN65.pc.snd.wav,,loaded,bus_fx,grp_impacts,snp_hdrfx,,65,0,81,83,200,575,575,allon,default,allon,default,8,8,priority,oldest,-182,84,80,95,0.25,1,3d,default,nonlooping,,1,0,25,225,85,0.25,no,no,none,0,,no,,,yes,no,no,0,0,yes,no,,0,,no,no,no
wpn_grenade_launch_bounce_sand,raw\sound\wpn\grenade\bounce\frag\earth\earth_03.LN65.pc.snd.wav,,loaded,bus_fx,grp_impacts,snp_hdrfx,,65,0,81,83,200,575,575,allon,default,allon,default,8,8,priority,oldest,-182,84,80,95,0.25,1,3d,default,nonlooping,,1,0,25,225,85,0.25,no,no,none,0,,no,,,yes,no,no,0,0,yes,no,,0,,no,no,no
wpn_grenade_launch_bounce_sand,raw\sound\wpn\grenade\bounce\frag\earth\earth_04.LN65.pc.snd.wav,,loaded,bus_fx,grp_impacts,snp_hdrfx,,65,0,81,83,200,575,575,allon,default,allon,default,8,8,priority,oldest,-182,84,80,95,0.25,1,3d,default,nonlooping,,1,0,25,225,85,0.25,no,no,none,0,,no,,,yes,no,no,0,0,yes,no,,0,,no,no,no
wpn_grenade_launch_bounce_snow,raw\sound\wpn\grenade\bounce\frag\earth\earth_00.LN65.pc.snd.wav,,loaded,bus_fx,grp_impacts,snp_hdrfx,,65,0,81,83,200,575,575,allon,default,allon,default,8,8,priority,oldest,-182,84,80,95,0.25,1,3d,default,nonlooping,,1,0,25,225,85,0.25,no,no,none,0,,no,,,yes,no,no,0,0,yes,no,,0,,no,no,no
wpn_grenade_launch_bounce_snow,raw\sound\wpn\grenade\bounce\frag\earth\earth_01.LN65.pc.snd.wav,,loaded,bus_fx,grp_impacts,snp_hdrfx,,65,0,81,83,200,575,575,allon,default,allon,default,8,8,priority,oldest,-182,84,80,95,0.25,1,3d,default,nonlooping,,1,0,25,225,85,0.25,no,no,none,0,,no,,,yes,no,no,0,0,yes,no,,0,,no,no,no
wpn_grenade_launch_bounce_snow,raw\sound\wpn\grenade\bounce\frag\earth\earth_02.LN65.pc.snd.wav,,loaded,bus_fx,grp_impacts,snp_hdrfx,,65,0,81,83,200,575,575,allon,default,allon,default,8,8,priority,oldest,-182,84,80,95,0.25,1,3d,default,nonlooping,,1,0,25,225,85,0.25,no,no,none,0,,no,,,yes,no,no,0,0,yes,no,,0,,no,no,no
wpn_grenade_launch_bounce_snow,raw\sound\wpn\grenade\bounce\frag\earth\earth_03.LN65.pc.snd.wav,,loaded,bus_fx,grp_impacts,snp_hdrfx,,65,0,81,83,200,575,575,allon,default,allon,default,8,8,priority,oldest,-182,84,80,95,0.25,1,3d,default,nonlooping,,1,0,25,225,85,0.25,no,no,none,0,,no,,,yes,no,no,0,0,yes,no,,0,,no,no,no
wpn_grenade_launch_bounce_snow,raw\sound\wpn\grenade\bounce\frag\earth\earth_04.LN65.pc.snd.wav,,loaded,bus_fx,grp_impacts,snp_hdrfx,,65,0,81,83,200,575,575,allon,default,allon,default,8,8,priority,oldest,-182,84,80,95,0.25,1,3d,default,nonlooping,,1,0,25,225,85,0.25,no,no,none,0,,no,,,yes,no,no,0,0,yes,no,,0,,no,no,no
wpn_grenade_launch_bounce_water,raw\sound\wpn\grenade\bounce\frag\water\water_00.LN65.pc.snd.wav,,loaded,bus_fx,grp_impacts,snp_hdrfx,,65,0,81,83,200,575,575,allon,default,allon,default,8,8,priority,oldest,-182,84,80,95,0.25,1,3d,default,nonlooping,,1,0,25,225,85,0.25,no,no,none,0,,no,,,yes,no,no,0,0,yes,no,,0,,no,no,no
wpn_grenade_launch_bounce_water,raw\sound\wpn\grenade\bounce\frag\water\water_01.LN65.pc.snd.wav,,loaded,bus_fx,grp_impacts,snp_hdrfx,,65,0,81,83,200,575,575,allon,default,allon,default,8,8,priority,oldest,-182,84,80,95,0.25,1,3d,default,nonlooping,,1,0,25,225,85,0.25,no,no,none,0,,no,,,yes,no,no,0,0,yes,no,,0,,no,no,no
wpn_grenade_launch_bounce_water,raw\sound\wpn\grenade\bounce\frag\water\water_02.LN65.pc.snd.wav,,loaded,bus_fx,grp_impacts,snp_hdrfx,,65,0,81,83,200,575,575,allon,default,allon,default,8,8,priority,oldest,-182,84,80,95,0.25,1,3d,default,nonlooping,,1,0,25,225,85,0.25,no,no,none,0,,no,,,yes,no,no,0,0,yes,no,,0,,no,no,no
wpn_grenade_launch_bounce_water,raw\sound\wpn\grenade\bounce\frag\water\water_03.LN65.pc.snd.wav,,loaded,bus_fx,grp_impacts,snp_hdrfx,,65,0,81,83,200,575,575,allon,default,allon,default,8,8,priority,oldest,-182,84,80,95,0.25,1,3d,default,nonlooping,,1,0,25,225,85,0.25,no,no,none,0,,no,,,yes,no,no,0,0,yes,no,,0,,no,no,no
wpn_grenade_launch_bounce_wood,raw\sound\wpn\grenade\bounce\frag\wood\wood_00.LN65.pc.snd.wav,,loaded,bus_fx,grp_impacts,snp_hdrfx,,65,0,81,83,200,575,575,allon,default,allon,default,8,8,priority,oldest,-182,84,80,95,0.25,1,3d,default,nonlooping,,1,0,25,225,85,0.25,no,no,none,0,,no,,,yes,no,no,0,0,yes,no,,0,,no,no,no
wpn_grenade_launch_bounce_wood,raw\sound\wpn\grenade\bounce\frag\wood\wood_01.LN65.pc.snd.wav,,loaded,bus_fx,grp_impacts,snp_hdrfx,,65,0,81,83,200,575,575,allon,default,allon,default,8,8,priority,oldest,-182,84,80,95,0.25,1,3d,default,nonlooping,,1,0,25,225,85,0.25,no,no,none,0,,no,,,yes,no,no,0,0,yes,no,,0,,no,no,no
wpn_grenade_launch_bounce_wood,raw\sound\wpn\grenade\bounce\frag\wood\wood_02.LN65.pc.snd.wav,,loaded,bus_fx,grp_impacts,snp_hdrfx,,65,0,81,83,200,575,575,allon,default,allon,default,8,8,priority,oldest,-182,84,80,95,0.25,1,3d,default,nonlooping,,1,0,25,225,85,0.25,no,no,none,0,,no,,,yes,no,no,0,0,yes,no,,0,,no,no,no
wpn_grenade_launch_bounce_wood,raw\sound\wpn\grenade\bounce\frag\wood\wood_03.LN65.pc.snd.wav,,loaded,bus_fx,grp_impacts,snp_hdrfx,,65,0,81,83,200,575,575,allon,default,allon,default,8,8,priority,oldest,-182,84,80,95,0.25,1,3d,default,nonlooping,,1,0,25,225,85,0.25,no,no,none,0,,no,,,yes,no,no,0,0,yes,no,,0,,no,no,no
wpn_grenade_launch_bounce_wood,raw\sound\wpn\grenade\bounce\frag\wood\wood_04.LN65.pc.snd.wav,,loaded,bus_fx,grp_impacts,snp_hdrfx,,65,0,81,83,200,575,575,allon,default,allon,default,8,8,priority,oldest,-182,84,80,95,0.25,1,3d,default,nonlooping,,1,0,25,225,85,0.25,no,no,none,0,,no,,,yes,no,no,0,0,yes,no,,0,,no,no,no
wpn_grenade_projectile_loop,raw\sound\prj\grenade\whizby\grenade_whizby_00.LL65.pc.snd.wav,,loaded,bus_fx,grp_weapon,snp_wpn_3p,,55,0,72,72,50,375,375,cosdelay,alloff,cosdelay,default,6,2,priority,oldest,-88,84,50,90,0.25,0.8,3d,default,looping,,1,0,0,0,0,0.25,no,no,none,0,,yes,,,yes,no,no,0,0,yes,no,,0,,no,no,no
wpn_grenade_pull_pin,raw\sound\wpn\grenade\foley\pin\pin.LN65.pc.snd.wav,,loaded,bus_fx,grp_foley,snp_foley,,30,0,65,65,100,500,500,allon,default,allon,default,3,8,oldest,oldest,-182,165,90,90,0.25,1,3d,front,nonlooping,,1,0,0,0,0,0.25,no,yes,none,0,,no,,,yes,no,no,0,0,yes,no,,0,,no,no,no
wpn_grenade_throw,raw\sound\wpn\grenade\foley\throw\gren_throw.LN65.pc.snd.wav,wpn_grenade_throw_cloth,loaded,bus_fx,grp_foley,snp_foley,,30,0,68,70,100,150,150,allon,default,allon,default,3,1,oldest,oldest,-182,165,90,90,0.25,1,3d,front,nonlooping,,1,0,0,0,0,0.25,no,yes,none,0,,no,,,yes,no,no,0,0,yes,no,,0,,no,no,no
wpn_grenade_throw_cloth,raw\sound\fly\cloth\short\fly_cloth_short_05.LN65.pc.snd.wav,,loaded,bus_fx,grp_foley,snp_foley,,30,0,70,72,100,150,150,allon,default,allon,default,3,1,oldest,oldest,-182,165,90,90,0.25,1,3d,front,nonlooping,,1,0,0,0,0,0.25,no,yes,none,0,,no,,,yes,no,no,0,0,yes,no,,0,,no,no,no
zmb_turn_on,raw\sound\evt\zombie_global\switch\turn_on\turn_on_00.SN55.pc.snd.flac,,streamed,bus_hdrfx,grp_hdrfx,snp_hdrfx,,60,0,68,68,125,1750,2000,allon,default,allon,default,1,8,oldest,oldest,0,0,95,100,0.25,1,3d,default,nonlooping,,1,0,0,0,0,0.1,no,yes,none,0,,no,,,yes,no,no,0,0,yes,no,,0,,no,no,no
fly_slipgun_raise_1,raw\sound\wpn\slipgun\raise_913.LN65.pc.snd.wav,,loaded,bus_fx,grp_foley,snp_foley,,30,0,92,92,0,5000,5000,allon,default,allon,default,8,8,priority,oldest,-88,84,70,70,0.25,1,2d,front,nonlooping,,1,0,0,0,0,0.25,no,yes,none,0,,no,,,yes,no,no,0,0,yes,no,,0,,no,no,no
fly_slipgun_reload_1,raw\sound\wpn\slipgun\reload_514.LN65.pc.snd.wav,,loaded,bus_fx,grp_foley,snp_foley,,30,0,92,92,0,5000,5000,allon,default,allon,default,8,8,priority,oldest,-88,84,70,70,0.25,1,2d,front,nonlooping,,1,0,0,0,0,0.25,no,yes,none,0,,no,,,yes,no,no,0,0,yes,no,,0,,no,no,no
fly_slipgun_reload_2,raw\sound\wpn\slipgun\reload_563.LN65.pc.snd.wav,,loaded,bus_fx,grp_foley,snp_foley,,30,0,92,92,0,5000,5000,allon,default,allon,default,8,8,priority,oldest,-88,84,70,70,0.25,1,2d,front,nonlooping,,1,0,0,0,0,0.25,no,yes,none,0,,no,,,yes,no,no,0,0,yes,no,,0,,no,no,no
fly_slipgun_reload_3,raw\sound\wpn\slipgun\reload_598.LN65.pc.snd.wav,,loaded,bus_fx,grp_foley,snp_foley,,30,0,92,92,0,5000,5000,allon,default,allon,default,8,8,priority,oldest,-88,84,70,70,0.25,1,2d,front,nonlooping,,1,0,0,0,0,0.25,no,yes,none,0,,no,,,yes,no,no,0,0,yes,no,,0,,no,no,no
wpn_slipgun_1straise_plr,raw\sound\fly\gear\rattle\fly_cloth_00.LN65.pc.snd.wav,,loaded,bus_fx,grp_foley,snp_foley,,30,0,86,89,0,5000,5000,allon,default,allon,default,8,8,priority,oldest,-88,84,70,70,0.25,1,2d,front,nonlooping,,1,0,0,0,0,0.25,no,yes,none,0,,no,,,yes,no,no,0,0,yes,no,,0,,no,no,no
wpn_slipgun_1straise_plr,raw\sound\fly\gear\rattle\fly_cloth_01.LN65.pc.snd.wav,,loaded,bus_fx,grp_foley,snp_foley,,30,0,86,89,0,5000,5000,allon,default,allon,default,8,8,priority,oldest,-88,84,70,70,0.25,1,2d,front,nonlooping,,1,0,0,0,0,0.25,no,yes,none,0,,no,,,yes,no,no,0,0,yes,no,,0,,no,no,no
wpn_slipgun_1straise_plr,raw\sound\fly\gear\rattle\fly_cloth_02.LN65.pc.snd.wav,,loaded,bus_fx,grp_foley,snp_foley,,30,0,86,89,0,5000,5000,allon,default,allon,default,8,8,priority,oldest,-88,84,70,70,0.25,1,2d,front,nonlooping,,1,0,0,0,0,0.25,no,yes,none,0,,no,,,yes,no,no,0,0,yes,no,,0,,no,no,no
wpn_slipgun_1straise_plr,raw\sound\fly\gear\rattle\fly_cloth_03.LN65.pc.snd.wav,,loaded,bus_fx,grp_foley,snp_foley,,30,0,86,89,0,5000,5000,allon,default,allon,default,8,8,priority,oldest,-88,84,70,70,0.25,1,2d,front,nonlooping,,1,0,0,0,0,0.25,no,yes,none,0,,no,,,yes,no,no,0,0,yes,no,,0,,no,no,no
wpn_slipgun_dryfire_plr,raw\sound\wpn\lmg\dry_fire\plr\dry_fire_00.LN65.pc.snd.wav,,loaded,bus_hdrfx,grp_weapon,snp_wpn_1p,,70,0,87,87,0,5000,5000,allon,default,allon,default,1,8,oldest,oldest,0,0,90,90,0.25,1,2d,wpn_all,nonlooping,,1,0,0,0,0,0.25,no,no,none,0,,no,,,yes,no,no,0,0,yes,no,,0,,no,no,no
wpn_slipgun_explode,raw\sound\wpn\slipgun\splash\slipgun_splash_00.LN65.pc.snd.wav,,loaded,bus_hdrfx,grp_hdrfx,snp_hdrfx,,60,0,89,89,125,1000,1000,allon,default,allon,default,8,8,priority,oldest,-180,280,70,90,0.25,1,3d,default,nonlooping,,1,0,0,0,0,0,no,no,none,0,,no,,,yes,no,no,0,0,yes,no,,0,,no,no,no
wpn_slipgun_explode,raw\sound\wpn\slipgun\splash\slipgun_splash_01.LN65.pc.snd.wav,,loaded,bus_hdrfx,grp_hdrfx,snp_hdrfx,,60,0,89,89,125,1000,1000,allon,default,allon,default,8,8,priority,oldest,-180,280,70,90,0.25,1,3d,default,nonlooping,,1,0,0,0,0,0,no,no,none,0,,no,,,yes,no,no,0,0,yes,no,,0,,no,no,no
wpn_slipgun_fire_last_plr,raw\sound\wpn\slipgun\slipgun_lastshot.LN65.pc.snd.wav,wpn_slipgun_fire_plr_lfe,loaded,bus_hdrfx,grp_weapon,snp_wpn_1p,,70,0,92,92,0,5000,5000,allon,default,allon,default,1,8,oldest,oldest,-80,80,90,90,0.25,1,2d,front_mostly,nonlooping,,1,0,0,0,0,0.25,no,no,none,0,,no,,,yes,no,no,0,0,yes,no,,0,,no,no,no
wpn_slipgun_fire_plr,raw\sound\wpn\slipgun\shot\slipgun_shot_00.LN65.pc.snd.wav,wpn_slipgun_fire_plr_lfe,loaded,bus_hdrfx,grp_weapon,snp_wpn_1p,,70,0,92,92,0,5000,5000,allon,default,allon,default,1,8,oldest,oldest,-80,80,90,90,0.25,1,2d,front_mostly,nonlooping,,1,0,0,0,0,0.25,no,no,none,0,,no,,,yes,no,no,0,0,yes,no,,0,,no,no,no
wpn_slipgun_fire_plr,raw\sound\wpn\slipgun\shot\slipgun_shot_01.LN65.pc.snd.wav,wpn_slipgun_fire_plr_lfe,loaded,bus_hdrfx,grp_weapon,snp_wpn_1p,,70,0,92,92,0,5000,5000,allon,default,allon,default,1,8,oldest,oldest,-80,80,90,90,0.25,1,2d,front_mostly,nonlooping,,1,0,0,0,0,0.25,no,no,none,0,,no,,,yes,no,no,0,0,yes,no,,0,,no,no,no
wpn_slipgun_fire_plr_lfe,raw\sound\wpn\grenade\explosion\lfe\exp_grenade_lfe.LN65.pc.snd.wav,,loaded,bus_hdrfx,grp_weapon,snp_hdrfx,,0,0,86,86,0,5000,5000,allon,default,allon,default,1,8,oldest,oldest,0,0,90,90,0.25,1,2d,lfe,nonlooping,,1,0,0,0,0,0.25,no,no,none,0,,no,,,yes,no,no,0,0,yes,no,,0,,no,no,no
wpn_slipgun_pickup_plr,raw\sound\fly\pickups\weapon\fly_weapon_pickup_00.LN65.pc.snd.wav,,loaded,bus_fx,grp_foley,snp_foley,,30,0,86,89,0,5000,5000,allon,default,allon,default,8,8,priority,oldest,-88,84,70,70,0.25,1,2d,front,nonlooping,,1,0,0,0,0,0.25,no,yes,none,0,,no,,,yes,no,no,0,0,yes,no,,0,,no,no,no
wpn_slipgun_pickup_plr,raw\sound\fly\pickups\weapon\fly_weapon_pickup_01.LN65.pc.snd.wav,,loaded,bus_fx,grp_foley,snp_foley,,30,0,86,89,0,5000,5000,allon,default,allon,default,8,8,priority,oldest,-88,84,70,70,0.25,1,2d,front,nonlooping,,1,0,0,0,0,0.25,no,yes,none,0,,no,,,yes,no,no,0,0,yes,no,,0,,no,no,no
wpn_slipgun_proj_loop,,,loaded,bus_hdrfx,grp_weapon,snp_hdrfx,,70,0,72,72,150,2000,2000,allon,default,allon,default,1,8,oldest,oldest,-34,34,70,90,0.25,1,3d,wpn_all,looping,,1,0,0,0,0,0.25,no,no,none,0,,yes,,,yes,no,no,0,0,yes,no,,0,,no,no,no
wpn_slipgun_raise_plr,raw\sound\fly\gear\rattle\fly_cloth_00.LN65.pc.snd.wav,,loaded,bus_fx,grp_foley,snp_foley,,30,0,86,89,0,5000,5000,allon,default,allon,default,8,8,priority,oldest,-88,84,70,70,0.25,1,2d,front,nonlooping,,1,0,0,0,0,0.25,no,yes,none,0,,no,,,yes,no,no,0,0,yes,no,,0,,no,no,no
wpn_slipgun_raise_plr,raw\sound\fly\gear\rattle\fly_cloth_01.LN65.pc.snd.wav,,loaded,bus_fx,grp_foley,snp_foley,,30,0,86,89,0,5000,5000,allon,default,allon,default,8,8,priority,oldest,-88,84,70,70,0.25,1,2d,front,nonlooping,,1,0,0,0,0,0.25,no,yes,none,0,,no,,,yes,no,no,0,0,yes,no,,0,,no,no,no
wpn_slipgun_raise_plr,raw\sound\fly\gear\rattle\fly_cloth_02.LN65.pc.snd.wav,,loaded,bus_fx,grp_foley,snp_foley,,30,0,86,89,0,5000,5000,allon,default,allon,default,8,8,priority,oldest,-88,84,70,70,0.25,1,2d,front,nonlooping,,1,0,0,0,0,0.25,no,yes,none,0,,no,,,yes,no,no,0,0,yes,no,,0,,no,no,no
wpn_slipgun_raise_plr,raw\sound\fly\gear\rattle\fly_cloth_03.LN65.pc.snd.wav,,loaded,bus_fx,grp_foley,snp_foley,,30,0,86,89,0,5000,5000,allon,default,allon,default,8,8,priority,oldest,-88,84,70,70,0.25,1,2d,front,nonlooping,,1,0,0,0,0,0.25,no,yes,none,0,,no,,,yes,no,no,0,0,yes,no,,0,,no,no,no
wpn_slipgun_zombie_explode,raw\sound\wpn\slipgun\explode\explo_00.LN65.pc.snd.wav,,loaded,bus_hdrfx,grp_hdrfx,snp_hdrfx,,60,0,91,92,250,1000,1000,allon,default,allon,default,8,8,priority,oldest,-250,250,70,90,0.25,1,3d,default,nonlooping,,1,0,0,0,0,0,no,no,none,0,,no,,,yes,no,no,0,0,yes,no,,0,,no,no,no
wpn_slipgun_zombie_explode,raw\sound\wpn\slipgun\explode\explo_01.LN65.pc.snd.wav,,loaded,bus_hdrfx,grp_hdrfx,snp_hdrfx,,60,0,91,92,250,1000,1000,allon,default,allon,default,8,8,priority,oldest,-250,250,70,90,0.25,1,3d,default,nonlooping,,1,0,0,0,0,0,no,no,none,0,,no,,,yes,no,no,0,0,yes,no,,0,,no,no,no
wpn_slipgun_zombie_explode,raw\sound\wpn\slipgun\explode\explo_02.LN65.pc.snd.wav,,loaded,bus_hdrfx,grp_hdrfx,snp_hdrfx,,60,0,91,92,250,1000,1000,allon,default,allon,default,8,8,priority,oldest,-250,250,70,90,0.25,1,3d,default,nonlooping,,1,0,0,0,0,0,no,no,none,0,,no,,,yes,no,no,0,0,yes,no,,0,,no,no,no
wpn_slipgun_zombie_explode,raw\sound\wpn\slipgun\explode\explo_03.LN65.pc.snd.wav,,loaded,bus_hdrfx,grp_hdrfx,snp_hdrfx,,60,0,91,92,250,1000,1000,allon,default,allon,default,8,8,priority,oldest,-250,250,70,90,0.25,1,3d,default,nonlooping,,1,0,0,0,0,0,no,no,none,0,,no,,,yes,no,no,0,0,yes,no,,0,,no,no,no
wpn_slipgun_zombie_explode,raw\sound\wpn\slipgun\zmb_impact\zmb_slip_imp_00.LN65.pc.snd.wav,,loaded,bus_hdrfx,grp_hdrfx,snp_hdrfx,,60,0,89,92,250,1000,1000,allon,default,allon,default,4,8,priority,oldest,-300,300,70,90,0.25,1,3d,default,nonlooping,,1,0,0,0,0,0,no,no,none,0,,no,,,no,no,no,0,0,yes,no,,0,,no,no,no
wpn_slipgun_zombie_explode,raw\sound\wpn\slipgun\zmb_impact\zmb_slip_imp_01.LN65.pc.snd.wav,,loaded,bus_hdrfx,grp_hdrfx,snp_hdrfx,,60,0,89,92,250,1000,1000,allon,default,allon,default,4,8,priority,oldest,-300,300,70,90,0.25,1,3d,default,nonlooping,,1,0,0,0,0,0,no,no,none,0,,no,,,no,no,no,0,0,yes,no,,0,,no,no,no
wpn_slipgun_zombie_impact,raw\sound\wpn\slipgun\explode\explo_00.LN65.pc.snd.wav,,loaded,bus_hdrfx,grp_hdrfx,snp_hdrfx,,60,0,91,92,250,1000,1000,allon,default,allon,default,8,8,priority,oldest,-180,280,70,90,0.25,1,3d,default,nonlooping,,1,0,0,0,0,0,no,no,none,0,,no,,,yes,no,no,0,0,yes,no,,0,,no,no,no
wpn_slipgun_zombie_impact,raw\sound\wpn\slipgun\explode\explo_01.LN65.pc.snd.wav,,loaded,bus_hdrfx,grp_hdrfx,snp_hdrfx,,60,0,91,92,250,1000,1000,allon,default,allon,default,8,8,priority,oldest,-180,280,70,90,0.25,1,3d,default,nonlooping,,1,0,0,0,0,0,no,no,none,0,,no,,,yes,no,no,0,0,yes,no,,0,,no,no,no
wpn_slipgun_zombie_impact,raw\sound\wpn\slipgun\explode\explo_02.LN65.pc.snd.wav,,loaded,bus_hdrfx,grp_hdrfx,snp_hdrfx,,60,0,91,92,250,1000,1000,allon,default,allon,default,8,8,priority,oldest,-180,280,70,90,0.25,1,3d,default,nonlooping,,1,0,0,0,0,0,no,no,none,0,,no,,,yes,no,no,0,0,yes,no,,0,,no,no,no
wpn_slipgun_zombie_impact,raw\sound\wpn\slipgun\explode\explo_03.LN65.pc.snd.wav,,loaded,bus_hdrfx,grp_hdrfx,snp_hdrfx,,60,0,91,92,250,1000,1000,allon,default,allon,default,8,8,priority,oldest,-180,280,70,90,0.25,1,3d,default,nonlooping,,1,0,0,0,0,0,no,no,none,0,,no,,,yes,no,no,0,0,yes,no,,0,,no,no,no
fly_python_close,raw\sound\wpn\pistol\357\reload\fly_357_close.LN65.pc.snd.wav,,loaded,bus_fx,grp_foley,snp_foley,,30,0,86,89,0,5000,5000,allon,default,allon,default,8,8,priority,oldest,-88,84,70,70,0.25,1,2d,front,nonlooping,,1,0,0,0,0,0.25,no,yes,none,0,,no,,,yes,no,no,0,0,yes,no,,0,,no,no,no
fly_python_empty,raw\sound\wpn\pistol\357\reload\fly_357_empty.LN65.pc.snd.wav,,loaded,bus_fx,grp_foley,snp_foley,,30,0,86,89,0,5000,5000,allon,default,allon,default,8,8,priority,oldest,-88,84,70,70,0.25,1,2d,front,nonlooping,,1,0,0,0,0,0.25,no,yes,none,0,,no,,,yes,no,no,0,0,yes,no,,0,,no,no,no
fly_python_load,raw\sound\wpn\pistol\357\reload\fly_357_load.LN65.pc.snd.wav,,loaded,bus_fx,grp_foley,snp_foley,,30,0,86,89,0,5000,5000,allon,default,allon,default,8,8,priority,oldest,-88,84,70,70,0.25,1,2d,front,nonlooping,,1,0,0,0,0,0.25,no,yes,none,0,,no,,,yes,no,no,0,0,yes,no,,0,,no,no,no
fly_python_open,raw\sound\wpn\pistol\357\reload\fly_357_open.LN65.pc.snd.wav,,loaded,bus_fx,grp_foley,snp_foley,,30,0,86,89,0,5000,5000,allon,default,allon,default,8,8,priority,oldest,-88,84,70,70,0.25,1,2d,front,nonlooping,,1,0,0,0,0,0.25,no,yes,none,0,,no,,,yes,no,no,0,0,yes,no,,0,,no,no,no
fly_python_single,raw\sound\wpn\pistol\357\reload\single\fly_357_single_bullet_00.LN65.pc.snd.wav,,loaded,bus_fx,grp_foley,snp_foley,,30,0,86,89,0,5000,5000,allon,default,allon,default,8,8,priority,oldest,-88,84,70,70,0.25,1,2d,front,nonlooping,,1,0,0,0,0,0.25,no,yes,none,0,,no,,,yes,no,no,0,0,yes,no,,0,,no,no,no
fly_python_single,raw\sound\wpn\pistol\357\reload\single\fly_357_single_bullet_01.LN65.pc.snd.wav,,loaded,bus_fx,grp_foley,snp_foley,,30,0,86,89,0,5000,5000,allon,default,allon,default,8,8,priority,oldest,-88,84,70,70,0.25,1,2d,front,nonlooping,,1,0,0,0,0,0.25,no,yes,none,0,,no,,,yes,no,no,0,0,yes,no,,0,,no,no,no
fly_python_spin,raw\sound\wpn\pistol\357\reload\fly_357_spin.LN65.pc.snd.wav,,loaded,bus_fx,grp_foley,snp_foley,,30,0,86,89,0,5000,5000,allon,default,allon,default,8,8,priority,oldest,-88,84,70,70,0.25,1,2d,front,nonlooping,,1,0,0,0,0,0.25,no,yes,none,0,,no,,,yes,no,no,0,0,yes,no,,0,,no,no,no
wpn_python_1straise_plr,raw\sound\fly\gear\rattle\fly_cloth_00.LN65.pc.snd.wav,,loaded,bus_fx,grp_foley,snp_foley,,30,0,86,89,0,5000,5000,allon,default,allon,default,8,8,priority,oldest,-88,84,70,70,0.25,1,2d,front,nonlooping,,1,0,0,0,0,0.25,no,yes,none,0,,no,,,yes,no,no,0,0,yes,no,,0,,no,no,no
wpn_python_1straise_plr,raw\sound\fly\gear\rattle\fly_cloth_01.LN65.pc.snd.wav,,loaded,bus_fx,grp_foley,snp_foley,,30,0,86,89,0,5000,5000,allon,default,allon,default,8,8,priority,oldest,-88,84,70,70,0.25,1,2d,front,nonlooping,,1,0,0,0,0,0.25,no,yes,none,0,,no,,,yes,no,no,0,0,yes,no,,0,,no,no,no
wpn_python_1straise_plr,raw\sound\fly\gear\rattle\fly_cloth_02.LN65.pc.snd.wav,,loaded,bus_fx,grp_foley,snp_foley,,30,0,86,89,0,5000,5000,allon,default,allon,default,8,8,priority,oldest,-88,84,70,70,0.25,1,2d,front,nonlooping,,1,0,0,0,0,0.25,no,yes,none,0,,no,,,yes,no,no,0,0,yes,no,,0,,no,no,no
wpn_python_1straise_plr,raw\sound\fly\gear\rattle\fly_cloth_03.LN65.pc.snd.wav,,loaded,bus_fx,grp_foley,snp_foley,,30,0,86,89,0,5000,5000,allon,default,allon,default,8,8,priority,oldest,-88,84,70,70,0.25,1,2d,front,nonlooping,,1,0,0,0,0,0.25,no,yes,none,0,,no,,,yes,no,no,0,0,yes,no,,0,,no,no,no
wpn_python_dryfire_plr,raw\sound\wpn\pistol\dry_fire\plr\dry_fire_00.LN65.pc.snd.wav,,loaded,bus_fx,grp_weapon,snp_wpn_1p,,65,0,90,90,0,5000,5000,allon,default,allon,default,2,8,oldest,oldest,0,0,90,90,0.25,1,2d,front_mostly,nonlooping,,1,0,0,0,0,0.25,no,no,none,0,,no,,,yes,no,no,0,0,yes,no,,0,,no,no,no
wpn_python_fire_plr,raw\sound\wpn\pistol\357\shot\plr\wpn_357_fire_plr.LN65.pc.snd.wav,wpn_python_LFE,loaded,bus_fx,grp_weapon,snp_wpn_1p,,65,0,90,90,0,5000,5000,allon,default,allon,default,2,8,oldest,oldest,0,0,90,90,0.25,1,2d,front_mostly,nonlooping,,1,0,0,0,0,0.25,no,no,none,0,,no,,,yes,no,no,0,0,yes,no,,0,,no,no,no
wpn_python_fire_plr_decay,raw\sound\wpn\pistol\decay\ext\wpn_pistol_decay_ext.LN65.pc.snd.wav,,loaded,bus_fx,grp_weapon,snp_wpn_1p,,65,0,80,80,0,5000,5000,allon,default,allon,default,3,8,oldest,oldest,-50,50,90,90,0.25,1,2d,front_mostly,nonlooping,,1,0,0,0,0,0.25,no,no,none,0,,no,ringoff_plr,outdoor,yes,no,no,0,0,yes,no,,0,,no,no,no
wpn_python_fire_plr_decay,raw\sound\wpn\pistol\decay\int\wpn_pistol_decay_int.LN65.pc.snd.wav,,loaded,bus_fx,grp_weapon,snp_wpn_1p,,65,0,80,80,0,5000,5000,allon,default,allon,default,3,8,oldest,oldest,-50,50,90,90,0.25,1,2d,front_mostly,nonlooping,,1,0,0,0,0,0.25,no,no,none,0,,no,ringoff_plr,indoor,yes,no,no,0,0,yes,no,,0,,no,no,no
wpn_python_fire_plr_pap,raw\sound\wpn\pap\pap_shot_st.LN65.pc.snd.wav,wpn_python_flux_l_plr_pap,loaded,bus_hdrfx,grp_weapon,snp_wpn_1p,,70,0,87,87,0,5000,5000,allon,default,allon,default,1,8,oldest,oldest,0,0,90,90,0.25,1,2d,wpn_all,nonlooping,,1,0,0,0,0,0.25,no,no,none,0,,no,,,yes,no,no,0,0,yes,no,,0,,no,no,no
wpn_python_flux_l_plr_pap,raw\sound\wpn\pap\pap_flux_left.LN65.pc.snd.wav,wpn_python_flux_r_plr_pap,loaded,bus_fx,grp_weapon,snp_wpn_3p,,84,0,75,75,25,900,900,allon,default,allon,default,8,4,priority,priority,-34,34,85,90,0.25,1,3d,default,nonlooping,pitch,1,0,0,0,0,0.25,no,no,left_shot,4000,,no,,,yes,no,no,0,0,yes,no,,0,,no,no,no
wpn_python_flux_r_plr_pap,raw\sound\wpn\pap\pap_flux_right.LN65.pc.snd.wav,wpn_python_fire_plr,loaded,bus_fx,grp_weapon,snp_wpn_3p,,84,0,75,75,25,900,900,allon,default,allon,default,8,4,priority,priority,-34,34,85,90,0.25,1,3d,default,nonlooping,pitch,1,0,0,0,0,0.25,no,no,right_shot,4000,,no,,,yes,no,no,0,0,yes,no,,0,,no,no,no
wpn_python_LFE,raw\sound\wpn\pistol\357\lfe\wpn_357_fire_lfe.LN65.pc.snd.wav,wpn_python_fire_decay,loaded,bus_hdrfx,grp_wpn_lfe,snp_wpn_1p,,0,0,86,86,0,5000,5000,allon,default,allon,default,1,2,priority,oldest,0,0,85,90,0.25,1,2d,lfe,nonlooping,,1,0,0,0,0,0.25,no,no,none,0,,no,,,no,no,no,0,0,yes,no,,0,,no,no,no
wpn_python_pickup_plr,raw\sound\fly\pickups\weapon\fly_weapon_pickup_00.LN65.pc.snd.wav,,loaded,bus_fx,grp_foley,snp_foley,,30,0,75,75,0,5000,5000,allon,default,allon,default,1,8,reject,oldest,-88,84,70,70,0.25,1,2d,front,nonlooping,,1,0,0,0,0,0.25,no,yes,none,0,,no,,,yes,no,no,0,0,yes,no,,0,,no,no,no
wpn_python_pickup_plr,raw\sound\fly\pickups\weapon\fly_weapon_pickup_01.LN65.pc.snd.wav,,loaded,bus_fx,grp_foley,snp_foley,,30,0,75,75,0,5000,5000,allon,default,allon,default,1,8,reject,oldest,-88,84,70,70,0.25,1,2d,front,nonlooping,,1,0,0,0,0,0.25,no,yes,none,0,,no,,,yes,no,no,0,0,yes,no,,0,,no,no,no
fly_judge_close,raw\sound\wpn\pistol\357\reload\fly_357_close.LN65.pc.snd.wav,,loaded,bus_fx,grp_foley,snp_foley,,30,0,86,89,0,5000,5000,allon,default,allon,default,8,8,priority,oldest,-88,84,70,70,0.25,1,2d,front,nonlooping,,1,0,0,0,0,0.25,no,yes,none,0,,no,,,yes,no,no,0,0,yes,no,,0,,no,no,no
fly_judge_empty,raw\sound\wpn\pistol\judge\foley\fly_judge_empty.LN65.pc.snd.wav,,loaded,bus_fx,grp_foley,snp_foley,,30,0,86,89,0,5000,5000,allon,default,allon,default,8,8,priority,oldest,-88,84,70,70,0.25,1,2d,front,nonlooping,,1,100,0,0,0,0.25,no,yes,none,0,,no,,,yes,no,no,0,0,yes,no,,0,,no,no,no
fly_judge_load,raw\sound\wpn\pistol\judge\foley\load\fly_judge_load_00.LN65.pc.snd.wav,,loaded,bus_fx,grp_foley,snp_foley,,30,0,86,89,0,5000,5000,allon,default,allon,default,8,8,priority,oldest,-88,84,70,70,0.25,1,2d,front,nonlooping,,1,0,0,0,0,0.25,no,yes,none,0,,no,,,yes,no,no,0,0,yes,no,,0,,no,no,no
fly_judge_load,raw\sound\wpn\pistol\judge\foley\load\fly_judge_load_01.LN65.pc.snd.wav,,loaded,bus_fx,grp_foley,snp_foley,,30,0,86,89,0,5000,5000,allon,default,allon,default,8,8,priority,oldest,-88,84,70,70,0.25,1,2d,front,nonlooping,,1,0,0,0,0,0.25,no,yes,none,0,,no,,,yes,no,no,0,0,yes,no,,0,,no,no,no
fly_judge_open,raw\sound\wpn\pistol\357\reload\fly_357_open.LN65.pc.snd.wav,,loaded,bus_fx,grp_foley,snp_foley,,30,0,86,89,0,5000,5000,allon,default,allon,default,8,8,priority,oldest,-88,84,70,70,0.25,1,2d,front,nonlooping,,1,0,0,0,0,0.25,no,yes,none,0,,no,,,yes,no,no,0,0,yes,no,,0,,no,no,no
wpn_judge_1straise_plr,raw\sound\fly\gear\rattle\fly_cloth_00.LN65.pc.snd.wav,,loaded,bus_fx,grp_foley,snp_foley,,30,0,86,89,0,5000,5000,allon,default,allon,default,8,8,priority,oldest,-88,84,70,70,0.25,1,2d,front,nonlooping,,1,0,0,0,0,0.25,no,yes,none,0,,no,,,yes,no,no,0,0,yes,no,,0,,no,no,no
wpn_judge_1straise_plr,raw\sound\fly\gear\rattle\fly_cloth_01.LN65.pc.snd.wav,,loaded,bus_fx,grp_foley,snp_foley,,30,0,86,89,0,5000,5000,allon,default,allon,default,8,8,priority,oldest,-88,84,70,70,0.25,1,2d,front,nonlooping,,1,0,0,0,0,0.25,no,yes,none,0,,no,,,yes,no,no,0,0,yes,no,,0,,no,no,no
wpn_judge_1straise_plr,raw\sound\fly\gear\rattle\fly_cloth_02.LN65.pc.snd.wav,,loaded,bus_fx,grp_foley,snp_foley,,30,0,86,89,0,5000,5000,allon,default,allon,default,8,8,priority,oldest,-88,84,70,70,0.25,1,2d,front,nonlooping,,1,0,0,0,0,0.25,no,yes,none,0,,no,,,yes,no,no,0,0,yes,no,,0,,no,no,no
wpn_judge_1straise_plr,raw\sound\fly\gear\rattle\fly_cloth_03.LN65.pc.snd.wav,,loaded,bus_fx,grp_foley,snp_foley,,30,0,86,89,0,5000,5000,allon,default,allon,default,8,8,priority,oldest,-88,84,70,70,0.25,1,2d,front,nonlooping,,1,0,0,0,0,0.25,no,yes,none,0,,no,,,yes,no,no,0,0,yes,no,,0,,no,no,no
wpn_judge_dryfire_plr,raw\sound\wpn\pistol\dry_fire\plr\dry_fire_00.LN65.pc.snd.wav,,loaded,bus_fx,grp_weapon,snp_wpn_1p,,65,0,90,90,0,5000,5000,allon,default,allon,default,2,8,oldest,oldest,0,0,90,90,0.25,1,2d,front_mostly,nonlooping,,1,0,0,0,0,0.25,no,no,none,0,,no,,,yes,no,no,0,0,yes,no,,0,,no,no,no
wpn_judge_fire_plr,raw\sound\wpn\pistol\judge\plr\shot\wpn_judge_shot_plr.LN65.pc.snd.wav,wpn_judge_LFE,loaded,bus_fx,grp_weapon,snp_wpn_1p,,65,0,90,90,0,5000,5000,allon,default,allon,default,2,8,oldest,oldest,0,0,90,90,0.25,1,2d,front_mostly,nonlooping,,1,0,0,0,0,0.25,no,no,none,0,,no,,,yes,no,no,0,0,yes,no,,0,,no,no,no
wpn_judge_fire_plr_decay,raw\sound\wpn\assault\decay\ext\wpn_assault_decay_ext.LN65.pc.snd.wav,,loaded,bus_fx,grp_weapon,snp_wpn_1p,,60,0,83,83,0,5000,5000,allon,default,allon,default,3,8,oldest,oldest,-50,50,90,90,0.25,1,2d,front_mostly,nonlooping,,1,0,0,0,0,0.25,no,no,none,0,,no,ringoff_plr,outdoor,yes,no,no,0,0,yes,no,,0,,no,no,no
wpn_judge_fire_plr_decay,raw\sound\wpn\shotgun\decay\int\wpn_shotgun_decay_int.LN65.pc.snd.wav,,loaded,bus_fx,grp_weapon,snp_wpn_1p,,60,0,83,83,0,5000,5000,allon,default,allon,default,3,8,oldest,oldest,-50,50,90,90,0.25,1,2d,front_mostly,nonlooping,,1,0,0,0,0,0.25,no,no,none,0,,no,ringoff_plr,indoor,yes,no,no,0,0,yes,no,,0,,no,no,no
wpn_judge_fire_plr_lh,raw\sound\wpn\pistol\judge\plr\shot\wpn_judge_shot_plr.LN65.pc.snd.wav,wpn_judge_LFE,loaded,bus_fx,grp_weapon,snp_wpn_1p,@ce86373b,65,0,90,90,0,5000,5000,allon,default,allon,default,2,8,oldest,oldest,0,0,90,90,0.25,1,2d,wpn_left,nonlooping,,1,0,0,0,0,0.25,no,no,none,0,,no,,,yes,no,no,0,0,yes,no,,0,,no,no,no
wpn_judge_fire_plr_pap,raw\sound\wpn\pap\pap_shot_st.LN65.pc.snd.wav,wpn_judge_flux_l_plr_pap,loaded,bus_hdrfx,grp_weapon,snp_wpn_1p,,70,0,87,87,0,5000,5000,allon,default,allon,default,1,8,oldest,oldest,0,0,90,90,0.25,1,2d,wpn_all,nonlooping,,1,0,0,0,0,0.25,no,no,none,0,,no,,,yes,no,no,0,0,yes,no,,0,,no,no,no
wpn_judge_fire_plr_rh,raw\sound\wpn\pistol\judge\plr\shot\wpn_judge_shot_plr.LN65.pc.snd.wav,wpn_judge_LFE,loaded,bus_fx,grp_weapon,snp_wpn_1p,@ce86373b,65,0,90,90,0,5000,5000,allon,default,allon,default,2,8,oldest,oldest,0,0,90,90,0.25,1,2d,wpn_right,nonlooping,,1,0,0,0,0,0.25,no,no,none,0,,no,,,yes,no,no,0,0,yes,no,,0,,no,no,no
wpn_judge_flux_l_plr_pap,raw\sound\wpn\pap\pap_flux_left.LN65.pc.snd.wav,wpn_judge_flux_r_plr_pap,loaded,bus_fx,grp_weapon,snp_wpn_3p,,84,0,75,75,25,900,900,allon,default,allon,default,8,4,priority,priority,-34,34,85,90,0.25,1,3d,default,nonlooping,pitch,1,0,0,0,0,0.25,no,no,left_shot,4000,,no,,,yes,no,no,0,0,yes,no,,0,,no,no,no
wpn_judge_flux_r_plr_pap,raw\sound\wpn\pap\pap_flux_right.LN65.pc.snd.wav,wpn_judge_fire_plr,loaded,bus_fx,grp_weapon,snp_wpn_3p,,84,0,75,75,25,900,900,allon,default,allon,default,8,4,priority,priority,-34,34,85,90,0.25,1,3d,default,nonlooping,pitch,1,0,0,0,0,0.25,no,no,right_shot,4000,,no,,,yes,no,no,0,0,yes,no,,0,,no,no,no
wpn_judge_LFE,raw\sound\wpn\pistol\357\lfe\wpn_357_fire_lfe.LN65.pc.snd.wav,wpn_judge_fire_plr_decay,loaded,bus_hdrfx,grp_wpn_lfe,snp_wpn_1p,,0,0,86,86,0,5000,5000,allon,default,allon,default,1,2,priority,oldest,0,0,85,90,0.25,1,2d,lfe,nonlooping,,1,0,0,0,0,0.25,no,no,none,0,,no,,,no,no,no,0,0,yes,no,,0,,no,no,no
wpn_judge_pickup_plr,raw\sound\fly\pickups\weapon\fly_weapon_pickup_00.LN65.pc.snd.wav,,loaded,bus_fx,grp_foley,snp_foley,,30,0,75,75,0,5000,5000,allon,default,allon,default,1,8,reject,oldest,-88,84,70,70,0.25,1,2d,front,nonlooping,,1,0,0,0,0,0.25,no,yes,none,0,,no,,,yes,no,no,0,0,yes,no,,0,,no,no,no
wpn_judge_pickup_plr,raw\sound\fly\pickups\weapon\fly_weapon_pickup_01.LN65.pc.snd.wav,,loaded,bus_fx,grp_foley,snp_foley,,30,0,75,75,0,5000,5000,allon,default,allon,default,1,8,reject,oldest,-88,84,70,70,0.25,1,2d,front,nonlooping,,1,0,0,0,0,0.25,no,yes,none,0,,no,,,yes,no,no,0,0,yes,no,,0,,no,no,no
wpn_judge_silencer_fire_plr,raw\sound\wpn\pistol\fiveseven\plr\shot\silenced\wpn_fiveseven_sil_shot_plr.LN65.pc.snd.wav,wpn_judge_silencer_LFE,loaded,bus_fx,grp_weapon,snp_wpn_1p,@36b86475,0,0,90,90,0,5000,5000,allon,default,allon,default,2,8,oldest,oldest,-25,-25,90,90,0.25,1,2d,front_mostly,nonlooping,,1,0,0,0,0,0.25,no,no,none,0,,no,,,yes,no,no,0,0,yes,no,,0,,no,no,no
wpn_judge_silencer_fire_plr_decay,raw\sound\wpn\pistol\decay\ext\silenced\wpn_pistol_decay_silenced_ext.LN65.pc.snd.wav,,loaded,bus_fx,grp_weapon,snp_wpn_1p,,75,0,80,80,0,5000,5000,allon,default,allon,default,3,8,oldest,oldest,-50,50,90,90,0.25,1,2d,front_mostly,nonlooping,,1,0,0,0,0,0.25,no,no,none,0,,no,ringoff_plr,outdoor,yes,no,no,0,0,yes,no,,0,,no,no,no
wpn_judge_silencer_fire_plr_decay,raw\sound\wpn\pistol\decay\int\silenced\wpn_pistol_decay_silenced_int.LN65.pc.snd.wav,,loaded,bus_fx,grp_weapon,snp_wpn_1p,,75,0,83,83,0,5000,5000,allon,default,allon,default,3,8,oldest,oldest,-50,50,90,90,0.25,1,2d,front_mostly,nonlooping,,1,0,0,0,0,0.25,no,no,none,0,,no,ringoff_plr,indoor,yes,no,no,0,0,yes,no,,0,,no,no,no
wpn_judge_silencer_LFE,raw\sound\wpn\smg\mp7\plr\lfe\wpn_mp7_fire_lfe.LN65.pc.snd.wav,wpn_judge_silencer_fire_plr_decay,loaded,bus_hdrfx,grp_wpn_lfe,snp_wpn_1p,,0,0,86,86,0,5000,5000,allon,default,allon,default,1,2,priority,oldest,0,0,85,90,0.25,1,2d,lfe,nonlooping,,1,0,0,0,0,0.25,no,no,none,0,,no,,,no,no,no,0,0,yes,no,,0,,no,no,no
fly_kard_hammer,raw\sound\wpn\pistol\reloads\fly_pistol_hammer.LN65.pc.snd.wav,,loaded,bus_fx,grp_foley,snp_foley,,30,0,86,89,0,5000,5000,allon,default,allon,default,8,8,priority,oldest,-88,84,70,70,0.25,1,2d,front,nonlooping,,1,0,0,0,0,0.25,no,yes,none,0,,no,,,yes,no,no,0,0,yes,no,,0,,no,no,no
fly_kard_mag_in,raw\sound\wpn\pistol\reloads\fly_pistol_mag_in.LN65.pc.snd.wav,,loaded,bus_fx,grp_foley,snp_foley,,30,0,86,89,0,5000,5000,allon,default,allon,default,8,8,priority,oldest,-88,84,70,70,0.25,1,2d,front,nonlooping,,1,0,0,0,0,0.25,no,yes,none,0,,no,,,yes,no,no,0,0,yes,no,,0,,no,no,no
fly_kard_mag_out,raw\sound\wpn\pistol\reloads\fly_pistol_mag_out.LN65.pc.snd.wav,,loaded,bus_fx,grp_foley,snp_foley,,30,0,86,89,0,5000,5000,allon,default,allon,default,8,8,priority,oldest,-88,84,70,70,0.25,1,2d,front,nonlooping,,1,0,0,0,0,0.25,no,yes,none,0,,no,,,yes,no,no,0,0,yes,no,,0,,no,no,no
fly_kard_slide_back,raw\sound\wpn\pistol\reloads\fly_pistol_sb.LN65.pc.snd.wav,,loaded,bus_fx,grp_foley,snp_foley,,30,0,86,89,0,5000,5000,allon,default,allon,default,8,8,priority,oldest,-88,84,70,70,0.25,1,2d,front,nonlooping,,1,0,0,0,0,0.25,no,yes,none,0,,no,,,yes,no,no,0,0,yes,no,,0,,no,no,no
fly_kard_slide_forward,raw\sound\wpn\pistol\reloads\fly_pistol_sf.LN65.pc.snd.wav,,loaded,bus_fx,grp_foley,snp_foley,,30,0,86,89,0,5000,5000,allon,default,allon,default,8,8,priority,oldest,-88,84,70,70,0.25,1,2d,front,nonlooping,,1,0,0,0,0,0.25,no,yes,none,0,,no,,,yes,no,no,0,0,yes,no,,0,,no,no,no
wpn_kard_1straise_plr,raw\sound\fly\gear\rattle\fly_cloth_00.LN65.pc.snd.wav,,loaded,bus_fx,grp_foley,snp_foley,,30,0,86,89,0,5000,5000,allon,default,allon,default,8,8,priority,oldest,-88,84,70,70,0.25,1,2d,front,nonlooping,,1,0,0,0,0,0.25,no,yes,none,0,,no,,,yes,no,no,0,0,yes,no,,0,,no,no,no
wpn_kard_1straise_plr,raw\sound\fly\gear\rattle\fly_cloth_01.LN65.pc.snd.wav,,loaded,bus_fx,grp_foley,snp_foley,,30,0,86,89,0,5000,5000,allon,default,allon,default,8,8,priority,oldest,-88,84,70,70,0.25,1,2d,front,nonlooping,,1,0,0,0,0,0.25,no,yes,none,0,,no,,,yes,no,no,0,0,yes,no,,0,,no,no,no
wpn_kard_1straise_plr,raw\sound\fly\gear\rattle\fly_cloth_02.LN65.pc.snd.wav,,loaded,bus_fx,grp_foley,snp_foley,,30,0,86,89,0,5000,5000,allon,default,allon,default,8,8,priority,oldest,-88,84,70,70,0.25,1,2d,front,nonlooping,,1,0,0,0,0,0.25,no,yes,none,0,,no,,,yes,no,no,0,0,yes,no,,0,,no,no,no
wpn_kard_1straise_plr,raw\sound\fly\gear\rattle\fly_cloth_03.LN65.pc.snd.wav,,loaded,bus_fx,grp_foley,snp_foley,,30,0,86,89,0,5000,5000,allon,default,allon,default,8,8,priority,oldest,-88,84,70,70,0.25,1,2d,front,nonlooping,,1,0,0,0,0,0.25,no,yes,none,0,,no,,,yes,no,no,0,0,yes,no,,0,,no,no,no
wpn_kard_dryfire_plr,raw\sound\wpn\smg\dry_fire\plr\dry_fire_plr.LN65.pc.snd.wav,,loaded,bus_fx,grp_weapon,snp_wpn_1p,,65,0,90,90,0,5000,5000,allon,default,allon,default,2,8,oldest,oldest,0,0,90,90,0.25,1,2d,front_mostly,nonlooping,,1,0,0,0,0,0.25,no,no,none,0,,no,,,yes,no,no,0,0,yes,no,,0,,no,no,no
wpn_kard_fire_plr,raw\sound\wpn\smg\kard\plr\shot\wpn_kard_shot_plr.LN65.pc.snd.wav,wpn_kard_LFE,loaded,bus_fx,grp_weapon,snp_wpn_1p,@ce86373b,65,0,90,90,0,5000,5000,allon,default,allon,default,2,8,oldest,oldest,-25,25,90,90,0.25,1,2d,front_mostly,nonlooping,,1,0,0,0,0,0.25,no,no,none,0,,no,,,yes,no,no,0,0,yes,no,,0,,no,no,no
wpn_kard_fire_plr_decay,raw\sound\wpn\pistol\decay\ext\wpn_pistol_decay_ext.LN65.pc.snd.wav,,loaded,bus_fx,grp_weapon,snp_wpn_1p,,65,0,80,80,0,5000,5000,allon,default,allon,default,3,8,oldest,oldest,-50,50,90,90,0.25,1,2d,front_mostly,nonlooping,,1,0,0,0,0,0.25,no,no,none,0,,no,ringoff_plr,outdoor,yes,no,no,0,0,yes,no,,0,,no,no,no
wpn_kard_fire_plr_decay,raw\sound\wpn\pistol\decay\int\wpn_pistol_decay_int.LN65.pc.snd.wav,,loaded,bus_fx,grp_weapon,snp_wpn_1p,,65,0,80,80,0,5000,5000,allon,default,allon,default,3,8,oldest,oldest,-50,50,90,90,0.25,1,2d,front_mostly,nonlooping,,1,0,0,0,0,0.25,no,no,none,0,,no,ringoff_plr,indoor,yes,no,no,0,0,yes,no,,0,,no,no,no
wpn_kard_fire_plr_lh,raw\sound\wpn\smg\kard\plr\shot\wpn_kard_shot_plr.LN65.pc.snd.wav,wpn_kard_LFE,loaded,bus_fx,grp_weapon,snp_wpn_1p,@ce86373b,65,0,90,90,0,5000,5000,allon,default,allon,default,2,8,oldest,oldest,0,0,90,90,0.25,1,2d,wpn_left,nonlooping,,1,0,0,0,0,0.25,no,no,none,0,,no,,,yes,no,no,0,0,yes,no,,0,,no,no,no
wpn_kard_fire_plr_pap,raw\sound\wpn\pap\pap_shot_st.LN65.pc.snd.wav,wpn_kard_flux_l_plr_pap,loaded,bus_hdrfx,grp_weapon,snp_wpn_1p,,70,0,87,87,0,5000,5000,allon,default,allon,default,1,8,oldest,oldest,0,0,90,90,0.25,1,2d,wpn_all,nonlooping,,1,0,0,0,0,0.25,no,no,none,0,,no,,,yes,no,no,0,0,yes,no,,0,,no,no,no
wpn_kard_fire_plr_rh,raw\sound\wpn\smg\kard\plr\shot\wpn_kard_shot_plr.LN65.pc.snd.wav,wpn_kard_LFE,loaded,bus_fx,grp_weapon,snp_wpn_1p,@ce86373b,65,0,90,90,0,5000,5000,allon,default,allon,default,2,8,oldest,oldest,0,0,90,90,0.25,1,2d,wpn_right,nonlooping,,1,0,0,0,0,0.25,no,no,none,0,,no,,,yes,no,no,0,0,yes,no,,0,,no,no,no
wpn_kard_flux_l_plr_pap,raw\sound\wpn\pap\pap_flux_left.LN65.pc.snd.wav,wpn_kard_flux_r_plr_pap,loaded,bus_fx,grp_weapon,snp_wpn_3p,,84,0,75,75,25,900,900,allon,default,allon,default,8,4,priority,priority,-34,34,85,90,0.25,1,3d,default,nonlooping,pitch,1,0,0,0,0,0.25,no,no,left_shot,4000,,no,,,yes,no,no,0,0,yes,no,,0,,no,no,no
wpn_kard_flux_r_plr_pap,raw\sound\wpn\pap\pap_flux_right.LN65.pc.snd.wav,wpn_kard_fire_plr,loaded,bus_fx,grp_weapon,snp_wpn_3p,,84,0,75,75,25,900,900,allon,default,allon,default,8,4,priority,priority,-34,34,85,90,0.25,1,3d,default,nonlooping,pitch,1,0,0,0,0,0.25,no,no,right_shot,4000,,no,,,yes,no,no,0,0,yes,no,,0,,no,no,no
wpn_kard_LFE,raw\sound\wpn\smg\mp7\plr\lfe\wpn_mp7_fire_lfe.LN65.pc.snd.wav,wpn_kard_fire_plr_decay,loaded,bus_hdrfx,grp_wpn_lfe,snp_wpn_1p,,0,0,86,86,0,5000,5000,allon,default,allon,default,1,2,priority,oldest,0,0,85,90,0.25,1,2d,lfe,nonlooping,,1,0,0,0,0,0.25,no,no,none,0,,no,,,no,no,no,0,0,yes,no,,0,,no,no,no
wpn_kard_pickup_plr,raw\sound\fly\pickups\weapon\fly_weapon_pickup_00.LN65.pc.snd.wav,,loaded,bus_fx,grp_foley,snp_foley,,30,0,75,75,0,5000,5000,allon,default,allon,default,1,8,reject,oldest,-88,84,70,70,0.25,1,2d,front,nonlooping,,1,0,0,0,0,0.25,no,yes,none,0,,no,,,yes,no,no,0,0,yes,no,,0,,no,no,no
wpn_kard_pickup_plr,raw\sound\fly\pickups\weapon\fly_weapon_pickup_01.LN65.pc.snd.wav,,loaded,bus_fx,grp_foley,snp_foley,,30,0,75,75,0,5000,5000,allon,default,allon,default,1,8,reject,oldest,-88,84,70,70,0.25,1,2d,front,nonlooping,,1,0,0,0,0,0.25,no,yes,none,0,,no,,,yes,no,no,0,0,yes,no,,0,,no,no,no
wpn_kard_raise_plr,raw\sound\fly\gear\rattle\fly_cloth_00.LN65.pc.snd.wav,,loaded,bus_fx,grp_foley,snp_foley,,30,0,86,89,0,5000,5000,allon,default,allon,default,8,8,priority,oldest,-88,84,70,70,0.25,1,2d,front,nonlooping,,1,0,0,0,0,0.25,no,yes,none,0,,no,,,yes,no,no,0,0,yes,no,,0,,no,no,no
wpn_kard_raise_plr,raw\sound\fly\gear\rattle\fly_cloth_01.LN65.pc.snd.wav,,loaded,bus_fx,grp_foley,snp_foley,,30,0,86,89,0,5000,5000,allon,default,allon,default,8,8,priority,oldest,-88,84,70,70,0.25,1,2d,front,nonlooping,,1,0,0,0,0,0.25,no,yes,none,0,,no,,,yes,no,no,0,0,yes,no,,0,,no,no,no
wpn_kard_raise_plr,raw\sound\fly\gear\rattle\fly_cloth_02.LN65.pc.snd.wav,,loaded,bus_fx,grp_foley,snp_foley,,30,0,86,89,0,5000,5000,allon,default,allon,default,8,8,priority,oldest,-88,84,70,70,0.25,1,2d,front,nonlooping,,1,0,0,0,0,0.25,no,yes,none,0,,no,,,yes,no,no,0,0,yes,no,,0,,no,no,no
wpn_kard_raise_plr,raw\sound\fly\gear\rattle\fly_cloth_03.LN65.pc.snd.wav,,loaded,bus_fx,grp_foley,snp_foley,,30,0,86,89,0,5000,5000,allon,default,allon,default,8,8,priority,oldest,-88,84,70,70,0.25,1,2d,front,nonlooping,,1,0,0,0,0,0.25,no,yes,none,0,,no,,,yes,no,no,0,0,yes,no,,0,,no,no,no
wpn_kard_silencer_fire_plr,raw\sound\wpn\pistol\fiveseven\plr\shot\silenced\wpn_fiveseven_sil_shot_plr.LN65.pc.snd.wav,wpn_kard_silencer_LFE,loaded,bus_fx,grp_weapon,snp_wpn_1p,@36b86475,0,0,90,90,0,5000,5000,allon,default,allon,default,2,8,oldest,oldest,-25,-25,90,90,0.25,1,2d,front_mostly,nonlooping,,1,0,0,0,0,0.25,no,no,none,0,,no,,,yes,no,no,0,0,yes,no,,0,,no,no,no
wpn_kard_silencer_fire_plr_decay,raw\sound\wpn\pistol\decay\ext\silenced\wpn_pistol_decay_silenced_ext.LN65.pc.snd.wav,,loaded,bus_fx,grp_weapon,snp_wpn_1p,,75,0,80,80,0,5000,5000,allon,default,allon,default,3,8,oldest,oldest,-50,50,90,90,0.25,1,2d,front_mostly,nonlooping,,1,0,0,0,0,0.25,no,no,none,0,,no,ringoff_plr,outdoor,yes,no,no,0,0,yes,no,,0,,no,no,no
wpn_kard_silencer_fire_plr_decay,raw\sound\wpn\pistol\decay\int\silenced\wpn_pistol_decay_silenced_int.LN65.pc.snd.wav,,loaded,bus_fx,grp_weapon,snp_wpn_1p,,75,0,83,83,0,5000,5000,allon,default,allon,default,3,8,oldest,oldest,-50,50,90,90,0.25,1,2d,front_mostly,nonlooping,,1,0,0,0,0,0.25,no,no,none,0,,no,ringoff_plr,indoor,yes,no,no,0,0,yes,no,,0,,no,no,no
wpn_kard_silencer_LFE,raw\sound\wpn\smg\mp7\plr\lfe\wpn_mp7_fire_lfe.LN65.pc.snd.wav,wpn_kard_silencer_fire_plr_decay,loaded,bus_hdrfx,grp_wpn_lfe,snp_wpn_1p,,0,0,86,86,0,5000,5000,allon,default,allon,default,1,2,priority,oldest,0,0,85,90,0.25,1,2d,lfe,nonlooping,,1,0,0,0,0,0.25,no,no,none,0,,no,,,no,no,no,0,0,yes,no,,0,,no,no,no
fly_fiveseven_hammer,raw\sound\wpn\pistol\reloads\fly_pistol_hammer.LN65.pc.snd.wav,,loaded,bus_fx,grp_foley,snp_foley,,30,0,86,89,0,5000,5000,allon,default,allon,default,8,8,priority,oldest,-88,84,70,70,0.25,1,2d,front,nonlooping,,1,0,0,0,0,0.25,no,yes,none,0,,no,,,yes,no,no,0,0,yes,no,,0,,no,no,no
fly_fiveseven_mag_in,raw\sound\wpn\pistol\reloads\fly_pistol_mag_in.LN65.pc.snd.wav,,loaded,bus_fx,grp_foley,snp_foley,,30,0,86,89,0,5000,5000,allon,default,allon,default,8,8,priority,oldest,-88,84,70,70,0.25,1,2d,front,nonlooping,,1,0,0,0,0,0.25,no,yes,none,0,,no,,,yes,no,no,0,0,yes,no,,0,,no,no,no
fly_fiveseven_mag_out,raw\sound\wpn\pistol\reloads\fly_pistol_mag_out.LN65.pc.snd.wav,,loaded,bus_fx,grp_foley,snp_foley,,30,0,86,89,0,5000,5000,allon,default,allon,default,8,8,priority,oldest,-88,84,70,70,0.25,1,2d,front,nonlooping,,1,0,0,0,0,0.25,no,yes,none,0,,no,,,yes,no,no,0,0,yes,no,,0,,no,no,no
fly_fiveseven_slide_back,raw\sound\wpn\pistol\reloads\fly_pistol_sb.LN65.pc.snd.wav,,loaded,bus_fx,grp_foley,snp_foley,,30,0,86,89,0,5000,5000,allon,default,allon,default,8,8,priority,oldest,-88,84,70,70,0.25,1,2d,front,nonlooping,,1,0,0,0,0,0.25,no,yes,none,0,,no,,,yes,no,no,0,0,yes,no,,0,,no,no,no
fly_fiveseven_slide_forward,raw\sound\wpn\pistol\reloads\fly_pistol_sf.LN65.pc.snd.wav,,loaded,bus_fx,grp_foley,snp_foley,,30,0,86,89,0,5000,5000,allon,default,allon,default,8,8,priority,oldest,-88,84,70,70,0.25,1,2d,front,nonlooping,,1,0,0,0,0,0.25,no,yes,none,0,,no,,,yes,no,no,0,0,yes,no,,0,,no,no,no
wpn_fiveseven_1straise_plr,raw\sound\fly\gear\rattle\fly_cloth_00.LN65.pc.snd.wav,,loaded,bus_fx,grp_foley,snp_foley,,30,0,86,89,0,5000,5000,allon,default,allon,default,8,8,priority,oldest,-88,84,70,70,0.25,1,2d,front,nonlooping,,1,0,0,0,0,0.25,no,yes,none,0,,no,,,yes,no,no,0,0,yes,no,,0,,no,no,no
wpn_fiveseven_1straise_plr,raw\sound\fly\gear\rattle\fly_cloth_01.LN65.pc.snd.wav,,loaded,bus_fx,grp_foley,snp_foley,,30,0,86,89,0,5000,5000,allon,default,allon,default,8,8,priority,oldest,-88,84,70,70,0.25,1,2d,front,nonlooping,,1,0,0,0,0,0.25,no,yes,none,0,,no,,,yes,no,no,0,0,yes,no,,0,,no,no,no
wpn_fiveseven_1straise_plr,raw\sound\fly\gear\rattle\fly_cloth_02.LN65.pc.snd.wav,,loaded,bus_fx,grp_foley,snp_foley,,30,0,86,89,0,5000,5000,allon,default,allon,default,8,8,priority,oldest,-88,84,70,70,0.25,1,2d,front,nonlooping,,1,0,0,0,0,0.25,no,yes,none,0,,no,,,yes,no,no,0,0,yes,no,,0,,no,no,no
wpn_fiveseven_1straise_plr,raw\sound\fly\gear\rattle\fly_cloth_03.LN65.pc.snd.wav,,loaded,bus_fx,grp_foley,snp_foley,,30,0,86,89,0,5000,5000,allon,default,allon,default,8,8,priority,oldest,-88,84,70,70,0.25,1,2d,front,nonlooping,,1,0,0,0,0,0.25,no,yes,none,0,,no,,,yes,no,no,0,0,yes,no,,0,,no,no,no
wpn_fiveseven_dryfire_plr,raw\sound\wpn\smg\dry_fire\plr\dry_fire_plr.LN65.pc.snd.wav,,loaded,bus_fx,grp_weapon,snp_wpn_1p,,65,0,90,90,0,5000,5000,allon,default,allon,default,2,8,oldest,oldest,0,0,90,90,0.25,1,2d,front_mostly,nonlooping,,1,0,0,0,0,0.25,no,no,none,0,,no,,,yes,no,no,0,0,yes,no,,0,,no,no,no
wpn_fiveseven_fire_plr,raw\sound\wpn\pistol\fiveseven\plr\shot\wpn_fiveseven_shot_plr.LN65.pc.snd.wav,wpn_fiveseven_LFE,loaded,bus_fx,grp_weapon,snp_wpn_1p,@ce86373b,65,0,90,90,0,5000,5000,allon,default,allon,default,2,8,oldest,oldest,-25,25,90,90,0.25,1,2d,front_mostly,nonlooping,,1,0,0,0,0,0.25,no,no,none,0,,no,,,yes,no,no,0,0,yes,no,,0,,no,no,no
wpn_fiveseven_fire_plr_decay,raw\sound\wpn\pistol\decay\ext\wpn_pistol_decay_ext.LN65.pc.snd.wav,,loaded,bus_fx,grp_weapon,snp_wpn_1p,,65,0,80,80,0,5000,5000,allon,default,allon,default,3,8,oldest,oldest,-50,50,90,90,0.25,1,2d,front_mostly,nonlooping,,1,0,0,0,0,0.25,no,no,none,0,,no,ringoff_plr,outdoor,yes,no,no,0,0,yes,no,,0,,no,no,no
wpn_fiveseven_fire_plr_decay,raw\sound\wpn\pistol\decay\int\wpn_pistol_decay_int.LN65.pc.snd.wav,,loaded,bus_fx,grp_weapon,snp_wpn_1p,,65,0,80,80,0,5000,5000,allon,default,allon,default,3,8,oldest,oldest,-50,50,90,90,0.25,1,2d,front_mostly,nonlooping,,1,0,0,0,0,0.25,no,no,none,0,,no,ringoff_plr,indoor,yes,no,no,0,0,yes,no,,0,,no,no,no
wpn_fiveseven_fire_plr_lh,raw\sound\wpn\pistol\fiveseven\plr\shot\wpn_fiveseven_shot_plr.LN65.pc.snd.wav,wpn_fiveseven_LFE,loaded,bus_fx,grp_weapon,snp_wpn_1p,@ce86373b,65,0,90,90,0,5000,5000,allon,default,allon,default,2,8,oldest,oldest,0,0,90,90,0.25,1,2d,wpn_left,nonlooping,,1,0,0,0,0,0.25,no,no,none,0,,no,,,yes,no,no,0,0,yes,no,,0,,no,no,no
wpn_fiveseven_fire_plr_pap,raw\sound\wpn\pap\pap_shot_st.LN65.pc.snd.wav,wpn_fiveseven_flux_l_plr_pap,loaded,bus_hdrfx,grp_weapon,snp_wpn_1p,,70,0,87,87,0,5000,5000,allon,default,allon,default,1,8,oldest,oldest,0,0,90,90,0.25,1,2d,wpn_all,nonlooping,,1,0,0,0,0,0.25,no,no,none,0,,no,,,yes,no,no,0,0,yes,no,,0,,no,no,no
wpn_fiveseven_fire_plr_rh,raw\sound\wpn\pistol\fiveseven\plr\shot\wpn_fiveseven_shot_plr.LN65.pc.snd.wav,wpn_fiveseven_LFE,loaded,bus_fx,grp_weapon,snp_wpn_1p,@ce86373b,65,0,90,90,0,5000,5000,allon,default,allon,default,2,8,oldest,oldest,0,0,90,90,0.25,1,2d,wpn_right,nonlooping,,1,0,0,0,0,0.25,no,no,none,0,,no,,,yes,no,no,0,0,yes,no,,0,,no,no,no
wpn_fiveseven_flux_l_plr_pap,raw\sound\wpn\pap\pap_flux_left.LN65.pc.snd.wav,wpn_fiveseven_flux_r_plr_pap,loaded,bus_fx,grp_weapon,snp_wpn_3p,,84,0,75,75,25,900,900,allon,default,allon,default,8,4,priority,priority,-34,34,85,90,0.25,1,3d,default,nonlooping,pitch,1,0,0,0,0,0.25,no,no,left_shot,4000,,no,,,yes,no,no,0,0,yes,no,,0,,no,no,no
wpn_fiveseven_flux_r_plr_pap,raw\sound\wpn\pap\pap_flux_right.LN65.pc.snd.wav,wpn_fiveseven_fire_plr,loaded,bus_fx,grp_weapon,snp_wpn_3p,,84,0,75,75,25,900,900,allon,default,allon,default,8,4,priority,priority,-34,34,85,90,0.25,1,3d,default,nonlooping,pitch,1,0,0,0,0,0.25,no,no,right_shot,4000,,no,,,yes,no,no,0,0,yes,no,,0,,no,no,no
wpn_fiveseven_LFE,raw\sound\wpn\smg\mp7\plr\lfe\wpn_mp7_fire_lfe.LN65.pc.snd.wav,wpn_fiveseven_fire_plr_decay,loaded,bus_hdrfx,grp_wpn_lfe,snp_wpn_1p,,0,0,86,86,0,5000,5000,allon,default,allon,default,1,2,priority,oldest,0,0,85,90,0.25,1,2d,lfe,nonlooping,,1,0,0,0,0,0.25,no,no,none,0,,no,,,no,no,no,0,0,yes,no,,0,,no,no,no
wpn_fiveseven_pickup_plr,raw\sound\fly\pickups\weapon\fly_weapon_pickup_00.LN65.pc.snd.wav,,loaded,bus_fx,grp_foley,snp_foley,,30,0,75,75,0,5000,5000,allon,default,allon,default,1,8,reject,oldest,-88,84,70,70,0.25,1,2d,front,nonlooping,,1,0,0,0,0,0.25,no,yes,none,0,,no,,,yes,no,no,0,0,yes,no,,0,,no,no,no
wpn_fiveseven_pickup_plr,raw\sound\fly\pickups\weapon\fly_weapon_pickup_01.LN65.pc.snd.wav,,loaded,bus_fx,grp_foley,snp_foley,,30,0,75,75,0,5000,5000,allon,default,allon,default,1,8,reject,oldest,-88,84,70,70,0.25,1,2d,front,nonlooping,,1,0,0,0,0,0.25,no,yes,none,0,,no,,,yes,no,no,0,0,yes,no,,0,,no,no,no
wpn_fiveseven_raise_plr,raw\sound\fly\gear\rattle\fly_cloth_00.LN65.pc.snd.wav,,loaded,bus_fx,grp_foley,snp_foley,,30,0,86,89,0,5000,5000,allon,default,allon,default,8,8,priority,oldest,-88,84,70,70,0.25,1,2d,front,nonlooping,,1,0,0,0,0,0.25,no,yes,none,0,,no,,,yes,no,no,0,0,yes,no,,0,,no,no,no
wpn_fiveseven_raise_plr,raw\sound\fly\gear\rattle\fly_cloth_01.LN65.pc.snd.wav,,loaded,bus_fx,grp_foley,snp_foley,,30,0,86,89,0,5000,5000,allon,default,allon,default,8,8,priority,oldest,-88,84,70,70,0.25,1,2d,front,nonlooping,,1,0,0,0,0,0.25,no,yes,none,0,,no,,,yes,no,no,0,0,yes,no,,0,,no,no,no
wpn_fiveseven_raise_plr,raw\sound\fly\gear\rattle\fly_cloth_02.LN65.pc.snd.wav,,loaded,bus_fx,grp_foley,snp_foley,,30,0,86,89,0,5000,5000,allon,default,allon,default,8,8,priority,oldest,-88,84,70,70,0.25,1,2d,front,nonlooping,,1,0,0,0,0,0.25,no,yes,none,0,,no,,,yes,no,no,0,0,yes,no,,0,,no,no,no
wpn_fiveseven_raise_plr,raw\sound\fly\gear\rattle\fly_cloth_03.LN65.pc.snd.wav,,loaded,bus_fx,grp_foley,snp_foley,,30,0,86,89,0,5000,5000,allon,default,allon,default,8,8,priority,oldest,-88,84,70,70,0.25,1,2d,front,nonlooping,,1,0,0,0,0,0.25,no,yes,none,0,,no,,,yes,no,no,0,0,yes,no,,0,,no,no,no
wpn_fiveseven_silencer_fire_plr,raw\sound\wpn\pistol\fiveseven\plr\shot\silenced\wpn_fiveseven_sil_shot_plr.LN65.pc.snd.wav,wpn_fiveseven_silencer_LFE,loaded,bus_fx,grp_weapon,snp_wpn_1p,@36b86475,0,0,90,90,0,5000,5000,allon,default,allon,default,2,8,oldest,oldest,-25,-25,90,90,0.25,1,2d,front_mostly,nonlooping,,1,0,0,0,0,0.25,no,no,none,0,,no,,,yes,no,no,0,0,yes,no,,0,,no,no,no
wpn_fiveseven_silencer_fire_plr_decay,raw\sound\wpn\pistol\decay\ext\silenced\wpn_pistol_decay_silenced_ext.LN65.pc.snd.wav,,loaded,bus_fx,grp_weapon,snp_wpn_1p,,75,0,80,80,0,5000,5000,allon,default,allon,default,3,8,oldest,oldest,-50,50,90,90,0.25,1,2d,front_mostly,nonlooping,,1,0,0,0,0,0.25,no,no,none,0,,no,ringoff_plr,outdoor,yes,no,no,0,0,yes,no,,0,,no,no,no
wpn_fiveseven_silencer_fire_plr_decay,raw\sound\wpn\pistol\decay\int\silenced\wpn_pistol_decay_silenced_int.LN65.pc.snd.wav,,loaded,bus_fx,grp_weapon,snp_wpn_1p,,75,0,83,83,0,5000,5000,allon,default,allon,default,3,8,oldest,oldest,-50,50,90,90,0.25,1,2d,front_mostly,nonlooping,,1,0,0,0,0,0.25,no,no,none,0,,no,ringoff_plr,indoor,yes,no,no,0,0,yes,no,,0,,no,no,no
wpn_fiveseven_silencer_LFE,raw\sound\wpn\smg\mp7\plr\lfe\wpn_mp7_fire_lfe.LN65.pc.snd.wav,wpn_fiveseven_silencer_fire_plr_decay,loaded,bus_hdrfx,grp_wpn_lfe,snp_wpn_1p,,0,0,86,86,0,5000,5000,allon,default,allon,default,1,2,priority,oldest,0,0,85,90,0.25,1,2d,lfe,nonlooping,,1,0,0,0,0,0.25,no,no,none,0,,no,,,no,no,no,0,0,yes,no,,0,,no,no,no
fly_qcw05_charge,raw\sound\wpn\smg\kiparis\reload\fly_kiparis_charge.LN65.pc.snd.wav,,loaded,bus_fx,grp_foley,snp_foley,,30,0,86,89,0,5000,5000,allon,default,allon,default,8,8,priority,oldest,-88,84,70,70,0.25,1,2d,front,nonlooping,,1,0,0,0,0,0.25,no,yes,none,0,,no,,,yes,no,no,0,0,yes,no,,0,,no,no,no
fly_qcw05_futz,raw\sound\wpn\smg\spectre\reload\fly_spectre_futz.LN65.pc.snd.wav,,loaded,bus_fx,grp_foley,snp_foley,,30,0,86,89,0,5000,5000,allon,default,allon,default,8,8,priority,oldest,-88,84,70,70,0.25,1,2d,front,nonlooping,,1,0,0,0,0,0.25,no,yes,none,0,,no,,,yes,no,no,0,0,yes,no,,0,,no,no,no
fly_qcw05_mag_in,raw\sound\wpn\smg\kiparis\reload\fly_kiparis_mag_in.LN65.pc.snd.wav,,loaded,bus_fx,grp_foley,snp_foley,,30,0,86,89,0,5000,5000,allon,default,allon,default,8,8,priority,oldest,-88,84,70,70,0.25,1,2d,front,nonlooping,,1,0,0,0,0,0.25,no,yes,none,0,,no,,,yes,no,no,0,0,yes,no,,0,,no,no,no
fly_qcw05_mag_out,raw\sound\wpn\smg\kiparis\reload\fly_kiparis_mag_out.LN65.pc.snd.wav,,loaded,bus_fx,grp_foley,snp_foley,,30,0,86,89,0,5000,5000,allon,default,allon,default,8,8,priority,oldest,-88,84,70,70,0.25,1,2d,front,nonlooping,,1,0,0,0,0,0.25,no,yes,none,0,,no,,,yes,no,no,0,0,yes,no,,0,,no,no,no
fly_qcw05_pull_charge,raw\sound\wpn\smg\spectre\reload\fly_spectre_pull_charge.LN65.pc.snd.wav,,loaded,bus_fx,grp_foley,snp_foley,,30,0,86,89,0,5000,5000,allon,default,allon,default,8,8,priority,oldest,-88,84,70,70,0.25,1,2d,front,nonlooping,,1,0,0,0,0,0.25,no,yes,none,0,,no,,,yes,no,no,0,0,yes,no,,0,,no,no,no
wpn_qcw05_1straise_plr,raw\sound\fly\gear\rattle\fly_cloth_00.LN65.pc.snd.wav,,loaded,bus_fx,grp_foley,snp_foley,,30,0,86,89,0,5000,5000,allon,default,allon,default,8,8,priority,oldest,-88,84,70,70,0.25,1,2d,front,nonlooping,,1,0,0,0,0,0.25,no,yes,none,0,,no,,,yes,no,no,0,0,yes,no,,0,,no,no,no
wpn_qcw05_1straise_plr,raw\sound\fly\gear\rattle\fly_cloth_01.LN65.pc.snd.wav,,loaded,bus_fx,grp_foley,snp_foley,,30,0,86,89,0,5000,5000,allon,default,allon,default,8,8,priority,oldest,-88,84,70,70,0.25,1,2d,front,nonlooping,,1,0,0,0,0,0.25,no,yes,none,0,,no,,,yes,no,no,0,0,yes,no,,0,,no,no,no
wpn_qcw05_1straise_plr,raw\sound\fly\gear\rattle\fly_cloth_02.LN65.pc.snd.wav,,loaded,bus_fx,grp_foley,snp_foley,,30,0,86,89,0,5000,5000,allon,default,allon,default,8,8,priority,oldest,-88,84,70,70,0.25,1,2d,front,nonlooping,,1,0,0,0,0,0.25,no,yes,none,0,,no,,,yes,no,no,0,0,yes,no,,0,,no,no,no
wpn_qcw05_1straise_plr,raw\sound\fly\gear\rattle\fly_cloth_03.LN65.pc.snd.wav,,loaded,bus_fx,grp_foley,snp_foley,,30,0,86,89,0,5000,5000,allon,default,allon,default,8,8,priority,oldest,-88,84,70,70,0.25,1,2d,front,nonlooping,,1,0,0,0,0,0.25,no,yes,none,0,,no,,,yes,no,no,0,0,yes,no,,0,,no,no,no
wpn_qcw05_dryfire_plr,raw\sound\wpn\smg\dry_fire\plr\dry_fire_plr.LN65.pc.snd.wav,,loaded,bus_fx,grp_weapon,snp_wpn_1p,,65,0,93,93,0,5000,5000,allon,default,allon,default,2,8,oldest,oldest,-80,80,90,90,0.25,1,2d,front_mostly,nonlooping,,1,0,0,0,0,0.25,no,no,none,0,,no,,,yes,no,no,0,0,yes,no,,0,,no,no,no
wpn_qcw05_fire_plr,raw\sound\wpn\smg\qcw05\plr\shot\wpn_qcw05_shot_plr.LN65.pc.snd.wav,wpn_qcw05_LFE,loaded,bus_fx,grp_weapon,snp_wpn_1p,,65,0,93,93,0,5000,5000,allon,default,allon,default,3,8,oldest,oldest,-50,50,90,90,0.25,1,2d,front_mostly,nonlooping,,1,0,0,0,0,0.25,no,no,none,0,,no,,,yes,no,no,0,0,yes,no,,0,,no,no,no
wpn_qcw05_fire_plr_decay,raw\sound\wpn\smg\decay\ext\wpn_smg_decay_ext.LN65.pc.snd.wav,,loaded,bus_fx,grp_weapon,snp_wpn_1p,,60,0,80,80,0,5000,5000,allon,default,allon,default,3,8,oldest,oldest,-50,50,90,90,0.25,1,2d,front_mostly,nonlooping,,1,0,0,0,0,0.25,no,no,none,0,,no,ringoff_plr,outdoor,yes,no,no,0,0,yes,no,,0,,no,no,no
wpn_qcw05_fire_plr_decay,raw\sound\wpn\smg\decay\int\wpn_smg_decay_int.LN65.pc.snd.wav,,loaded,bus_fx,grp_weapon,snp_wpn_1p,,60,0,80,80,0,5000,5000,allon,default,allon,default,3,8,oldest,oldest,-50,50,90,90,0.25,1,2d,front_mostly,nonlooping,,1,0,0,0,0,0.25,no,no,none,0,,no,ringoff_plr,indoor,yes,no,no,0,0,yes,no,,0,,no,no,no
wpn_qcw05_fire_plr_lh,raw\sound\wpn\smg\qcw05\plr\shot\wpn_qcw05_shot_plr.LN65.pc.snd.wav,wpn_qcw05_LFE,loaded,bus_fx,grp_weapon,snp_wpn_1p,,65,0,93,93,0,5000,5000,allon,default,allon,default,2,8,oldest,oldest,-80,80,90,90,0.25,1,2d,wpn_left,nonlooping,,1,0,0,0,0,0.25,no,no,none,0,,no,,,yes,no,no,0,0,yes,no,,0,,no,no,no
wpn_qcw05_fire_plr_pap,raw\sound\wpn\pap\pap_shot_st.LN65.pc.snd.wav,wpn_qcw05_flux_l_plr_pap,loaded,bus_hdrfx,grp_weapon,snp_wpn_1p,,70,0,87,87,0,5000,5000,allon,default,allon,default,1,8,oldest,oldest,0,0,90,90,0.25,1,2d,wpn_all,nonlooping,,1,0,0,0,0,0.25,no,no,none,0,,no,,,yes,no,no,0,0,yes,no,,0,,no,no,no
wpn_qcw05_fire_plr_rh,raw\sound\wpn\smg\qcw05\plr\shot\wpn_qcw05_shot_plr.LN65.pc.snd.wav,wpn_qcw05_LFE,loaded,bus_fx,grp_weapon,snp_wpn_1p,,65,0,93,93,0,5000,5000,allon,default,allon,default,2,8,oldest,oldest,-80,80,90,90,0.25,1,2d,wpn_right,nonlooping,,1,0,0,0,0,0.25,no,no,none,0,,no,,,yes,no,no,0,0,yes,no,,0,,no,no,no
wpn_qcw05_flux_l_plr_pap,raw\sound\wpn\pap\pap_flux_left.LN65.pc.snd.wav,wpn_qcw05_flux_r_plr_pap,loaded,bus_fx,grp_weapon,snp_wpn_3p,,84,0,75,75,25,900,900,allon,default,allon,default,8,4,priority,priority,-34,34,85,90,0.25,1,3d,default,nonlooping,pitch,1,0,0,0,0,0.25,no,no,left_shot,4000,,no,,,yes,no,no,0,0,yes,no,,0,,no,no,no
wpn_qcw05_flux_r_plr_pap,raw\sound\wpn\pap\pap_flux_right.LN65.pc.snd.wav,wpn_qcw05_fire_plr,loaded,bus_fx,grp_weapon,snp_wpn_3p,,84,0,75,75,25,900,900,allon,default,allon,default,8,4,priority,priority,-34,34,85,90,0.25,1,3d,default,nonlooping,pitch,1,0,0,0,0,0.25,no,no,right_shot,4000,,no,,,yes,no,no,0,0,yes,no,,0,,no,no,no
wpn_qcw05_LFE,raw\sound\wpn\smg\mp7\plr\lfe\wpn_mp7_fire_lfe.LN65.pc.snd.wav,wpn_qcw05_fire_plr_decay,loaded,bus_hdrfx,grp_wpn_lfe,snp_wpn_1p,,0,0,86,86,0,5000,5000,allon,default,allon,default,8,2,priority,oldest,0,0,85,90,0.25,1,2d,lfe,nonlooping,,1,0,0,0,0,0.25,no,no,none,0,,no,,,no,no,no,0,0,yes,no,,0,,no,no,no
wpn_qcw05_pickup_plr,raw\sound\fly\pickups\weapon\fly_weapon_pickup_00.LN65.pc.snd.wav,,loaded,bus_fx,grp_foley,snp_foley,,30,0,75,75,0,5000,5000,allon,default,allon,default,1,8,reject,oldest,-88,84,70,70,0.25,1,2d,front,nonlooping,,1,0,0,0,0,0.25,no,yes,none,0,,no,,,yes,no,no,0,0,yes,no,,0,,no,no,no
wpn_qcw05_pickup_plr,raw\sound\fly\pickups\weapon\fly_weapon_pickup_01.LN65.pc.snd.wav,,loaded,bus_fx,grp_foley,snp_foley,,30,0,75,75,0,5000,5000,allon,default,allon,default,1,8,reject,oldest,-88,84,70,70,0.25,1,2d,front,nonlooping,,1,0,0,0,0,0.25,no,yes,none,0,,no,,,yes,no,no,0,0,yes,no,,0,,no,no,no
wpn_qcw05_raise_plr,raw\sound\fly\gear\rattle\fly_cloth_00.LN65.pc.snd.wav,,loaded,bus_fx,grp_foley,snp_foley,,30,0,86,89,0,5000,5000,allon,default,allon,default,8,8,priority,oldest,-88,84,70,70,0.25,1,2d,front,nonlooping,,1,0,0,0,0,0.25,no,yes,none,0,,no,,,yes,no,no,0,0,yes,no,,0,,no,no,no
wpn_qcw05_raise_plr,raw\sound\fly\gear\rattle\fly_cloth_01.LN65.pc.snd.wav,,loaded,bus_fx,grp_foley,snp_foley,,30,0,86,89,0,5000,5000,allon,default,allon,default,8,8,priority,oldest,-88,84,70,70,0.25,1,2d,front,nonlooping,,1,0,0,0,0,0.25,no,yes,none,0,,no,,,yes,no,no,0,0,yes,no,,0,,no,no,no
wpn_qcw05_raise_plr,raw\sound\fly\gear\rattle\fly_cloth_02.LN65.pc.snd.wav,,loaded,bus_fx,grp_foley,snp_foley,,30,0,86,89,0,5000,5000,allon,default,allon,default,8,8,priority,oldest,-88,84,70,70,0.25,1,2d,front,nonlooping,,1,0,0,0,0,0.25,no,yes,none,0,,no,,,yes,no,no,0,0,yes,no,,0,,no,no,no
wpn_qcw05_raise_plr,raw\sound\fly\gear\rattle\fly_cloth_03.LN65.pc.snd.wav,,loaded,bus_fx,grp_foley,snp_foley,,30,0,86,89,0,5000,5000,allon,default,allon,default,8,8,priority,oldest,-88,84,70,70,0.25,1,2d,front,nonlooping,,1,0,0,0,0,0.25,no,yes,none,0,,no,,,yes,no,no,0,0,yes,no,,0,,no,no,no
wpn_qcw05_silencer_fire_plr,raw\sound\wpn\smg\msmc\plr\shot\silenced\wpn_msmc_sil_shot_plr.LN65.pc.snd.wav,wpn_qcw05_silencer_LFE,loaded,bus_fx,grp_weapon,snp_wpn_1p,@36b86475,0,0,93,93,0,5000,5000,allon,default,allon,default,2,8,oldest,oldest,-80,80,90,90,0.25,1,2d,front_mostly,nonlooping,,1,0,0,0,0,0.25,no,no,none,0,,no,,,yes,no,no,0,0,yes,no,,0,,no,no,no
wpn_qcw05_silencer_fire_plr_decay,raw\sound\wpn\pistol\decay\ext\silenced\wpn_pistol_decay_silenced_ext.LN65.pc.snd.wav,,loaded,bus_fx,grp_weapon,snp_wpn_1p,,75,0,80,80,0,5000,5000,allon,default,allon,default,3,8,oldest,oldest,-50,50,90,90,0.25,1,2d,front_mostly,nonlooping,,1,0,0,0,0,0.25,no,no,none,0,,no,ringoff_plr,outdoor,yes,no,no,0,0,yes,no,,0,,no,no,no
wpn_qcw05_silencer_fire_plr_decay,raw\sound\wpn\pistol\decay\int\silenced\wpn_pistol_decay_silenced_int.LN65.pc.snd.wav,,loaded,bus_fx,grp_weapon,snp_wpn_1p,,75,0,83,83,0,5000,5000,allon,default,allon,default,3,8,oldest,oldest,-50,50,90,90,0.25,1,2d,front_mostly,nonlooping,,1,0,0,0,0,0.25,no,no,none,0,,no,ringoff_plr,indoor,yes,no,no,0,0,yes,no,,0,,no,no,no
wpn_qcw05_silencer_LFE,raw\sound\wpn\smg\mp7\plr\lfe\wpn_mp7_fire_lfe.LN65.pc.snd.wav,wpn_qcw05_silencer_fire_plr_decay,loaded,bus_hdrfx,grp_wpn_lfe,snp_wpn_1p,,0,0,86,86,0,5000,5000,allon,default,allon,default,1,2,priority,oldest,0,0,85,90,0.25,1,2d,lfe,nonlooping,,1,0,0,0,0,0.25,no,no,none,0,,no,,,no,no,no,0,0,yes,no,,0,,no,no,no
fly_saiga12_futz,raw\sound\wpn\assault\m14\reload\fly_m14_futz.LN65.pc.snd.wav,,loaded,bus_fx,grp_foley,snp_foley,,30,0,86,89,0,5000,5000,allon,default,allon,default,8,8,priority,oldest,-88,84,70,70,0.25,1,2d,front,nonlooping,,1,0,0,0,0,0.25,no,yes,none,0,,no,,,yes,no,no,0,0,yes,no,,0,,no,no,no
fly_saiga12_mag_in,raw\sound\wpn\shotgun\srm1216\foley\fly_srm1216_mag_in.LN65.pc.snd.wav,,loaded,bus_fx,grp_foley,snp_foley,,30,0,86,89,0,5000,5000,allon,default,allon,default,8,8,priority,oldest,-88,84,70,70,0.25,1,2d,front,nonlooping,,1,0,0,0,0,0.25,no,yes,none,0,,no,,,yes,no,no,0,0,yes,no,,0,,no,no,no
fly_saiga12_mag_out,raw\sound\wpn\shotgun\srm1216\foley\fly_srm1216_mag_out.LN65.pc.snd.wav,,loaded,bus_fx,grp_foley,snp_foley,,30,0,86,89,0,5000,5000,allon,default,allon,default,8,8,priority,oldest,-88,84,70,70,0.25,1,2d,front,nonlooping,,1,0,0,0,0,0.25,no,yes,none,0,,no,,,yes,no,no,0,0,yes,no,,0,,no,no,no
fly_saiga12_pull,raw\sound\wpn\shotgun\reload\fly_shotgun_pump_back.LN65.pc.snd.wav,,loaded,bus_fx,grp_foley,snp_foley,,30,0,86,89,0,5000,5000,allon,default,allon,default,8,8,priority,oldest,-88,84,70,70,0.25,1,2d,front,nonlooping,,1,0,0,0,0,0.25,no,yes,none,0,,no,,,yes,no,no,0,0,yes,no,,0,,no,no,no
fly_saiga12_release,raw\sound\wpn\shotgun\reload\fly_shotgun_pump_forward.LN65.pc.snd.wav,,loaded,bus_fx,grp_foley,snp_foley,,30,0,86,89,0,5000,5000,allon,default,allon,default,8,8,priority,oldest,-88,84,70,70,0.25,1,2d,front,nonlooping,,1,0,0,0,0,0.25,no,yes,none,0,,no,,,yes,no,no,0,0,yes,no,,0,,no,no,no
fly_saiga12_shell_in,raw\sound\wpn\shotgun\foley\load\load_00.LN65.pc.snd.wav,,loaded,bus_fx,grp_foley,snp_foley,,30,0,86,89,0,5000,5000,allon,default,allon,default,8,8,priority,oldest,-88,84,70,70,0.25,1,2d,front,nonlooping,,1,0,0,0,0,0.25,no,yes,none,0,,no,,,yes,no,no,0,0,yes,no,,0,,no,no,no
fly_saiga12_shell_in,raw\sound\wpn\shotgun\foley\load\load_01.LN65.pc.snd.wav,,loaded,bus_fx,grp_foley,snp_foley,,30,0,86,89,0,5000,5000,allon,default,allon,default,8,8,priority,oldest,-88,84,70,70,0.25,1,2d,front,nonlooping,,1,0,0,0,0,0.25,no,yes,none,0,,no,,,yes,no,no,0,0,yes,no,,0,,no,no,no
fly_saiga12_shell_in,raw\sound\wpn\shotgun\foley\load\load_02.LN65.pc.snd.wav,,loaded,bus_fx,grp_foley,snp_foley,,30,0,86,89,0,5000,5000,allon,default,allon,default,8,8,priority,oldest,-88,84,70,70,0.25,1,2d,front,nonlooping,,1,0,0,0,0,0.25,no,yes,none,0,,no,,,yes,no,no,0,0,yes,no,,0,,no,no,no
fly_saiga12_shell_in,raw\sound\wpn\shotgun\foley\load\load_03.LN65.pc.snd.wav,,loaded,bus_fx,grp_foley,snp_foley,,30,0,86,89,0,5000,5000,allon,default,allon,default,8,8,priority,oldest,-88,84,70,70,0.25,1,2d,front,nonlooping,,1,0,0,0,0,0.25,no,yes,none,0,,no,,,yes,no,no,0,0,yes,no,,0,,no,no,no
fly_saiga12_shell_in,raw\sound\wpn\shotgun\foley\load\load_04.LN65.pc.snd.wav,,loaded,bus_fx,grp_foley,snp_foley,,30,0,86,89,0,5000,5000,allon,default,allon,default,8,8,priority,oldest,-88,84,70,70,0.25,1,2d,front,nonlooping,,1,0,0,0,0,0.25,no,yes,none,0,,no,,,yes,no,no,0,0,yes,no,,0,,no,no,no
fly_saiga12_shell_in,raw\sound\wpn\shotgun\foley\load\load_05.LN65.pc.snd.wav,,loaded,bus_fx,grp_foley,snp_foley,,30,0,86,89,0,5000,5000,allon,default,allon,default,8,8,priority,oldest,-88,84,70,70,0.25,1,2d,front,nonlooping,,1,0,0,0,0,0.25,no,yes,none,0,,no,,,yes,no,no,0,0,yes,no,,0,,no,no,no
fly_saiga12_twist,raw\sound\wpn\shotgun\srm1216\foley\fly_srm1216_twist.LN65.pc.snd.wav,,loaded,bus_fx,grp_foley,snp_foley,,30,0,86,89,0,5000,5000,allon,default,allon,default,8,8,priority,oldest,-88,84,70,70,0.25,1,2d,front,nonlooping,,1,0,0,0,0,0.25,no,yes,none,0,,no,,,yes,no,no,0,0,yes,no,,0,,no,no,no
wpn_saiga12_dryfire_plr,raw\sound\wpn\shotgun\dry_fire\plr\dry_fire_00.LN65.pc.snd.wav,,loaded,bus_fx,grp_weapon,snp_wpn_1p,,65,0,94,94,0,5000,5000,allon,default,allon,default,8,2,priority,oldest,-100,100,90,90,0.25,1,2d,front_mostly,nonlooping,,1,0,0,0,0,0.25,no,no,none,0,,no,,,yes,no,no,0,0,yes,no,,0,,no,no,no
wpn_saiga12_fire_plr,raw\sound\wpn\shotgun\srm1216\plr\shot\wpn_srm1216_fire.LN65.pc.snd.wav,wpn_saiga12_LFE,loaded,bus_fx,grp_weapon,snp_wpn_1p,,65,0,94,94,0,5000,5000,allon,default,allon,default,8,2,priority,oldest,-100,100,90,90,0.25,1,2d,front_mostly,nonlooping,,1,0,0,0,0,0.25,no,no,none,0,,no,,,yes,no,no,0,0,yes,no,,0,,no,no,no
wpn_saiga12_fire_plr_decay,raw\sound\wpn\assault\decay\ext\wpn_assault_decay_ext.LN65.pc.snd.wav,,loaded,bus_fx,grp_weapon,snp_wpn_1p,,60,0,83,83,0,5000,5000,allon,default,allon,default,3,8,oldest,oldest,-50,50,90,90,0.25,1,2d,front_mostly,nonlooping,,1,0,0,0,0,0.25,no,no,none,0,,no,ringoff_plr,outdoor,yes,no,no,0,0,yes,no,,0,,no,no,no
wpn_saiga12_fire_plr_decay,raw\sound\wpn\shotgun\decay\int\wpn_shotgun_decay_int.LN65.pc.snd.wav,,loaded,bus_fx,grp_weapon,snp_wpn_1p,,60,0,83,83,0,5000,5000,allon,default,allon,default,3,8,oldest,oldest,-50,50,90,90,0.25,1,2d,front_mostly,nonlooping,,1,0,0,0,0,0.25,no,no,none,0,,no,ringoff_plr,indoor,yes,no,no,0,0,yes,no,,0,,no,no,no
wpn_saiga12_fire_plr_pap,raw\sound\wpn\pap\pap_shot_st.LN65.pc.snd.wav,wpn_saiga12_flux_l_plr_pap,loaded,bus_hdrfx,grp_weapon,snp_wpn_1p,,70,0,87,87,0,5000,5000,allon,default,allon,default,1,8,oldest,oldest,0,0,90,90,0.25,1,2d,wpn_all,nonlooping,,1,0,0,0,0,0.25,no,no,none,0,,no,,,yes,no,no,0,0,yes,no,,0,,no,no,no
wpn_saiga12_flux_l_plr_pap,raw\sound\wpn\pap\pap_flux_left.LN65.pc.snd.wav,wpn_saiga12_flux_r_plr_pap,loaded,bus_fx,grp_weapon,snp_wpn_3p,,84,0,75,75,25,900,900,allon,default,allon,default,8,4,priority,priority,-34,34,85,90,0.25,1,3d,default,nonlooping,pitch,1,0,0,0,0,0.25,no,no,left_shot,4000,,no,,,yes,no,no,0,0,yes,no,,0,,no,no,no
wpn_saiga12_flux_r_plr_pap,raw\sound\wpn\pap\pap_flux_right.LN65.pc.snd.wav,wpn_saiga12_fire_plr,loaded,bus_fx,grp_weapon,snp_wpn_3p,,84,0,75,75,25,900,900,allon,default,allon,default,8,4,priority,priority,-34,34,85,90,0.25,1,3d,default,nonlooping,pitch,1,0,0,0,0,0.25,no,no,right_shot,4000,,no,,,yes,no,no,0,0,yes,no,,0,,no,no,no
wpn_saiga12_LFE,raw\sound\wpn\shotgun\srm1216\lfe\wpn_srm1216_lfe.LN65.pc.snd.wav,wpn_saiga12_fire_plr_decay,loaded,bus_hdrfx,grp_wpn_lfe,snp_wpn_1p,,0,0,86,86,0,5000,5000,allon,default,allon,default,8,2,priority,oldest,0,0,85,90,0.25,1,2d,lfe,nonlooping,,1,0,0,0,0,0.25,no,no,none,0,,no,,,no,no,no,0,0,yes,no,,0,,no,no,no
wpn_saiga12_silencer_fire_plr,raw\sound\wpn\shotgun\saiga12\plr\shot\silenced\wpn_saiga12_sil_shot_plr.LN65.pc.snd.wav,wpn_saiga12_silencer_LFE,loaded,bus_fx,grp_weapon,snp_wpn_1p,@36b86475,0,0,93,93,0,5000,5000,allon,default,allon,default,3,8,oldest,oldest,-50,50,90,90,0.25,1,2d,front_mostly,nonlooping,,1,0,0,0,0,0.25,no,no,none,0,,no,,,yes,no,no,0,0,yes,no,,0,,no,no,no
wpn_saiga12_silencer_fire_plr_decay,raw\sound\wpn\assault\decay\int\silenced\wpn_aslt_decay_silenced_int.LN65.pc.snd.wav,,loaded,bus_fx,grp_weapon,snp_wpn_1p,,75,0,83,83,0,5000,5000,allon,default,allon,default,3,8,oldest,oldest,-50,50,90,90,0.25,1,2d,front_mostly,nonlooping,,1,0,0,0,0,0.25,no,no,none,0,,no,ringoff_plr,indoor,yes,no,no,0,0,yes,no,,0,,no,no,no
wpn_saiga12_silencer_fire_plr_decay,raw\sound\wpn\pistol\decay\ext\silenced\wpn_pistol_decay_silenced_ext.LN65.pc.snd.wav,,loaded,bus_fx,grp_weapon,snp_wpn_1p,,70,0,83,83,0,5000,5000,allon,default,allon,default,3,8,oldest,oldest,-50,50,90,90,0.25,1,2d,front_mostly,nonlooping,,1,0,0,0,0,0.25,no,no,none,0,,no,ringoff_plr,outdoor,yes,no,no,0,0,yes,no,,0,,no,no,no
wpn_saiga12_silencer_lfe,raw\sound\wpn\smg\mp7\plr\lfe\wpn_mp7_fire_lfe.LN65.pc.snd.wav,wpn_saiga12_silencer_fire_plr_decay,loaded,bus_hdrfx,grp_wpn_lfe,snp_wpn_1p,,0,0,86,86,0,5000,5000,allon,default,allon,default,8,2,priority,oldest,0,0,85,90,0.25,1,2d,lfe,nonlooping,,1,0,0,0,0,0.25,no,no,none,0,,no,,,no,no,no,0,0,yes,no,,0,,no,no,no
fly_srm1216_mag_in,raw\sound\wpn\shotgun\srm1216\foley\fly_srm1216_mag_in.LN65.pc.snd.wav,,loaded,bus_fx,grp_foley,snp_foley,,30,0,86,89,0,5000,5000,allon,default,allon,default,8,8,priority,oldest,-88,84,70,70,0.25,1,2d,front,nonlooping,,1,0,0,0,0,0.25,no,yes,none,0,,no,,,yes,no,no,0,0,yes,no,,0,,no,no,no
fly_srm1216_mag_out,raw\sound\wpn\shotgun\srm1216\foley\fly_srm1216_mag_out.LN65.pc.snd.wav,,loaded,bus_fx,grp_foley,snp_foley,,30,0,86,89,0,5000,5000,allon,default,allon,default,8,8,priority,oldest,-88,84,70,70,0.25,1,2d,front,nonlooping,,1,0,0,0,0,0.25,no,yes,none,0,,no,,,yes,no,no,0,0,yes,no,,0,,no,no,no
fly_srm1216_pull,raw\sound\wpn\shotgun\reload\fly_shotgun_pump_back.LN65.pc.snd.wav,,loaded,bus_fx,grp_foley,snp_foley,,30,0,86,89,0,5000,5000,allon,default,allon,default,8,8,priority,oldest,-88,84,70,70,0.25,1,2d,front,nonlooping,,1,0,0,0,0,0.25,no,yes,none,0,,no,,,yes,no,no,0,0,yes,no,,0,,no,no,no
fly_srm1216_release,raw\sound\wpn\shotgun\reload\fly_shotgun_pump_forward.LN65.pc.snd.wav,,loaded,bus_fx,grp_foley,snp_foley,,30,0,86,89,0,5000,5000,allon,default,allon,default,8,8,priority,oldest,-88,84,70,70,0.25,1,2d,front,nonlooping,,1,0,0,0,0,0.25,no,yes,none,0,,no,,,yes,no,no,0,0,yes,no,,0,,no,no,no
fly_srm1216_shell_in,raw\sound\wpn\shotgun\foley\load\load_00.LN65.pc.snd.wav,,loaded,bus_fx,grp_foley,snp_foley,,30,0,86,89,0,5000,5000,allon,default,allon,default,8,8,priority,oldest,-88,84,70,70,0.25,1,2d,front,nonlooping,,1,0,0,0,0,0.25,no,yes,none,0,,no,,,yes,no,no,0,0,yes,no,,0,,no,no,no
fly_srm1216_shell_in,raw\sound\wpn\shotgun\foley\load\load_01.LN65.pc.snd.wav,,loaded,bus_fx,grp_foley,snp_foley,,30,0,86,89,0,5000,5000,allon,default,allon,default,8,8,priority,oldest,-88,84,70,70,0.25,1,2d,front,nonlooping,,1,0,0,0,0,0.25,no,yes,none,0,,no,,,yes,no,no,0,0,yes,no,,0,,no,no,no
fly_srm1216_shell_in,raw\sound\wpn\shotgun\foley\load\load_02.LN65.pc.snd.wav,,loaded,bus_fx,grp_foley,snp_foley,,30,0,86,89,0,5000,5000,allon,default,allon,default,8,8,priority,oldest,-88,84,70,70,0.25,1,2d,front,nonlooping,,1,0,0,0,0,0.25,no,yes,none,0,,no,,,yes,no,no,0,0,yes,no,,0,,no,no,no
fly_srm1216_shell_in,raw\sound\wpn\shotgun\foley\load\load_03.LN65.pc.snd.wav,,loaded,bus_fx,grp_foley,snp_foley,,30,0,86,89,0,5000,5000,allon,default,allon,default,8,8,priority,oldest,-88,84,70,70,0.25,1,2d,front,nonlooping,,1,0,0,0,0,0.25,no,yes,none,0,,no,,,yes,no,no,0,0,yes,no,,0,,no,no,no
fly_srm1216_shell_in,raw\sound\wpn\shotgun\foley\load\load_04.LN65.pc.snd.wav,,loaded,bus_fx,grp_foley,snp_foley,,30,0,86,89,0,5000,5000,allon,default,allon,default,8,8,priority,oldest,-88,84,70,70,0.25,1,2d,front,nonlooping,,1,0,0,0,0,0.25,no,yes,none,0,,no,,,yes,no,no,0,0,yes,no,,0,,no,no,no
fly_srm1216_shell_in,raw\sound\wpn\shotgun\foley\load\load_05.LN65.pc.snd.wav,,loaded,bus_fx,grp_foley,snp_foley,,30,0,86,89,0,5000,5000,allon,default,allon,default,8,8,priority,oldest,-88,84,70,70,0.25,1,2d,front,nonlooping,,1,0,0,0,0,0.25,no,yes,none,0,,no,,,yes,no,no,0,0,yes,no,,0,,no,no,no
fly_srm1216_twist,raw\sound\wpn\shotgun\srm1216\foley\fly_srm1216_twist.LN65.pc.snd.wav,,loaded,bus_fx,grp_foley,snp_foley,,30,0,86,89,0,5000,5000,allon,default,allon,default,8,8,priority,oldest,-88,84,70,70,0.25,1,2d,front,nonlooping,,1,0,0,0,0,0.25,no,yes,none,0,,no,,,yes,no,no,0,0,yes,no,,0,,no,no,no
wpn_srm1216_dryfire_plr,raw\sound\wpn\shotgun\dry_fire\plr\dry_fire_00.LN65.pc.snd.wav,,loaded,bus_fx,grp_weapon,snp_wpn_1p,,65,0,94,94,0,5000,5000,allon,default,allon,default,8,2,priority,oldest,-100,100,90,90,0.25,1,2d,front_mostly,nonlooping,,1,0,0,0,0,0.25,no,no,none,0,,no,,,yes,no,no,0,0,yes,no,,0,,no,no,no
wpn_srm1216_fire_plr,raw\sound\wpn\shotgun\srm1216\plr\shot\wpn_srm1216_fire.LN65.pc.snd.wav,wpn_srm1216_LFE,loaded,bus_fx,grp_weapon,snp_wpn_1p,,65,0,94,94,0,5000,5000,allon,default,allon,default,3,2,oldest,oldest,-100,100,90,90,0.25,1,2d,front_mostly,nonlooping,,1,0,0,0,0,0.25,no,no,none,0,,no,,,yes,no,no,0,0,yes,no,,0,,no,no,no
wpn_srm1216_fire_plr_decay,raw\sound\wpn\assault\decay\ext\wpn_assault_decay_ext.LN65.pc.snd.wav,,loaded,bus_fx,grp_weapon,snp_wpn_1p,,60,0,83,83,0,5000,5000,allon,default,allon,default,3,8,oldest,oldest,-50,50,90,90,0.25,1,2d,front_mostly,nonlooping,,1,0,0,0,0,0.25,no,no,none,0,,no,ringoff_plr,outdoor,yes,no,no,0,0,yes,no,,0,,no,no,no
wpn_srm1216_fire_plr_decay,raw\sound\wpn\shotgun\decay\int\wpn_shotgun_decay_int.LN65.pc.snd.wav,,loaded,bus_fx,grp_weapon,snp_wpn_1p,,60,0,83,83,0,5000,5000,allon,default,allon,default,3,8,oldest,oldest,-50,50,90,90,0.25,1,2d,front_mostly,nonlooping,,1,0,0,0,0,0.25,no,no,none,0,,no,ringoff_plr,indoor,yes,no,no,0,0,yes,no,,0,,no,no,no
wpn_srm1216_fire_plr_pap,raw\sound\wpn\pap\pap_shot_st.LN65.pc.snd.wav,wpn_srm1216_flux_l_plr_pap,loaded,bus_hdrfx,grp_weapon,snp_wpn_1p,,70,0,87,87,0,5000,5000,allon,default,allon,default,1,8,oldest,oldest,0,0,90,90,0.25,1,2d,wpn_all,nonlooping,,1,0,0,0,0,0.25,no,no,none,0,,no,,,yes,no,no,0,0,yes,no,,0,,no,no,no
wpn_srm1216_flux_l_plr_pap,raw\sound\wpn\pap\pap_flux_left.LN65.pc.snd.wav,wpn_srm1216_flux_r_plr_pap,loaded,bus_fx,grp_weapon,snp_wpn_3p,,84,0,75,75,25,900,900,allon,default,allon,default,8,4,priority,priority,-34,34,85,90,0.25,1,3d,default,nonlooping,pitch,1,0,0,0,0,0.25,no,no,left_shot,4000,,no,,,yes,no,no,0,0,yes,no,,0,,no,no,no
wpn_srm1216_flux_r_plr_pap,raw\sound\wpn\pap\pap_flux_right.LN65.pc.snd.wav,wpn_srm1216_fire_plr,loaded,bus_fx,grp_weapon,snp_wpn_3p,,84,0,75,75,25,900,900,allon,default,allon,default,8,4,priority,priority,-34,34,85,90,0.25,1,3d,default,nonlooping,pitch,1,0,0,0,0,0.25,no,no,right_shot,4000,,no,,,yes,no,no,0,0,yes,no,,0,,no,no,no
wpn_srm1216_LFE,raw\sound\wpn\shotgun\srm1216\lfe\wpn_srm1216_lfe.LN65.pc.snd.wav,wpn_srm1216_fire_plr_decay,loaded,bus_hdrfx,grp_wpn_lfe,snp_wpn_1p,,0,0,86,86,0,5000,5000,allon,default,allon,default,3,2,oldest,oldest,0,0,85,90,0.25,1,2d,lfe,nonlooping,,1,0,0,0,0,0.25,no,no,none,0,,no,,,no,no,no,0,0,yes,no,,0,,no,no,no
wpn_srm1216_silencer_fire_plr,raw\sound\wpn\shotgun\saiga12\plr\shot\silenced\wpn_saiga12_sil_shot_plr.LN65.pc.snd.wav,wpn_srm1216_silencer_LFE,loaded,bus_fx,grp_weapon,snp_wpn_1p,@36b86475,0,0,93,93,0,5000,5000,allon,default,allon,default,3,8,oldest,oldest,-50,50,90,90,0.25,1,2d,front_mostly,nonlooping,,1,0,0,0,0,0.25,no,no,none,0,,no,,,yes,no,no,0,0,yes,no,,0,,no,no,no
wpn_srm1216_silencer_fire_plr_decay,raw\sound\wpn\assault\decay\int\silenced\wpn_aslt_decay_silenced_int.LN65.pc.snd.wav,,loaded,bus_fx,grp_weapon,snp_wpn_1p,,75,0,83,83,0,5000,5000,allon,default,allon,default,3,8,oldest,oldest,-50,50,90,90,0.25,1,2d,front_mostly,nonlooping,,1,0,0,0,0,0.25,no,no,none,0,,no,ringoff_plr,indoor,yes,no,no,0,0,yes,no,,0,,no,no,no
wpn_srm1216_silencer_fire_plr_decay,raw\sound\wpn\pistol\decay\ext\silenced\wpn_pistol_decay_silenced_ext.LN65.pc.snd.wav,,loaded,bus_fx,grp_weapon,snp_wpn_1p,,70,0,83,83,0,5000,5000,allon,default,allon,default,3,8,oldest,oldest,-50,50,90,90,0.25,1,2d,front_mostly,nonlooping,,1,0,0,0,0,0.25,no,no,none,0,,no,ringoff_plr,outdoor,yes,no,no,0,0,yes,no,,0,,no,no,no
wpn_srm1216_silencer_lfe,raw\sound\wpn\smg\mp7\plr\lfe\wpn_mp7_fire_lfe.LN65.pc.snd.wav,wpn_srm1216_silencer_fire_plr_decay,loaded,bus_hdrfx,grp_wpn_lfe,snp_wpn_1p,,0,0,86,86,0,5000,5000,allon,default,allon,default,8,2,priority,oldest,0,0,85,90,0.25,1,2d,lfe,nonlooping,,1,0,0,0,0,0.25,no,no,none,0,,no,,,no,no,no,0,0,yes,no,,0,,no,no,no
fly_saritch_bolt_back,raw\sound\wpn\assault\reload\fly_assault_bb.LN65.pc.snd.wav,,loaded,bus_fx,grp_foley,snp_foley,,30,0,86,89,0,5000,5000,allon,default,allon,default,8,8,priority,oldest,-88,84,70,70,0.25,1,2d,front,nonlooping,,1,0,0,0,0,0.25,no,yes,none,0,,no,,,yes,no,no,0,0,yes,no,,0,,no,no,no
fly_saritch_bolt_release,raw\sound\wpn\assault\reload\fly_assault_bf.LN65.pc.snd.wav,,loaded,bus_fx,grp_foley,snp_foley,,30,0,86,89,0,5000,5000,allon,default,allon,default,8,8,priority,oldest,-88,84,70,70,0.25,1,2d,front,nonlooping,,1,0,0,0,0,0.25,no,yes,none,0,,no,,,yes,no,no,0,0,yes,no,,0,,no,no,no
fly_saritch_button,raw\sound\wpn\assault\m16\reload\fly_m16_button.LN65.pc.snd.wav,,loaded,bus_fx,grp_foley,snp_foley,,30,0,86,89,0,5000,5000,allon,default,allon,default,8,8,priority,oldest,-88,84,70,70,0.25,1,2d,front,nonlooping,,1,0,0,0,0,0.25,no,yes,none,0,,no,,,yes,no,no,0,0,yes,no,,0,,no,no,no
fly_saritch_charge,raw\sound\wpn\assault\reload\fly_assault_charge.LN65.pc.snd.wav,,loaded,bus_fx,grp_foley,snp_foley,,30,0,86,89,0,5000,5000,allon,default,allon,default,8,8,priority,oldest,-88,84,70,70,0.25,1,2d,front,nonlooping,,1,0,0,0,0,0.25,no,yes,none,0,,no,,,yes,no,no,0,0,yes,no,,0,,no,no,no
fly_saritch_mag_in,raw\sound\wpn\assault\reload\fly_assault_mag_in.LN65.pc.snd.wav,,loaded,bus_fx,grp_foley,snp_foley,,30,0,86,89,0,5000,5000,allon,default,allon,default,8,8,priority,oldest,-88,84,70,70,0.25,1,2d,front,nonlooping,,1,0,0,0,0,0.25,no,yes,none,0,,no,,,yes,no,no,0,0,yes,no,,0,,no,no,no
fly_saritch_mag_out,raw\sound\wpn\assault\reload\fly_assault_mag_out.LN65.pc.snd.wav,,loaded,bus_fx,grp_foley,snp_foley,,30,0,86,89,0,5000,5000,allon,default,allon,default,8,8,priority,oldest,-88,84,70,70,0.25,1,2d,front,nonlooping,,1,0,0,0,0,0.25,no,yes,none,0,,no,,,yes,no,no,0,0,yes,no,,0,,no,no,no
wpn_saritch_1straise_plr,raw\sound\fly\gear\rattle\long\fly_cloth_00.LN65.pc.snd.wav,,loaded,bus_fx,grp_foley,snp_foley,,30,0,86,89,0,5000,5000,allon,default,allon,default,8,8,priority,oldest,-88,84,70,70,0.25,1,2d,front,nonlooping,,1,0,0,0,0,0.25,no,yes,none,0,,no,,,yes,no,no,0,0,yes,no,,0,,no,no,no
wpn_saritch_dryfire_plr,raw\sound\wpn\assault\dry_fire\plr\dry_fire_00.LN65.pc.snd.wav,,loaded,bus_fx,grp_weapon,snp_wpn_1p,,65,0,93,93,0,5000,5000,allon,default,allon,default,3,8,oldest,oldest,0,0,90,90,0.25,1,2d,front_mostly,nonlooping,,1,0,0,0,0,0.25,no,no,none,0,,no,,,yes,no,no,0,0,yes,no,,0,,no,no,no
wpn_saritch_fire_plr,raw\sound\wpn\assault\saritch\plr\shot\wpn_saritch_shot_plr.LN65.pc.snd.wav,wpn_saritch_lfe,loaded,bus_fx,grp_weapon,snp_wpn_1p,,65,0,93,93,0,5000,5000,allon,default,allon,default,3,8,oldest,oldest,-50,50,90,90,0.25,1,2d,front_mostly,nonlooping,,1,0,0,0,0,0.25,no,no,none,0,,no,,,yes,no,no,0,0,yes,no,,0,,no,no,no
wpn_saritch_fire_plr_decay,raw\sound\wpn\assault\decay\ext\wpn_assault_decay_ext.LN65.pc.snd.wav,,loaded,bus_fx,grp_weapon,snp_wpn_1p,,60,0,83,83,0,5000,5000,allon,default,allon,default,3,8,oldest,oldest,-25,25,90,90,0.25,1,2d,front_mostly,nonlooping,,1,0,0,0,0,0.25,no,no,none,0,,no,ringoff_plr,outdoor,yes,no,no,0,0,yes,no,,0,,no,no,no
wpn_saritch_fire_plr_decay,raw\sound\wpn\assault\decay\int\wpn_assault_decay_int.LN65.pc.snd.wav,,loaded,bus_fx,grp_weapon,snp_wpn_1p,,60,0,83,83,0,5000,5000,allon,default,allon,default,3,8,oldest,oldest,-25,25,90,90,0.25,1,2d,front_mostly,nonlooping,,1,0,0,0,0,0.25,no,no,none,0,,no,ringoff_plr,indoor,yes,no,no,0,0,yes,no,,0,,no,no,no
wpn_saritch_fire_plr_pap,raw\sound\wpn\pap\pap_shot_st.LN65.pc.snd.wav,wpn_saritch_flux_l_plr_pap,loaded,bus_hdrfx,grp_weapon,snp_wpn_1p,,70,0,87,87,0,5000,5000,allon,default,allon,default,1,8,oldest,oldest,0,0,90,90,0.25,1,2d,wpn_all,nonlooping,,1,0,0,0,0,0.25,no,no,none,0,,no,,,yes,no,no,0,0,yes,no,,0,,no,no,no
wpn_saritch_flux_l_plr_pap,raw\sound\wpn\pap\pap_flux_left.LN65.pc.snd.wav,wpn_saritch_flux_r_plr_pap,loaded,bus_fx,grp_weapon,snp_wpn_3p,,84,0,75,75,25,900,900,allon,default,allon,default,8,4,priority,priority,-34,34,85,90,0.25,1,3d,default,nonlooping,pitch,1,0,0,0,0,0.25,no,no,left_shot,4000,,no,,,yes,no,no,0,0,yes,no,,0,,no,no,no
wpn_saritch_flux_r_plr_pap,raw\sound\wpn\pap\pap_flux_right.LN65.pc.snd.wav,wpn_saritch_fire_plr,loaded,bus_fx,grp_weapon,snp_wpn_3p,,84,0,75,75,25,900,900,allon,default,allon,default,8,4,priority,priority,-34,34,85,90,0.25,1,3d,default,nonlooping,pitch,1,0,0,0,0,0.25,no,no,right_shot,4000,,no,,,yes,no,no,0,0,yes,no,,0,,no,no,no
wpn_saritch_lfe,raw\sound\wpn\smg\mp7\plr\lfe\wpn_mp7_fire_lfe.LN65.pc.snd.wav,wpn_saritch_fire_plr_decay,loaded,bus_hdrfx,grp_wpn_lfe,snp_wpn_1p,,0,0,86,86,0,5000,5000,allon,default,allon,default,8,2,priority,oldest,0,0,85,90,0.25,1,2d,lfe,nonlooping,,1,0,0,0,0,0.25,no,no,none,0,,no,,,no,no,no,0,0,yes,no,,0,,no,no,no
wpn_saritch_pickup_plr,raw\sound\fly\pickups\weapon\fly_weapon_pickup_00.LN65.pc.snd.wav,,loaded,bus_fx,grp_foley,snp_foley,,30,0,75,75,0,5000,5000,allon,default,allon,default,1,8,reject,oldest,-88,84,70,70,0.25,1,2d,front,nonlooping,,1,0,0,0,0,0.25,no,yes,none,0,,no,,,yes,no,no,0,0,yes,no,,0,,no,no,no
wpn_saritch_pickup_plr,raw\sound\fly\pickups\weapon\fly_weapon_pickup_01.LN65.pc.snd.wav,,loaded,bus_fx,grp_foley,snp_foley,,30,0,75,75,0,5000,5000,allon,default,allon,default,1,8,reject,oldest,-88,84,70,70,0.25,1,2d,front,nonlooping,,1,0,0,0,0,0.25,no,yes,none,0,,no,,,yes,no,no,0,0,yes,no,,0,,no,no,no
wpn_saritch_silencer_fire_plr,raw\sound\wpn\assault\m27\plr\shot\silenced\wpn_m27_sil_shot_plr.LN65.pc.snd.wav,wpn_saritch_silencer_LFE,loaded,bus_fx,grp_weapon,snp_wpn_1p,@36b86475,0,0,93,93,0,5000,5000,allon,default,allon,default,3,8,oldest,oldest,-50,50,90,90,0.25,1,2d,front_mostly,nonlooping,,1,0,0,0,0,0.25,no,no,none,0,,no,,,yes,no,no,0,0,yes,no,,0,,no,no,no
wpn_saritch_silencer_fire_plr_decay,raw\sound\wpn\assault\decay\int\silenced\wpn_aslt_decay_silenced_int.LN65.pc.snd.wav,,loaded,bus_fx,grp_weapon,snp_wpn_1p,,75,0,83,83,0,5000,5000,allon,default,allon,default,3,8,oldest,oldest,-50,50,90,90,0.25,1,2d,front_mostly,nonlooping,,1,0,0,0,0,0.25,no,no,none,0,,no,ringoff_plr,indoor,yes,no,no,0,0,yes,no,,0,,no,no,no
wpn_saritch_silencer_fire_plr_decay,raw\sound\wpn\pistol\decay\ext\silenced\wpn_pistol_decay_silenced_ext.LN65.pc.snd.wav,,loaded,bus_fx,grp_weapon,snp_wpn_1p,,70,0,83,83,0,5000,5000,allon,default,allon,default,3,8,oldest,oldest,-50,50,90,90,0.25,1,2d,front_mostly,nonlooping,,1,0,0,0,0,0.25,no,no,none,0,,no,ringoff_plr,outdoor,yes,no,no,0,0,yes,no,,0,,no,no,no
wpn_saritch_silencer_lfe,raw\sound\wpn\smg\mp7\plr\lfe\wpn_mp7_fire_lfe.LN65.pc.snd.wav,wpn_saritch_silencer_fire_plr_decay,loaded,bus_hdrfx,grp_wpn_lfe,snp_wpn_1p,,0,0,86,86,0,5000,5000,allon,default,allon,default,8,2,priority,oldest,0,0,85,90,0.25,1,2d,lfe,nonlooping,,1,0,0,0,0,0.25,no,no,none,0,,no,,,no,no,no,0,0,yes,no,,0,,no,no,no
fly_xm8_bolt_back,raw\sound\wpn\assault\reload\fly_assault_bb.LN65.pc.snd.wav,,loaded,bus_fx,grp_foley,snp_foley,,30,0,86,89,0,5000,5000,allon,default,allon,default,8,8,priority,oldest,-88,84,70,70,0.25,1,2d,front,nonlooping,,1,0,0,0,0,0.25,no,yes,none,0,,no,,,yes,no,no,0,0,yes,no,,0,,no,no,no
fly_xm8_bolt_release,raw\sound\wpn\assault\reload\fly_assault_bf.LN65.pc.snd.wav,,loaded,bus_fx,grp_foley,snp_foley,,30,0,86,89,0,5000,5000,allon,default,allon,default,8,8,priority,oldest,-88,84,70,70,0.25,1,2d,front,nonlooping,,1,0,0,0,0,0.25,no,yes,none,0,,no,,,yes,no,no,0,0,yes,no,,0,,no,no,no
fly_xm8_charge,raw\sound\wpn\assault\reload\fly_assault_charge.LN65.pc.snd.wav,,loaded,bus_fx,grp_foley,snp_foley,,30,0,86,89,0,5000,5000,allon,default,allon,default,8,8,priority,oldest,-88,84,70,70,0.25,1,2d,front,nonlooping,,1,0,0,0,0,0.25,no,yes,none,0,,no,,,yes,no,no,0,0,yes,no,,0,,no,no,no
fly_xm8_mag_in,raw\sound\wpn\assault\reload\fly_assault_mag_in.LN65.pc.snd.wav,,loaded,bus_fx,grp_foley,snp_foley,,30,0,86,89,0,5000,5000,allon,default,allon,default,8,8,priority,oldest,-88,84,70,70,0.25,1,2d,front,nonlooping,,1,0,0,0,0,0.25,no,yes,none,0,,no,,,yes,no,no,0,0,yes,no,,0,,no,no,no
fly_xm8_mag_out,raw\sound\wpn\assault\reload\fly_assault_mag_out.LN65.pc.snd.wav,,loaded,bus_fx,grp_foley,snp_foley,,30,0,86,89,0,5000,5000,allon,default,allon,default,8,8,priority,oldest,-88,84,70,70,0.25,1,2d,front,nonlooping,,1,0,0,0,0,0.25,no,yes,none,0,,no,,,yes,no,no,0,0,yes,no,,0,,no,no,no
wpn_xm8_1straise_plr,raw\sound\fly\gear\rattle\fly_cloth_00.LN65.pc.snd.wav,,loaded,bus_fx,grp_foley,snp_foley,,30,0,86,89,0,5000,5000,allon,default,allon,default,8,8,priority,oldest,-88,84,70,70,0.25,1,2d,front,nonlooping,,1,0,0,0,0,0.25,no,yes,none,0,,no,,,yes,no,no,0,0,yes,no,,0,,no,no,no
wpn_xm8_1straise_plr,raw\sound\fly\gear\rattle\fly_cloth_01.LN65.pc.snd.wav,,loaded,bus_fx,grp_foley,snp_foley,,30,0,86,89,0,5000,5000,allon,default,allon,default,8,8,priority,oldest,-88,84,70,70,0.25,1,2d,front,nonlooping,,1,0,0,0,0,0.25,no,yes,none,0,,no,,,yes,no,no,0,0,yes,no,,0,,no,no,no
wpn_xm8_1straise_plr,raw\sound\fly\gear\rattle\fly_cloth_02.LN65.pc.snd.wav,,loaded,bus_fx,grp_foley,snp_foley,,30,0,86,89,0,5000,5000,allon,default,allon,default,8,8,priority,oldest,-88,84,70,70,0.25,1,2d,front,nonlooping,,1,0,0,0,0,0.25,no,yes,none,0,,no,,,yes,no,no,0,0,yes,no,,0,,no,no,no
wpn_xm8_1straise_plr,raw\sound\fly\gear\rattle\fly_cloth_03.LN65.pc.snd.wav,,loaded,bus_fx,grp_foley,snp_foley,,30,0,86,89,0,5000,5000,allon,default,allon,default,8,8,priority,oldest,-88,84,70,70,0.25,1,2d,front,nonlooping,,1,0,0,0,0,0.25,no,yes,none,0,,no,,,yes,no,no,0,0,yes,no,,0,,no,no,no
wpn_xm8_dryfire_plr,raw\sound\wpn\assault\dry_fire\plr\dry_fire_00.LN65.pc.snd.wav,,loaded,bus_fx,grp_weapon,snp_wpn_1p,,65,0,93,93,0,5000,5000,allon,default,allon,default,3,8,oldest,oldest,0,0,90,90,0.25,1,2d,front_mostly,nonlooping,,1,0,0,0,0,0.25,no,no,none,0,,no,,,yes,no,no,0,0,yes,no,,0,,no,no,no
wpn_xm8_fire_plr,raw\sound\wpn\assault\xm8\plr\shot\wpn_xm8_shot_plr.LN65.pc.snd.wav,wpn_xm8_lfe,loaded,bus_fx,grp_weapon,snp_wpn_1p,,65,0,93,93,0,5000,5000,allon,default,allon,default,3,8,oldest,oldest,-50,50,90,90,0.25,1,2d,front_mostly,nonlooping,,1,0,0,0,0,0.25,no,no,none,0,,no,,,yes,no,no,0,0,yes,no,,0,,no,no,no
wpn_xm8_fire_plr_burst,raw\sound\wpn\assault\xm8\plr\shot\wpn_xm8_shot_plr_burst.LN65.pc.snd.wav,,loaded,bus_fx,grp_weapon,snp_wpn_1p,,65,0,93,93,0,5000,5000,allon,default,allon,default,3,8,oldest,oldest,-50,50,90,90,0.25,1,2d,front_mostly,nonlooping,,1,0,0,0,0,0.25,no,no,none,0,,no,,,yes,no,no,0,0,yes,no,,0,,no,no,no
wpn_xm8_fire_plr_decay,raw\sound\wpn\assault\decay\ext\wpn_assault_decay_ext.LN65.pc.snd.wav,,loaded,bus_fx,grp_weapon,snp_wpn_1p,,60,0,83,83,0,5000,5000,allon,default,allon,default,3,8,oldest,oldest,-50,50,90,90,0.25,1,2d,front_mostly,nonlooping,,1,0,0,0,0,0.25,no,no,none,0,,no,ringoff_plr,outdoor,yes,no,no,0,0,yes,no,,0,,no,no,no
wpn_xm8_fire_plr_decay,raw\sound\wpn\assault\decay\int\wpn_assault_decay_int.LN65.pc.snd.wav,,loaded,bus_fx,grp_weapon,snp_wpn_1p,,75,0,83,83,0,5000,5000,allon,default,allon,default,3,8,oldest,oldest,-50,50,90,90,0.25,1,2d,front_mostly,nonlooping,,1,0,0,0,0,0.25,no,no,none,0,,no,ringoff_plr,indoor,yes,no,no,0,0,yes,no,,0,,no,no,no
wpn_xm8_fire_plr_pap,raw\sound\wpn\pap\pap_shot_st.LN65.pc.snd.wav,wpn_xm8_flux_l_plr_pap,loaded,bus_hdrfx,grp_weapon,snp_wpn_1p,,70,0,87,87,0,5000,5000,allon,default,allon,default,1,8,oldest,oldest,0,0,90,90,0.25,1,2d,wpn_all,nonlooping,,1,0,0,0,0,0.25,no,no,none,0,,no,,,yes,no,no,0,0,yes,no,,0,,no,no,no
wpn_xm8_flux_l_plr_pap,raw\sound\wpn\pap\pap_flux_left.LN65.pc.snd.wav,wpn_xm8_flux_r_plr_pap,loaded,bus_fx,grp_weapon,snp_wpn_3p,,84,0,75,75,25,900,900,allon,default,allon,default,8,4,priority,priority,-34,34,85,90,0.25,1,3d,default,nonlooping,pitch,1,0,0,0,0,0.25,no,no,left_shot,4000,,no,,,yes,no,no,0,0,yes,no,,0,,no,no,no
wpn_xm8_flux_r_plr_pap,raw\sound\wpn\pap\pap_flux_right.LN65.pc.snd.wav,wpn_xm8_fire_plr,loaded,bus_fx,grp_weapon,snp_wpn_3p,,84,0,75,75,25,900,900,allon,default,allon,default,8,4,priority,priority,-34,34,85,90,0.25,1,3d,default,nonlooping,pitch,1,0,0,0,0,0.25,no,no,right_shot,4000,,no,,,yes,no,no,0,0,yes,no,,0,,no,no,no
wpn_xm8_lfe,raw\sound\wpn\wpn_lfe\wpn_lfe_4080120.LN65.pc.snd.wav,wpn_xm8_fire_plr_decay,loaded,bus_hdrfx,grp_wpn_lfe,snp_wpn_1p,,0,0,86,86,0,5000,5000,allon,default,allon,default,8,2,priority,oldest,0,0,85,90,0.25,1,2d,lfe,nonlooping,,1,0,0,0,0,0.25,no,no,none,0,,no,,,no,no,no,0,0,yes,no,,0,,no,no,no
wpn_xm8_pickup_plr,raw\sound\fly\pickups\weapon\fly_weapon_pickup_00.LN65.pc.snd.wav,,loaded,bus_fx,grp_foley,snp_foley,,30,0,75,75,0,5000,5000,allon,default,allon,default,1,8,reject,oldest,-88,84,70,70,0.25,1,2d,front,nonlooping,,1,0,0,0,0,0.25,no,yes,none,0,,no,,,yes,no,no,0,0,yes,no,,0,,no,no,no
wpn_xm8_pickup_plr,raw\sound\fly\pickups\weapon\fly_weapon_pickup_01.LN65.pc.snd.wav,,loaded,bus_fx,grp_foley,snp_foley,,30,0,75,75,0,5000,5000,allon,default,allon,default,1,8,reject,oldest,-88,84,70,70,0.25,1,2d,front,nonlooping,,1,0,0,0,0,0.25,no,yes,none,0,,no,,,yes,no,no,0,0,yes,no,,0,,no,no,no
wpn_xm8_raise_plr,raw\sound\fly\gear\rattle\fly_cloth_00.LN65.pc.snd.wav,,loaded,bus_fx,grp_foley,snp_foley,,30,0,86,89,0,5000,5000,allon,default,allon,default,8,8,priority,oldest,-88,84,70,70,0.25,1,2d,front,nonlooping,,1,0,0,0,0,0.25,no,yes,none,0,,no,,,yes,no,no,0,0,yes,no,,0,,no,no,no
wpn_xm8_raise_plr,raw\sound\fly\gear\rattle\fly_cloth_01.LN65.pc.snd.wav,,loaded,bus_fx,grp_foley,snp_foley,,30,0,86,89,0,5000,5000,allon,default,allon,default,8,8,priority,oldest,-88,84,70,70,0.25,1,2d,front,nonlooping,,1,0,0,0,0,0.25,no,yes,none,0,,no,,,yes,no,no,0,0,yes,no,,0,,no,no,no
wpn_xm8_raise_plr,raw\sound\fly\gear\rattle\fly_cloth_02.LN65.pc.snd.wav,,loaded,bus_fx,grp_foley,snp_foley,,30,0,86,89,0,5000,5000,allon,default,allon,default,8,8,priority,oldest,-88,84,70,70,0.25,1,2d,front,nonlooping,,1,0,0,0,0,0.25,no,yes,none,0,,no,,,yes,no,no,0,0,yes,no,,0,,no,no,no
wpn_xm8_raise_plr,raw\sound\fly\gear\rattle\fly_cloth_03.LN65.pc.snd.wav,,loaded,bus_fx,grp_foley,snp_foley,,30,0,86,89,0,5000,5000,allon,default,allon,default,8,8,priority,oldest,-88,84,70,70,0.25,1,2d,front,nonlooping,,1,0,0,0,0,0.25,no,yes,none,0,,no,,,yes,no,no,0,0,yes,no,,0,,no,no,no
wpn_xm8_silencer_fire_plr,raw\sound\wpn\assault\m27\plr\shot\silenced\wpn_m27_sil_shot_plr.LN65.pc.snd.wav,wpn_xm8_silencer_LFE,loaded,bus_fx,grp_weapon,snp_wpn_1p,@36b86475,0,0,93,93,0,5000,5000,allon,default,allon,default,3,8,oldest,oldest,-50,50,90,90,0.25,1,2d,front_mostly,nonlooping,,1,0,0,0,0,0.25,no,no,none,0,,no,,,yes,no,no,0,0,yes,no,,0,,no,no,no
wpn_xm8_silencer_fire_plr_decay,raw\sound\wpn\assault\decay\int\silenced\wpn_aslt_decay_silenced_int.LN65.pc.snd.wav,,loaded,bus_fx,grp_weapon,snp_wpn_1p,,75,0,83,83,0,5000,5000,allon,default,allon,default,3,8,oldest,oldest,-50,50,90,90,0.25,1,2d,front_mostly,nonlooping,,1,0,0,0,0,0.25,no,no,none,0,,no,ringoff_plr,indoor,yes,no,no,0,0,yes,no,,0,,no,no,no
wpn_xm8_silencer_fire_plr_decay,raw\sound\wpn\pistol\decay\ext\silenced\wpn_pistol_decay_silenced_ext.LN65.pc.snd.wav,,loaded,bus_fx,grp_weapon,snp_wpn_1p,,70,0,83,83,0,5000,5000,allon,default,allon,default,3,8,oldest,oldest,-50,50,90,90,0.25,1,2d,front_mostly,nonlooping,,1,0,0,0,0,0.25,no,no,none,0,,no,ringoff_plr,outdoor,yes,no,no,0,0,yes,no,,0,,no,no,no
wpn_xm8_silencer_lfe,raw\sound\wpn\smg\mp7\plr\lfe\wpn_mp7_fire_lfe.LN65.pc.snd.wav,wpn_xm8_silencer_fire_plr_decay,loaded,bus_hdrfx,grp_wpn_lfe,snp_wpn_1p,,0,0,86,86,0,5000,5000,allon,default,allon,default,8,2,priority,oldest,0,0,85,90,0.25,1,2d,lfe,nonlooping,,1,0,0,0,0,0.25,no,no,none,0,,no,,,no,no,no,0,0,yes,no,,0,,no,no,no
fly_type95_bolt_back,raw\sound\wpn\assault\reload\fly_assault_bb.LN65.pc.snd.wav,,loaded,bus_fx,grp_foley,snp_foley,,30,0,86,89,0,5000,5000,allon,default,allon,default,8,8,priority,oldest,-88,84,70,70,0.25,1,2d,front,nonlooping,,1,0,0,0,0,0.25,no,yes,none,0,,no,,,yes,no,no,0,0,yes,no,,0,,no,no,no
fly_type95_bolt_release,raw\sound\wpn\assault\reload\fly_assault_bf.LN65.pc.snd.wav,,loaded,bus_fx,grp_foley,snp_foley,,30,0,86,89,0,5000,5000,allon,default,allon,default,8,8,priority,oldest,-88,84,70,70,0.25,1,2d,front,nonlooping,,1,0,0,0,0,0.25,no,yes,none,0,,no,,,yes,no,no,0,0,yes,no,,0,,no,no,no
fly_type95_button,raw\sound\wpn\assault\m16\reload\fly_m16_button.LN65.pc.snd.wav,,loaded,bus_fx,grp_foley,snp_foley,,30,0,86,89,0,5000,5000,allon,default,allon,default,8,8,priority,oldest,-88,84,70,70,0.25,1,2d,front,nonlooping,,1,0,0,0,0,0.25,no,yes,none,0,,no,,,yes,no,no,0,0,yes,no,,0,,no,no,no
fly_type95_charge,raw\sound\wpn\assault\reload\fly_assault_charge.LN65.pc.snd.wav,,loaded,bus_fx,grp_foley,snp_foley,,30,0,86,89,0,5000,5000,allon,default,allon,default,8,8,priority,oldest,-88,84,70,70,0.25,1,2d,front,nonlooping,,1,0,0,0,0,0.25,no,yes,none,0,,no,,,yes,no,no,0,0,yes,no,,0,,no,no,no
fly_type95_mag_in,raw\sound\wpn\assault\reload\fly_assault_mag_in.LN65.pc.snd.wav,,loaded,bus_fx,grp_foley,snp_foley,,30,0,86,89,0,5000,5000,allon,default,allon,default,8,8,priority,oldest,-88,84,70,70,0.25,1,2d,front,nonlooping,,1,0,0,0,0,0.25,no,yes,none,0,,no,,,yes,no,no,0,0,yes,no,,0,,no,no,no
fly_type95_mag_out,raw\sound\wpn\assault\reload\fly_assault_mag_out.LN65.pc.snd.wav,,loaded,bus_fx,grp_foley,snp_foley,,30,0,86,89,0,5000,5000,allon,default,allon,default,8,8,priority,oldest,-88,84,70,70,0.25,1,2d,front,nonlooping,,1,0,0,0,0,0.25,no,yes,none,0,,no,,,yes,no,no,0,0,yes,no,,0,,no,no,no
fly_type95_raise_plr,raw\sound\fly\heavy_cloth\long\fly_heavy_cloth_long_00.LN65.pc.snd.wav,,loaded,bus_fx,grp_foley,snp_foley,,30,0,86,89,0,5000,5000,allon,default,allon,default,8,8,priority,oldest,-88,84,70,70,0.25,1,2d,front,nonlooping,,1,0,0,0,0,0.25,no,yes,none,0,,no,,,yes,no,no,0,0,yes,no,,0,,no,no,no
wpn_type95_1straise_plr,raw\sound\fly\heavy_cloth\long\fly_heavy_cloth_long_00.LN65.pc.snd.wav,,loaded,bus_fx,grp_foley,snp_foley,,30,0,86,89,0,5000,5000,allon,default,allon,default,8,8,priority,oldest,-88,84,70,70,0.25,1,2d,front,nonlooping,,1,0,0,0,0,0.25,no,yes,none,0,,no,,,yes,no,no,0,0,yes,no,,0,,no,no,no
wpn_type95_dryfire_plr,raw\sound\wpn\assault\dry_fire\plr\dry_fire_00.LN65.pc.snd.wav,,loaded,bus_fx,grp_weapon,snp_wpn_1p,,65,0,93,93,0,5000,5000,allon,default,allon,default,3,8,oldest,oldest,0,0,90,90,0.25,1,2d,front_mostly,nonlooping,,1,0,0,0,0,0.25,no,no,none,0,,no,,,yes,no,no,0,0,yes,no,,0,,no,no,no
wpn_type95_fire_plr,raw\sound\wpn\assault\type95\plr\shot\wpn_type95_shot_plr.LN65.pc.snd.wav,wpn_type95_lfe,loaded,bus_fx,grp_weapon,snp_wpn_1p,,65,0,93,93,0,5000,5000,allon,default,allon,default,3,8,oldest,oldest,-25,25,90,90,0.25,1,2d,front_mostly,nonlooping,,1,0,0,0,0,0.25,no,no,none,0,,no,,,yes,no,no,0,0,yes,no,,0,,no,no,no
wpn_type95_fire_plr_decay,raw\sound\wpn\assault\decay\ext\wpn_assault_decay_ext.LN65.pc.snd.wav,,loaded,bus_fx,grp_weapon,snp_wpn_1p,,60,0,83,83,0,5000,5000,allon,default,allon,default,3,8,oldest,oldest,-50,50,90,90,0.25,1,2d,front_mostly,nonlooping,,1,0,0,0,0,0.25,no,no,none,0,,no,ringoff_plr,outdoor,yes,no,no,0,0,yes,no,,0,,no,no,no
wpn_type95_fire_plr_decay,raw\sound\wpn\assault\decay\int\wpn_assault_decay_int.LN65.pc.snd.wav,,loaded,bus_fx,grp_weapon,snp_wpn_1p,,60,0,83,83,0,5000,5000,allon,default,allon,default,3,8,oldest,oldest,-50,50,90,90,0.25,1,2d,front_mostly,nonlooping,,1,0,0,0,0,0.25,no,no,none,0,,no,ringoff_plr,indoor,yes,no,no,0,0,yes,no,,0,,no,no,no
wpn_type95_fire_plr_pap,raw\sound\wpn\pap\pap_shot_st.LN65.pc.snd.wav,wpn_type95_flux_l_plr_pap,loaded,bus_hdrfx,grp_weapon,snp_wpn_1p,,70,0,87,87,0,5000,5000,allon,default,allon,default,1,8,oldest,oldest,0,0,90,90,0.25,1,2d,wpn_all,nonlooping,,1,0,0,0,0,0.25,no,no,none,0,,no,,,yes,no,no,0,0,yes,no,,0,,no,no,no
wpn_type95_flux_l_plr_pap,raw\sound\wpn\pap\pap_flux_left.LN65.pc.snd.wav,wpn_type95_flux_r_plr_pap,loaded,bus_fx,grp_weapon,snp_wpn_3p,,84,0,75,75,25,900,900,allon,default,allon,default,8,4,priority,priority,-34,34,85,90,0.25,1,3d,default,nonlooping,pitch,1,0,0,0,0,0.25,no,no,left_shot,4000,,no,,,yes,no,no,0,0,yes,no,,0,,no,no,no
wpn_type95_flux_r_plr_pap,raw\sound\wpn\pap\pap_flux_right.LN65.pc.snd.wav,wpn_type95_fire_plr,loaded,bus_fx,grp_weapon,snp_wpn_3p,,84,0,75,75,25,900,900,allon,default,allon,default,8,4,priority,priority,-34,34,85,90,0.25,1,3d,default,nonlooping,pitch,1,0,0,0,0,0.25,no,no,right_shot,4000,,no,,,yes,no,no,0,0,yes,no,,0,,no,no,no
wpn_type95_lfe,raw\sound\wpn\smg\mp7\plr\lfe\wpn_mp7_fire_lfe.LN65.pc.snd.wav,wpn_type95_fire_plr_decay,loaded,bus_hdrfx,grp_wpn_lfe,snp_wpn_1p,,0,0,86,86,0,5000,5000,allon,default,allon,default,8,2,priority,oldest,0,0,85,90,0.25,1,2d,lfe,nonlooping,,1,0,0,0,0,0.25,no,no,none,0,,no,,,no,no,no,0,0,yes,no,,0,,no,no,no
wpn_type95_pickup_plr,raw\sound\fly\pickups\weapon\fly_weapon_pickup_00.LN65.pc.snd.wav,,loaded,bus_fx,grp_foley,snp_foley,,30,0,75,75,0,5000,5000,allon,default,allon,default,1,8,reject,oldest,-88,84,70,70,0.25,1,2d,front,nonlooping,,1,0,0,0,0,0.25,no,yes,none,0,,no,,,yes,no,no,0,0,yes,no,,0,,no,no,no
wpn_type95_pickup_plr,raw\sound\fly\pickups\weapon\fly_weapon_pickup_01.LN65.pc.snd.wav,,loaded,bus_fx,grp_foley,snp_foley,,30,0,75,75,0,5000,5000,allon,default,allon,default,1,8,reject,oldest,-88,84,70,70,0.25,1,2d,front,nonlooping,,1,0,0,0,0,0.25,no,yes,none,0,,no,,,yes,no,no,0,0,yes,no,,0,,no,no,no
wpn_type95_silencer_fire_plr,raw\sound\wpn\assault\m27\plr\shot\silenced\wpn_m27_sil_shot_plr.LN65.pc.snd.wav,wpn_type95_silencer_LFE,loaded,bus_fx,grp_weapon,snp_wpn_1p,@36b86475,0,0,93,93,0,5000,5000,allon,default,allon,default,3,8,oldest,oldest,-50,50,90,90,0.25,1,2d,front_mostly,nonlooping,,1,0,0,0,0,0.25,no,no,none,0,,no,,,yes,no,no,0,0,yes,no,,0,,no,no,no
wpn_type95_silencer_fire_plr_decay,raw\sound\wpn\assault\decay\int\silenced\wpn_aslt_decay_silenced_int.LN65.pc.snd.wav,,loaded,bus_fx,grp_weapon,snp_wpn_1p,,75,0,83,83,0,5000,5000,allon,default,allon,default,3,8,oldest,oldest,-50,50,90,90,0.25,1,2d,front_mostly,nonlooping,,1,0,0,0,0,0.25,no,no,none,0,,no,ringoff_plr,indoor,yes,no,no,0,0,yes,no,,0,,no,no,no
wpn_type95_silencer_fire_plr_decay,raw\sound\wpn\pistol\decay\ext\silenced\wpn_pistol_decay_silenced_ext.LN65.pc.snd.wav,,loaded,bus_fx,grp_weapon,snp_wpn_1p,,70,0,83,83,0,5000,5000,allon,default,allon,default,3,8,oldest,oldest,-50,50,90,90,0.25,1,2d,front_mostly,nonlooping,,1,0,0,0,0,0.25,no,no,none,0,,no,ringoff_plr,outdoor,yes,no,no,0,0,yes,no,,0,,no,no,no
wpn_type95_silencer_lfe,raw\sound\wpn\smg\mp7\plr\lfe\wpn_mp7_fire_lfe.LN65.pc.snd.wav,wpn_type95_silencer_fire_plr_decay,loaded,bus_hdrfx,grp_wpn_lfe,snp_wpn_1p,,0,0,86,86,0,5000,5000,allon,default,allon,default,8,2,priority,oldest,0,0,85,90,0.25,1,2d,lfe,nonlooping,,1,0,0,0,0,0.25,no,no,none,0,,no,,,no,no,no,0,0,yes,no,,0,,no,no,no
fly_tar21_bolt_back,raw\sound\wpn\assault\reload\fly_assault_bb.LN65.pc.snd.wav,,loaded,bus_fx,grp_foley,snp_foley,,30,0,86,89,0,5000,5000,allon,default,allon,default,8,8,priority,oldest,-88,84,70,70,0.25,1,2d,front,nonlooping,,1,0,0,0,0,0.25,no,yes,none,0,,no,,,yes,no,no,0,0,yes,no,,0,,no,no,no
fly_tar21_bolt_release,raw\sound\wpn\assault\reload\fly_assault_bf.LN65.pc.snd.wav,,loaded,bus_fx,grp_foley,snp_foley,,30,0,86,89,0,5000,5000,allon,default,allon,default,8,8,priority,oldest,-88,84,70,70,0.25,1,2d,front,nonlooping,,1,0,0,0,0,0.25,no,yes,none,0,,no,,,yes,no,no,0,0,yes,no,,0,,no,no,no
fly_tar21_button,raw\sound\wpn\assault\m16\reload\fly_m16_button.LN65.pc.snd.wav,,loaded,bus_fx,grp_foley,snp_foley,,30,0,86,89,0,5000,5000,allon,default,allon,default,8,8,priority,oldest,-88,84,70,70,0.25,1,2d,front,nonlooping,,1,0,0,0,0,0.25,no,yes,none,0,,no,,,yes,no,no,0,0,yes,no,,0,,no,no,no
fly_tar21_charge,raw\sound\wpn\assault\reload\fly_assault_charge.LN65.pc.snd.wav,,loaded,bus_fx,grp_foley,snp_foley,,30,0,86,89,0,5000,5000,allon,default,allon,default,8,8,priority,oldest,-88,84,70,70,0.25,1,2d,front,nonlooping,,1,0,0,0,0,0.25,no,yes,none,0,,no,,,yes,no,no,0,0,yes,no,,0,,no,no,no
fly_tar21_mag_in,raw\sound\wpn\assault\reload\fly_assault_mag_in.LN65.pc.snd.wav,,loaded,bus_fx,grp_foley,snp_foley,,30,0,86,89,0,5000,5000,allon,default,allon,default,8,8,priority,oldest,-88,84,70,70,0.25,1,2d,front,nonlooping,,1,0,0,0,0,0.25,no,yes,none,0,,no,,,yes,no,no,0,0,yes,no,,0,,no,no,no
fly_tar21_mag_out,raw\sound\wpn\assault\reload\fly_assault_mag_out.LN65.pc.snd.wav,,loaded,bus_fx,grp_foley,snp_foley,,30,0,86,89,0,5000,5000,allon,default,allon,default,8,8,priority,oldest,-88,84,70,70,0.25,1,2d,front,nonlooping,,1,0,0,0,0,0.25,no,yes,none,0,,no,,,yes,no,no,0,0,yes,no,,0,,no,no,no
fly_tar21_tap,raw\sound\wpn\assault\m14\reload\fly_m14_tap.LN65.pc.snd.wav,,loaded,bus_fx,grp_foley,snp_foley,,30,0,86,89,0,5000,5000,allon,default,allon,default,8,8,priority,oldest,-88,84,70,70,0.25,1,2d,front,nonlooping,,1,0,0,0,0,0.25,no,yes,none,0,,no,,,yes,no,no,0,0,yes,no,,0,,no,no,no
wpn_tar21_1straise_plr,raw\sound\fly\gear\rattle\long\fly_cloth_00.LN65.pc.snd.wav,,loaded,bus_fx,grp_foley,snp_foley,,30,0,86,89,0,5000,5000,allon,default,allon,default,8,8,priority,oldest,-88,84,70,70,0.25,1,2d,front,nonlooping,,1,0,0,0,0,0.25,no,yes,none,0,,no,,,yes,no,no,0,0,yes,no,,0,,no,no,no
wpn_tar21_dryfire_plr,raw\sound\wpn\assault\dry_fire\plr\dry_fire_00.LN65.pc.snd.wav,,loaded,bus_fx,grp_weapon,snp_wpn_1p,,65,0,93,93,0,5000,5000,allon,default,allon,default,3,8,oldest,oldest,0,0,90,90,0.25,1,2d,front_mostly,nonlooping,,1,0,0,0,0,0.25,no,no,none,0,,no,,,yes,no,no,0,0,yes,no,,0,,no,no,no
wpn_tar21_fire_plr,raw\sound\wpn\assault\tar21\plr\shot\wpn_tar21_shot_plr.LN65.pc.snd.wav,wpn_tar21_lfe,loaded,bus_fx,grp_weapon,snp_wpn_1p,,65,0,93,93,0,5000,5000,allon,default,allon,default,3,8,oldest,oldest,-25,26,90,90,0.25,1,2d,front_mostly,nonlooping,,1,0,0,0,0,0.25,no,no,none,0,,no,,,yes,no,no,0,0,yes,no,,0,,no,no,no
wpn_tar21_fire_plr_decay,raw\sound\wpn\assault\decay\ext\wpn_assault_decay_ext.LN65.pc.snd.wav,,loaded,bus_fx,grp_weapon,snp_wpn_1p,,60,0,83,83,0,5000,5000,allon,default,allon,default,3,8,oldest,oldest,-50,50,90,90,0.25,1,2d,front_mostly,nonlooping,,1,0,0,0,0,0.25,no,no,none,0,,no,ringoff_plr,outdoor,yes,no,no,0,0,yes,no,,0,,no,no,no
wpn_tar21_fire_plr_decay,raw\sound\wpn\assault\decay\int\wpn_assault_decay_int.LN65.pc.snd.wav,,loaded,bus_fx,grp_weapon,snp_wpn_1p,,60,0,83,83,0,5000,5000,allon,default,allon,default,3,8,oldest,oldest,-50,50,90,90,0.25,1,2d,front_mostly,nonlooping,,1,0,0,0,0,0.25,no,no,none,0,,no,ringoff_plr,indoor,yes,no,no,0,0,yes,no,,0,,no,no,no
wpn_tar21_fire_plr_pap,raw\sound\wpn\pap\pap_shot_st.LN65.pc.snd.wav,wpn_tar21_flux_l_plr_pap,loaded,bus_hdrfx,grp_weapon,snp_wpn_1p,,70,0,87,87,0,5000,5000,allon,default,allon,default,1,8,oldest,oldest,0,0,90,90,0.25,1,2d,wpn_all,nonlooping,,1,0,0,0,0,0.25,no,no,none,0,,no,,,yes,no,no,0,0,yes,no,,0,,no,no,no
wpn_tar21_flux_l_plr_pap,raw\sound\wpn\pap\pap_flux_left.LN65.pc.snd.wav,wpn_tar21_flux_r_plr_pap,loaded,bus_fx,grp_weapon,snp_wpn_3p,,84,0,75,75,25,900,900,allon,default,allon,default,8,4,priority,priority,-34,34,85,90,0.25,1,3d,default,nonlooping,pitch,1,0,0,0,0,0.25,no,no,left_shot,4000,,no,,,yes,no,no,0,0,yes,no,,0,,no,no,no
wpn_tar21_flux_r_plr_pap,raw\sound\wpn\pap\pap_flux_right.LN65.pc.snd.wav,wpn_tar21_fire_plr,loaded,bus_fx,grp_weapon,snp_wpn_3p,,84,0,75,75,25,900,900,allon,default,allon,default,8,4,priority,priority,-34,34,85,90,0.25,1,3d,default,nonlooping,pitch,1,0,0,0,0,0.25,no,no,right_shot,4000,,no,,,yes,no,no,0,0,yes,no,,0,,no,no,no
wpn_tar21_lfe,raw\sound\wpn\smg\mp7\plr\lfe\wpn_mp7_fire_lfe.LN65.pc.snd.wav,wpn_tar21_fire_plr_decay,loaded,bus_hdrfx,grp_wpn_lfe,snp_wpn_1p,,0,0,86,86,0,5000,5000,allon,default,allon,default,8,2,priority,oldest,0,0,85,90,0.25,1,2d,lfe,nonlooping,,1,0,0,0,0,0.25,no,no,none,0,,no,,,no,no,no,0,0,yes,no,,0,,no,no,no
wpn_tar21_pickup_plr,raw\sound\fly\pickups\weapon\fly_weapon_pickup_00.LN65.pc.snd.wav,,loaded,bus_fx,grp_foley,snp_foley,,30,0,75,75,0,5000,5000,allon,default,allon,default,1,8,reject,oldest,-88,84,70,70,0.25,1,2d,front,nonlooping,,1,0,0,0,0,0.25,no,yes,none,0,,no,,,yes,no,no,0,0,yes,no,,0,,no,no,no
wpn_tar21_pickup_plr,raw\sound\fly\pickups\weapon\fly_weapon_pickup_01.LN65.pc.snd.wav,,loaded,bus_fx,grp_foley,snp_foley,,30,0,75,75,0,5000,5000,allon,default,allon,default,1,8,reject,oldest,-88,84,70,70,0.25,1,2d,front,nonlooping,,1,0,0,0,0,0.25,no,yes,none,0,,no,,,yes,no,no,0,0,yes,no,,0,,no,no,no
wpn_tar21_silencer_fire_plr,raw\sound\wpn\assault\m27\plr\shot\silenced\wpn_m27_sil_shot_plr.LN65.pc.snd.wav,wpn_tar21_silencer_LFE,loaded,bus_fx,grp_weapon,snp_wpn_1p,@36b86475,0,0,93,93,0,5000,5000,allon,default,allon,default,3,8,oldest,oldest,-50,50,90,90,0.25,1,2d,front_mostly,nonlooping,,1,0,0,0,0,0.25,no,no,none,0,,no,,,yes,no,no,0,0,yes,no,,0,,no,no,no
wpn_tar21_silencer_fire_plr_decay,raw\sound\wpn\assault\decay\int\silenced\wpn_aslt_decay_silenced_int.LN65.pc.snd.wav,,loaded,bus_fx,grp_weapon,snp_wpn_1p,,75,0,83,83,0,5000,5000,allon,default,allon,default,3,8,oldest,oldest,-50,50,90,90,0.25,1,2d,front_mostly,nonlooping,,1,0,0,0,0,0.25,no,no,none,0,,no,ringoff_plr,indoor,yes,no,no,0,0,yes,no,,0,,no,no,no
wpn_tar21_silencer_fire_plr_decay,raw\sound\wpn\pistol\decay\ext\silenced\wpn_pistol_decay_silenced_ext.LN65.pc.snd.wav,,loaded,bus_fx,grp_weapon,snp_wpn_1p,,70,0,83,83,0,5000,5000,allon,default,allon,default,3,8,oldest,oldest,-50,50,90,90,0.25,1,2d,front_mostly,nonlooping,,1,0,0,0,0,0.25,no,no,none,0,,no,ringoff_plr,outdoor,yes,no,no,0,0,yes,no,,0,,no,no,no
wpn_tar21_silencer_lfe,raw\sound\wpn\smg\mp7\plr\lfe\wpn_mp7_fire_lfe.LN65.pc.snd.wav,wpn_tar21_silencer_fire_plr_decay,loaded,bus_hdrfx,grp_wpn_lfe,snp_wpn_1p,,0,0,86,86,0,5000,5000,allon,default,allon,default,8,2,priority,oldest,0,0,85,90,0.25,1,2d,lfe,nonlooping,,1,0,0,0,0,0.25,no,no,none,0,,no,,,no,no,no,0,0,yes,no,,0,,no,no,no
fly_galil_bolt_back,raw\sound\wpn\assault\reload\fly_assault_bb.LN65.pc.snd.wav,,loaded,bus_fx,grp_foley,snp_foley,,30,0,86,89,0,5000,5000,allon,default,allon,default,8,8,priority,oldest,-88,84,70,70,0.25,1,2d,front,nonlooping,,1,0,0,0,0,0.25,no,yes,none,0,,no,,,yes,no,no,0,0,yes,no,,0,,no,no,no
fly_galil_bolt_release,raw\sound\wpn\assault\reload\fly_assault_bf.LN65.pc.snd.wav,,loaded,bus_fx,grp_foley,snp_foley,,30,0,86,89,0,5000,5000,allon,default,allon,default,8,8,priority,oldest,-88,84,70,70,0.25,1,2d,front,nonlooping,,1,0,0,0,0,0.25,no,yes,none,0,,no,,,yes,no,no,0,0,yes,no,,0,,no,no,no
fly_galil_charge,raw\sound\wpn\assault\reload\fly_assault_charge.LN65.pc.snd.wav,,loaded,bus_fx,grp_foley,snp_foley,,30,0,86,89,0,5000,5000,allon,default,allon,default,8,8,priority,oldest,-88,84,70,70,0.25,1,2d,front,nonlooping,,1,0,0,0,0,0.25,no,yes,none,0,,no,,,yes,no,no,0,0,yes,no,,0,,no,no,no
fly_galil_futz,raw\sound\wpn\assault\galil\reload\fly_galil_futz.LN65.pc.snd.wav,,loaded,bus_fx,grp_foley,snp_foley,,30,0,86,89,0,5000,5000,allon,default,allon,default,8,8,priority,oldest,-88,84,70,70,0.25,1,2d,front,nonlooping,,1,0,0,0,0,0.25,no,yes,none,0,,no,,,yes,no,no,0,0,yes,no,,0,,no,no,no
fly_galil_mag_in,raw\sound\wpn\assault\galil\reload\fly_galil_mag_in.LN65.pc.snd.wav,,loaded,bus_fx,grp_foley,snp_foley,,30,0,86,89,0,5000,5000,allon,default,allon,default,8,8,priority,oldest,-88,84,70,70,0.25,1,2d,front,nonlooping,,1,0,0,0,0,0.25,no,yes,none,0,,no,,,yes,no,no,0,0,yes,no,,0,,no,no,no
fly_galil_mag_out,raw\sound\wpn\assault\galil\reload\fly_galil_mag_out.LN65.pc.snd.wav,,loaded,bus_fx,grp_foley,snp_foley,,30,0,86,89,0,5000,5000,allon,default,allon,default,8,8,priority,oldest,-88,84,70,70,0.25,1,2d,front,nonlooping,,1,0,0,0,0,0.25,no,yes,none,0,,no,,,yes,no,no,0,0,yes,no,,0,,no,no,no
wpn_galil_1straise_plr,raw\sound\fly\gear\rattle\fly_cloth_00.LN65.pc.snd.wav,,loaded,bus_fx,grp_foley,snp_foley,,30,0,86,89,0,5000,5000,allon,default,allon,default,8,8,priority,oldest,-88,84,70,70,0.25,1,2d,front,nonlooping,,1,0,0,0,0,0.25,no,yes,none,0,,no,,,yes,no,no,0,0,yes,no,,0,,no,no,no
wpn_galil_1straise_plr,raw\sound\fly\gear\rattle\fly_cloth_01.LN65.pc.snd.wav,,loaded,bus_fx,grp_foley,snp_foley,,30,0,86,89,0,5000,5000,allon,default,allon,default,8,8,priority,oldest,-88,84,70,70,0.25,1,2d,front,nonlooping,,1,0,0,0,0,0.25,no,yes,none,0,,no,,,yes,no,no,0,0,yes,no,,0,,no,no,no
wpn_galil_1straise_plr,raw\sound\fly\gear\rattle\fly_cloth_02.LN65.pc.snd.wav,,loaded,bus_fx,grp_foley,snp_foley,,30,0,86,89,0,5000,5000,allon,default,allon,default,8,8,priority,oldest,-88,84,70,70,0.25,1,2d,front,nonlooping,,1,0,0,0,0,0.25,no,yes,none,0,,no,,,yes,no,no,0,0,yes,no,,0,,no,no,no
wpn_galil_1straise_plr,raw\sound\fly\gear\rattle\fly_cloth_03.LN65.pc.snd.wav,,loaded,bus_fx,grp_foley,snp_foley,,30,0,86,89,0,5000,5000,allon,default,allon,default,8,8,priority,oldest,-88,84,70,70,0.25,1,2d,front,nonlooping,,1,0,0,0,0,0.25,no,yes,none,0,,no,,,yes,no,no,0,0,yes,no,,0,,no,no,no
wpn_galil_dryfire_plr,raw\sound\wpn\assault\dry_fire\plr\dry_fire_00.LN65.pc.snd.wav,,loaded,bus_fx,grp_weapon,snp_wpn_1p,,65,0,93,93,0,5000,5000,allon,default,allon,default,3,8,oldest,oldest,0,0,90,90,0.25,1,2d,front_mostly,nonlooping,,1,0,0,0,0,0.25,no,no,none,0,,no,,,yes,no,no,0,0,yes,no,,0,,no,no,no
wpn_galil_fire_plr,raw\sound\wpn\assault\type95\plr\shot\wpn_type95_shot_plr.LN65.pc.snd.wav,wpn_galil_lfe,loaded,bus_fx,grp_weapon,snp_wpn_1p,,65,0,93,93,0,5000,5000,allon,default,allon,default,3,8,oldest,oldest,-25,25,90,90,0.25,1,2d,front_mostly,nonlooping,,1,0,0,0,0,0.25,no,no,none,0,,no,,,yes,no,no,0,0,yes,no,,0,,no,no,no
wpn_galil_fire_plr_decay,raw\sound\wpn\assault\decay\ext\wpn_assault_decay_ext.LN65.pc.snd.wav,,loaded,bus_fx,grp_weapon,snp_wpn_1p,,60,0,83,83,0,5000,5000,allon,default,allon,default,3,8,oldest,oldest,-50,50,90,90,0.25,1,2d,front_mostly,nonlooping,,1,0,0,0,0,0.25,no,no,none,0,,no,ringoff_plr,outdoor,yes,no,no,0,0,yes,no,,0,,no,no,no
wpn_galil_fire_plr_decay,raw\sound\wpn\assault\decay\int\wpn_assault_decay_int.LN65.pc.snd.wav,,loaded,bus_fx,grp_weapon,snp_wpn_1p,,60,0,83,83,0,5000,5000,allon,default,allon,default,3,8,oldest,oldest,-50,50,90,90,0.25,1,2d,front_mostly,nonlooping,,1,0,0,0,0,0.25,no,no,none,0,,no,ringoff_plr,indoor,yes,no,no,0,0,yes,no,,0,,no,no,no
wpn_galil_fire_plr_pap,raw\sound\wpn\pap\pap_shot_st.LN65.pc.snd.wav,wpn_galil_flux_l_plr_pap,loaded,bus_hdrfx,grp_weapon,snp_wpn_1p,,70,0,87,87,0,5000,5000,allon,default,allon,default,1,8,oldest,oldest,0,0,90,90,0.25,1,2d,wpn_all,nonlooping,,1,0,0,0,0,0.25,no,no,none,0,,no,,,yes,no,no,0,0,yes,no,,0,,no,no,no
wpn_galil_flux_l_plr_pap,raw\sound\wpn\pap\pap_flux_left.LN65.pc.snd.wav,wpn_galil_flux_r_plr_pap,loaded,bus_fx,grp_weapon,snp_wpn_3p,,84,0,75,75,25,900,900,allon,default,allon,default,8,4,priority,priority,-34,34,85,90,0.25,1,3d,default,nonlooping,pitch,1,0,0,0,0,0.25,no,no,left_shot,4000,,no,,,yes,no,no,0,0,yes,no,,0,,no,no,no
wpn_galil_flux_r_plr_pap,raw\sound\wpn\pap\pap_flux_right.LN65.pc.snd.wav,wpn_galil_fire_plr,loaded,bus_fx,grp_weapon,snp_wpn_3p,,84,0,75,75,25,900,900,allon,default,allon,default,8,4,priority,priority,-34,34,85,90,0.25,1,3d,default,nonlooping,pitch,1,0,0,0,0,0.25,no,no,right_shot,4000,,no,,,yes,no,no,0,0,yes,no,,0,,no,no,no
wpn_galil_lfe,raw\sound\wpn\smg\mp7\plr\lfe\wpn_mp7_fire_lfe.LN65.pc.snd.wav,wpn_galil_fire_plr_decay,loaded,bus_hdrfx,grp_wpn_lfe,snp_wpn_1p,,0,0,86,86,0,5000,5000,allon,default,allon,default,8,2,priority,oldest,0,0,85,90,0.25,1,2d,lfe,nonlooping,,1,0,0,0,0,0.25,no,no,none,0,,no,,,no,no,no,0,0,yes,no,,0,,no,no,no
wpn_galil_pickup_plr,raw\sound\fly\pickups\weapon\fly_weapon_pickup_00.LN65.pc.snd.wav,,loaded,bus_fx,grp_foley,snp_foley,,30,0,75,75,0,5000,5000,allon,default,allon,default,1,8,reject,oldest,-88,84,70,70,0.25,1,2d,front,nonlooping,,1,0,0,0,0,0.25,no,yes,none,0,,no,,,yes,no,no,0,0,yes,no,,0,,no,no,no
wpn_galil_pickup_plr,raw\sound\fly\pickups\weapon\fly_weapon_pickup_01.LN65.pc.snd.wav,,loaded,bus_fx,grp_foley,snp_foley,,30,0,75,75,0,5000,5000,allon,default,allon,default,1,8,reject,oldest,-88,84,70,70,0.25,1,2d,front,nonlooping,,1,0,0,0,0,0.25,no,yes,none,0,,no,,,yes,no,no,0,0,yes,no,,0,,no,no,no
wpn_galil_raise_plr,raw\sound\fly\gear\rattle\fly_cloth_00.LN65.pc.snd.wav,,loaded,bus_fx,grp_foley,snp_foley,,30,0,86,89,0,5000,5000,allon,default,allon,default,8,8,priority,oldest,-88,84,70,70,0.25,1,2d,front,nonlooping,,1,0,0,0,0,0.25,no,yes,none,0,,no,,,yes,no,no,0,0,yes,no,,0,,no,no,no
wpn_galil_raise_plr,raw\sound\fly\gear\rattle\fly_cloth_01.LN65.pc.snd.wav,,loaded,bus_fx,grp_foley,snp_foley,,30,0,86,89,0,5000,5000,allon,default,allon,default,8,8,priority,oldest,-88,84,70,70,0.25,1,2d,front,nonlooping,,1,0,0,0,0,0.25,no,yes,none,0,,no,,,yes,no,no,0,0,yes,no,,0,,no,no,no
wpn_galil_raise_plr,raw\sound\fly\gear\rattle\fly_cloth_02.LN65.pc.snd.wav,,loaded,bus_fx,grp_foley,snp_foley,,30,0,86,89,0,5000,5000,allon,default,allon,default,8,8,priority,oldest,-88,84,70,70,0.25,1,2d,front,nonlooping,,1,0,0,0,0,0.25,no,yes,none,0,,no,,,yes,no,no,0,0,yes,no,,0,,no,no,no
wpn_galil_raise_plr,raw\sound\fly\gear\rattle\fly_cloth_03.LN65.pc.snd.wav,,loaded,bus_fx,grp_foley,snp_foley,,30,0,86,89,0,5000,5000,allon,default,allon,default,8,8,priority,oldest,-88,84,70,70,0.25,1,2d,front,nonlooping,,1,0,0,0,0,0.25,no,yes,none,0,,no,,,yes,no,no,0,0,yes,no,,0,,no,no,no
wpn_galil_silencer_fire_plr,raw\sound\wpn\assault\m27\plr\shot\silenced\wpn_m27_sil_shot_plr.LN65.pc.snd.wav,wpn_galil_silencer_LFE,loaded,bus_fx,grp_weapon,snp_wpn_1p,@36b86475,0,0,93,93,0,5000,5000,allon,default,allon,default,3,8,oldest,oldest,-50,50,90,90,0.25,1,2d,front_mostly,nonlooping,,1,0,0,0,0,0.25,no,no,none,0,,no,,,yes,no,no,0,0,yes,no,,0,,no,no,no
wpn_galil_silencer_fire_plr_decay,raw\sound\wpn\assault\decay\int\silenced\wpn_aslt_decay_silenced_int.LN65.pc.snd.wav,,loaded,bus_fx,grp_weapon,snp_wpn_1p,,75,0,83,83,0,5000,5000,allon,default,allon,default,3,8,oldest,oldest,-50,50,90,90,0.25,1,2d,front_mostly,nonlooping,,1,0,0,0,0,0.25,no,no,none,0,,no,ringoff_plr,indoor,yes,no,no,0,0,yes,no,,0,,no,no,no
wpn_galil_silencer_fire_plr_decay,raw\sound\wpn\pistol\decay\ext\silenced\wpn_pistol_decay_silenced_ext.LN65.pc.snd.wav,,loaded,bus_fx,grp_weapon,snp_wpn_1p,,70,0,83,83,0,5000,5000,allon,default,allon,default,3,8,oldest,oldest,-50,50,90,90,0.25,1,2d,front_mostly,nonlooping,,1,0,0,0,0,0.25,no,no,none,0,,no,ringoff_plr,outdoor,yes,no,no,0,0,yes,no,,0,,no,no,no
wpn_galil_silencer_lfe,raw\sound\wpn\smg\mp7\plr\lfe\wpn_mp7_fire_lfe.LN65.pc.snd.wav,wpn_galil_silencer_fire_plr_decay,loaded,bus_hdrfx,grp_wpn_lfe,snp_wpn_1p,,0,0,86,86,0,5000,5000,allon,default,allon,default,8,2,priority,oldest,0,0,85,90,0.25,1,2d,lfe,nonlooping,,1,0,0,0,0,0.25,no,no,none,0,,no,,,no,no,no,0,0,yes,no,,0,,no,no,no
fly_dsr50_bolt_back,raw\sound\wpn\sniper\reload\fly_sniper_bb.LN65.pc.snd.wav,fly_sniper_shell_out_plr,loaded,bus_fx,grp_foley,snp_foley,,30,0,86,89,0,5000,5000,allon,default,allon,default,8,8,priority,oldest,-88,84,70,70,0.25,1,2d,front,nonlooping,,1,0,0,0,0,0.25,no,yes,none,0,,no,,,yes,no,no,0,0,yes,no,,0,,no,no,no
fly_dsr50_bolt_down,raw\sound\wpn\sniper\reload\fly_sniper_bd.LN65.pc.snd.wav,,loaded,bus_fx,grp_foley,snp_foley,,30,0,86,89,0,5000,5000,allon,default,allon,default,8,8,priority,oldest,-88,84,70,70,0.25,1,2d,front,nonlooping,,1,0,0,0,0,0.25,no,yes,none,0,,no,,,yes,no,no,0,0,yes,no,,0,,no,no,no
fly_dsr50_bolt_forward,raw\sound\wpn\sniper\reload\fly_sniper_bf.LN65.pc.snd.wav,,loaded,bus_fx,grp_foley,snp_foley,,30,0,86,89,0,5000,5000,allon,default,allon,default,8,8,priority,oldest,-88,84,70,70,0.25,1,2d,front,nonlooping,,1,0,0,0,0,0.25,no,yes,none,0,,no,,,yes,no,no,0,0,yes,no,,0,,no,no,no
fly_dsr50_bolt_up,raw\sound\wpn\sniper\reload\fly_sniper_bu.LN65.pc.snd.wav,,loaded,bus_fx,grp_foley,snp_foley,,30,0,86,89,0,5000,5000,allon,default,allon,default,8,8,priority,oldest,-88,84,70,70,0.25,1,2d,front,nonlooping,,1,0,0,0,0,0.25,no,yes,none,0,,no,,,yes,no,no,0,0,yes,no,,0,,no,no,no
fly_dsr50_dial_sight,raw\sound\wpn\rocket\m202\foley\fly_m202_flip_sight.LN65.pc.snd.wav,,loaded,bus_fx,grp_foley,snp_foley,,30,0,86,89,0,5000,5000,allon,default,allon,default,8,8,priority,oldest,-88,84,70,70,0.25,1,2d,front,nonlooping,,1,0,0,0,0,0.25,no,yes,none,0,,no,,,yes,no,no,0,0,yes,no,,0,,no,no,no
fly_dsr50_mag_in,raw\sound\wpn\sniper\reload\fly_sniper_mag_in.LN65.pc.snd.wav,,loaded,bus_fx,grp_foley,snp_foley,,30,0,86,89,0,5000,5000,allon,default,allon,default,8,8,priority,oldest,-88,84,70,70,0.25,1,2d,front,nonlooping,,1,0,0,0,0,0.25,no,yes,none,0,,no,,,yes,no,no,0,0,yes,no,,0,,no,no,no
fly_dsr50_mag_out,raw\sound\wpn\sniper\reload\fly_sniper_mag_out.LN65.pc.snd.wav,,loaded,bus_fx,grp_foley,snp_foley,,30,0,86,89,0,5000,5000,allon,default,allon,default,8,8,priority,oldest,-88,84,70,70,0.25,1,2d,front,nonlooping,,1,0,0,0,0,0.25,no,yes,none,0,,no,,,yes,no,no,0,0,yes,no,,0,,no,no,no
wpn_dsr50_1straise_plr,raw\sound\fly\gear\rattle\fly_cloth_00.LN65.pc.snd.wav,,loaded,bus_fx,grp_foley,snp_foley,,30,0,86,89,0,5000,5000,allon,default,allon,default,8,8,priority,oldest,-88,84,70,70,0.25,1,2d,front,nonlooping,,1,0,0,0,0,0.25,no,yes,none,0,,no,,,yes,no,no,0,0,yes,no,,0,,no,no,no
wpn_dsr50_1straise_plr,raw\sound\fly\gear\rattle\fly_cloth_01.LN65.pc.snd.wav,,loaded,bus_fx,grp_foley,snp_foley,,30,0,86,89,0,5000,5000,allon,default,allon,default,8,8,priority,oldest,-88,84,70,70,0.25,1,2d,front,nonlooping,,1,0,0,0,0,0.25,no,yes,none,0,,no,,,yes,no,no,0,0,yes,no,,0,,no,no,no
wpn_dsr50_1straise_plr,raw\sound\fly\gear\rattle\fly_cloth_02.LN65.pc.snd.wav,,loaded,bus_fx,grp_foley,snp_foley,,30,0,86,89,0,5000,5000,allon,default,allon,default,8,8,priority,oldest,-88,84,70,70,0.25,1,2d,front,nonlooping,,1,0,0,0,0,0.25,no,yes,none,0,,no,,,yes,no,no,0,0,yes,no,,0,,no,no,no
wpn_dsr50_1straise_plr,raw\sound\fly\gear\rattle\fly_cloth_03.LN65.pc.snd.wav,,loaded,bus_fx,grp_foley,snp_foley,,30,0,86,89,0,5000,5000,allon,default,allon,default,8,8,priority,oldest,-88,84,70,70,0.25,1,2d,front,nonlooping,,1,0,0,0,0,0.25,no,yes,none,0,,no,,,yes,no,no,0,0,yes,no,,0,,no,no,no
wpn_dsr50_dryfire_plr,raw\sound\wpn\sniper\dry_fire\plr\dry_fire_00.LN65.pc.snd.wav,,loaded,bus_fx,grp_weapon,snp_wpn_1p,,70,0,88,88,0,5000,5000,allon,default,allon,default,2,8,oldest,oldest,0,0,90,90,0.25,1,2d,front_mostly,nonlooping,,1,0,0,0,0,0.25,no,no,none,0,,no,,,yes,no,no,0,0,yes,no,,0,,no,no,no
wpn_dsr50_fire_dist,raw\sound\wpn\dist_guns\rif\wpn_rif_dist_00.LN65.pc.snd.wav,wpn_dsr50_fire_npc_decay,loaded,bus_fx,grp_weapon,snp_wpn_3p,,80,0,85,85,900,6000,12500,sindelay,default,sindelay,allon,6,3,priority,oldest,-300,300,90,40,0.25,1,3d,default,nonlooping,variant,1,0,0,0,0,0.25,no,no,none,0,,no,,,yes,no,no,0,0,yes,no,,0,,no,no,no
wpn_dsr50_fire_dist,raw\sound\wpn\dist_guns\rif\wpn_rif_dist_01.LN65.pc.snd.wav,wpn_dsr50_fire_npc_decay,loaded,bus_fx,grp_weapon,snp_wpn_3p,,80,0,85,85,900,6000,12500,sindelay,default,sindelay,allon,6,3,priority,oldest,-300,300,90,40,0.25,1,3d,default,nonlooping,variant,1,0,0,0,0,0.25,no,no,none,0,,no,,,yes,no,no,0,0,yes,no,,0,,no,no,no
wpn_dsr50_fire_npc_decay,raw\sound\wpn\sniper\decay\ext\wpn_sniper_decay_ext.LN65.pc.snd.wav,wpn_dsr50_flux_npc_l,loaded,bus_fx,grp_weapon,snp_wpn_3p,,55,0,80,80,50,900,900,allon,default,rcurve1,default,3,1,priority,oldest,-100,100,20,70,0.15,1,3d,quad,nonlooping,,1,0,0,0,0,0.25,no,no,none,0,,no,ringoff_plr,outdoor,yes,no,no,0,0,yes,no,,0,,no,no,no
wpn_dsr50_fire_npc_decay,raw\sound\wpn\sniper\decay\int\wpn_rifle_decay_int.LN65.pc.snd.wav,wpn_dsr50_flux_npc_l,loaded,bus_fx,grp_weapon,snp_wpn_3p,,55,0,80,80,50,900,900,allon,default,rcurve1,default,3,1,priority,oldest,-100,100,20,70,0.15,1,3d,quad,nonlooping,,1,0,0,0,0,0.25,no,no,none,0,,no,ringoff_plr,indoor,yes,no,no,0,0,yes,no,,0,,no,no,no
wpn_dsr50_fire_plr,raw\sound\wpn\sniper\dsr\plr\shot\wpn_dsr_fire_plr.LN65.pc.snd.wav,wpn_dsr50_lfe,loaded,bus_fx,grp_weapon,snp_wpn_1p,@d5b16432,50,0,94,94,0,5000,5000,allon,default,allon,default,2,8,oldest,oldest,0,0,90,90,0.25,1,2d,quad,nonlooping,,1,0,0,0,0,0.25,no,no,none,0,,no,,,yes,no,no,0,0,yes,no,,0,,no,no,no
wpn_dsr50_fire_plr_decay,raw\sound\wpn\sniper\decay\ext\wpn_sniper_decay_ext.LN65.pc.snd.wav,wpn_dsr50_flux_plr_l,loaded,bus_fx,grp_weapon,snp_wpn_1p,,55,0,85,85,0,5000,5000,allon,default,allon,default,3,8,oldest,oldest,-50,50,90,90,0.25,1,2d,quad,nonlooping,,1,0,0,0,0,0.25,no,no,none,0,,no,ringoff_plr,outdoor,yes,no,no,0,0,yes,no,,0,,no,no,no
wpn_dsr50_fire_plr_decay,raw\sound\wpn\sniper\decay\int\wpn_rifle_decay_int.LN65.pc.snd.wav,wpn_dsr50_flux_plr_l,loaded,bus_fx,grp_weapon,snp_wpn_1p,,55,0,85,85,0,5000,5000,allon,default,allon,default,3,8,oldest,oldest,-50,50,90,90,0.25,1,2d,quad,nonlooping,,1,0,0,0,0,0.25,no,no,none,0,,no,ringoff_plr,indoor,yes,no,no,0,0,yes,no,,0,,no,no,no
wpn_dsr50_fire_plr_pap,raw\sound\wpn\pap\pap_shot_st.LN65.pc.snd.wav,wpn_dsr50_flux_l_plr_pap,loaded,bus_hdrfx,grp_weapon,snp_wpn_1p,,70,0,87,87,0,5000,5000,allon,default,allon,default,1,8,oldest,oldest,0,0,90,90,0.25,1,2d,wpn_all,nonlooping,,1,0,0,0,0,0.25,no,no,none,0,,no,,,yes,no,no,0,0,yes,no,,0,,no,no,no
wpn_dsr50_flux_l_plr_pap,raw\sound\wpn\pap\pap_flux_left.LN65.pc.snd.wav,wpn_dsr50_flux_r_plr_pap,loaded,bus_fx,grp_weapon,snp_wpn_3p,,84,0,75,75,25,900,900,allon,default,allon,default,8,4,priority,priority,-34,34,85,90,0.25,1,3d,default,nonlooping,pitch,1,0,0,0,0,0.25,no,no,left_shot,4000,,no,,,yes,no,no,0,0,yes,no,,0,,no,no,no
wpn_dsr50_flux_plr_l,raw\sound\wpn\sniper\sniper_flux\wpn_sniper_flux_l.LN65.pc.snd.wav,wpn_dsr50_flux_plr_r,loaded,bus_fx,grp_weapon,snp_wpn_3p,,60,0,68,71,50,4000,4250,allon,default,allon,default,8,8,oldest,oldest,-300,300,20,90,0.25,1,3d,default,nonlooping,pitch,1,250,25,250,80,0.2,no,no,left_shot,7000,,no,ringoff_plr,outdoor,yes,no,no,0,0,yes,no,,0,,no,no,no
wpn_dsr50_flux_plr_r,raw\sound\wpn\sniper\sniper_flux\wpn_sniper_flux_r.LN65.pc.snd.wav,,loaded,bus_fx,grp_weapon,snp_wpn_3p,,60,0,68,71,50,4000,4250,allon,default,allon,default,8,8,oldest,oldest,-300,300,20,90,0.25,1,3d,default,nonlooping,pitch,1,250,25,250,80,0.2,no,no,right_shot,7000,,no,ringoff_plr,outdoor,yes,no,no,0,0,yes,no,,0,,no,no,no
wpn_dsr50_flux_r_plr_pap,raw\sound\wpn\pap\pap_flux_right.LN65.pc.snd.wav,wpn_dsr50_fire_plr,loaded,bus_fx,grp_weapon,snp_wpn_3p,,84,0,75,75,25,900,900,allon,default,allon,default,8,4,priority,priority,-34,34,85,90,0.25,1,3d,default,nonlooping,pitch,1,0,0,0,0,0.25,no,no,right_shot,4000,,no,,,yes,no,no,0,0,yes,no,,0,,no,no,no
wpn_dsr50_lfe,raw\sound\wpn\sniper\dsr\plr\lfe\wpn_dsr_fire_lfe.LN65.pc.snd.wav,wpn_dsr50_fire_plr_decay,loaded,bus_hdrfx,grp_wpn_lfe,snp_wpn_1p,,0,0,90,90,0,5000,5000,allon,default,allon,default,8,2,priority,oldest,0,0,85,90,0.25,1,2d,lfe,nonlooping,,1,0,0,0,0,0.25,no,no,none,0,,no,,,no,no,no,0,0,yes,no,,0,,no,no,no
wpn_dsr50_pickup_plr,raw\sound\fly\pickups\weapon\fly_weapon_pickup_00.LN65.pc.snd.wav,,loaded,bus_fx,grp_foley,snp_foley,,30,0,75,75,0,5000,5000,allon,default,allon,default,1,8,reject,oldest,-88,84,70,70,0.25,1,2d,front,nonlooping,,1,0,0,0,0,0.25,no,yes,none,0,,no,,,yes,no,no,0,0,yes,no,,0,,no,no,no
wpn_dsr50_pickup_plr,raw\sound\fly\pickups\weapon\fly_weapon_pickup_01.LN65.pc.snd.wav,,loaded,bus_fx,grp_foley,snp_foley,,30,0,75,75,0,5000,5000,allon,default,allon,default,1,8,reject,oldest,-88,84,70,70,0.25,1,2d,front,nonlooping,,1,0,0,0,0,0.25,no,yes,none,0,,no,,,yes,no,no,0,0,yes,no,,0,,no,no,no
wpn_dsr50_raise_plr,raw\sound\fly\gear\rattle\fly_cloth_00.LN65.pc.snd.wav,,loaded,bus_fx,grp_foley,snp_foley,,30,0,86,89,0,5000,5000,allon,default,allon,default,8,8,priority,oldest,-88,84,70,70,0.25,1,2d,front,nonlooping,,1,0,0,0,0,0.25,no,yes,none,0,,no,,,yes,no,no,0,0,yes,no,,0,,no,no,no
wpn_dsr50_raise_plr,raw\sound\fly\gear\rattle\fly_cloth_01.LN65.pc.snd.wav,,loaded,bus_fx,grp_foley,snp_foley,,30,0,86,89,0,5000,5000,allon,default,allon,default,8,8,priority,oldest,-88,84,70,70,0.25,1,2d,front,nonlooping,,1,0,0,0,0,0.25,no,yes,none,0,,no,,,yes,no,no,0,0,yes,no,,0,,no,no,no
wpn_dsr50_raise_plr,raw\sound\fly\gear\rattle\fly_cloth_02.LN65.pc.snd.wav,,loaded,bus_fx,grp_foley,snp_foley,,30,0,86,89,0,5000,5000,allon,default,allon,default,8,8,priority,oldest,-88,84,70,70,0.25,1,2d,front,nonlooping,,1,0,0,0,0,0.25,no,yes,none,0,,no,,,yes,no,no,0,0,yes,no,,0,,no,no,no
wpn_dsr50_raise_plr,raw\sound\fly\gear\rattle\fly_cloth_03.LN65.pc.snd.wav,,loaded,bus_fx,grp_foley,snp_foley,,30,0,86,89,0,5000,5000,allon,default,allon,default,8,8,priority,oldest,-88,84,70,70,0.25,1,2d,front,nonlooping,,1,0,0,0,0,0.25,no,yes,none,0,,no,,,yes,no,no,0,0,yes,no,,0,,no,no,no
wpn_dsr50_silencer_fire_plr,raw\sound\wpn\sniper\ballista\plr\shot\silenced\wpn_ballista_sil_shot_plr.LN65.pc.snd.wav,wpn_dsr50_silencer_LFE,loaded,bus_fx,grp_weapon,snp_wpn_1p,@36b86475,0,0,93,93,0,5000,5000,allon,default,allon,default,3,8,oldest,oldest,-50,50,90,90,0.25,1,2d,front_mostly,nonlooping,,1,0,0,0,0,0.25,no,no,none,0,,no,,,yes,no,no,0,0,yes,no,,0,,no,no,no
wpn_dsr50_silencer_fire_plr_decay,raw\sound\wpn\assault\decay\int\silenced\wpn_aslt_decay_silenced_int.LN65.pc.snd.wav,,loaded,bus_fx,grp_weapon,snp_wpn_1p,,75,0,83,83,0,5000,5000,allon,default,allon,default,3,8,oldest,oldest,-50,50,90,90,0.25,1,2d,front_mostly,nonlooping,,1,0,0,0,0,0.25,no,no,none,0,,no,ringoff_plr,indoor,yes,no,no,0,0,yes,no,,0,,no,no,no
wpn_dsr50_silencer_fire_plr_decay,raw\sound\wpn\pistol\decay\ext\silenced\wpn_pistol_decay_silenced_ext.LN65.pc.snd.wav,,loaded,bus_fx,grp_weapon,snp_wpn_1p,,70,0,83,83,0,5000,5000,allon,default,allon,default,3,8,oldest,oldest,-50,50,90,90,0.25,1,2d,front_mostly,nonlooping,,1,0,0,0,0,0.25,no,no,none,0,,no,ringoff_plr,outdoor,yes,no,no,0,0,yes,no,,0,,no,no,no
wpn_dsr50_silencer_lfe,raw\sound\wpn\smg\mp7\plr\lfe\wpn_mp7_fire_lfe.LN65.pc.snd.wav,wpn_dsr50_silencer_fire_plr_decay,loaded,bus_hdrfx,grp_wpn_lfe,snp_wpn_1p,,0,0,86,86,0,5000,5000,allon,default,allon,default,8,2,priority,oldest,0,0,85,90,0.25,1,2d,lfe,nonlooping,,1,0,0,0,0,0.25,no,no,none,0,,no,,,no,no,no,0,0,yes,no,,0,,no,no,no
fly_rpd_close,raw\sound\wpn\lmg\mk48\foley\fly_mk48_close.LN65.pc.snd.wav,,loaded,bus_fx,grp_foley,snp_foley,,30,0,86,89,0,5000,5000,allon,default,allon,default,8,8,priority,oldest,-88,84,70,70,0.25,1,2d,front,nonlooping,,1,0,0,0,0,0.25,no,yes,none,0,,no,,,yes,no,no,0,0,yes,no,,0,,no,no,no
fly_rpd_futz,raw\sound\wpn\lmg\mk48\foley\fly_mk48_futz.LN65.pc.snd.wav,,loaded,bus_fx,grp_foley,snp_foley,,30,0,86,89,0,5000,5000,allon,default,allon,default,8,8,priority,oldest,-88,84,70,70,0.25,1,2d,front,nonlooping,,1,0,0,0,0,0.25,no,yes,none,0,,no,,,yes,no,no,0,0,yes,no,,0,,no,no,no
fly_rpd_lift_belt,raw\sound\wpn\lmg\mk48\foley\fly_mk48_lift_belt.LN65.pc.snd.wav,,loaded,bus_fx,grp_foley,snp_foley,,30,0,86,89,0,5000,5000,allon,default,allon,default,8,8,priority,oldest,-88,84,70,70,0.25,1,2d,front,nonlooping,,1,0,0,0,0,0.25,no,yes,none,0,,no,,,yes,no,no,0,0,yes,no,,0,,no,no,no
fly_rpd_mag_in,raw\sound\wpn\lmg\mk48\foley\fly_mk48_mag_in.LN65.pc.snd.wav,,loaded,bus_fx,grp_foley,snp_foley,,30,0,86,89,0,5000,5000,allon,default,allon,default,8,8,priority,oldest,-88,84,70,70,0.25,1,2d,front,nonlooping,,1,0,0,0,0,0.25,no,yes,none,0,,no,,,yes,no,no,0,0,yes,no,,0,,no,no,no
fly_rpd_mag_out,raw\sound\wpn\lmg\mk48\foley\fly_mk48_mag_out.LN65.pc.snd.wav,,loaded,bus_fx,grp_foley,snp_foley,,30,0,86,89,0,5000,5000,allon,default,allon,default,8,8,priority,oldest,-88,84,70,70,0.25,1,2d,front,nonlooping,,1,0,0,0,0,0.25,no,yes,none,0,,no,,,yes,no,no,0,0,yes,no,,0,,no,no,no
fly_rpd_open,raw\sound\wpn\lmg\mk48\foley\fly_mk48_open.LN65.pc.snd.wav,,loaded,bus_fx,grp_foley,snp_foley,,30,0,86,89,0,5000,5000,allon,default,allon,default,8,8,priority,oldest,-88,84,70,70,0.25,1,2d,front,nonlooping,,1,0,0,0,0,0.25,no,yes,none,0,,no,,,yes,no,no,0,0,yes,no,,0,,no,no,no
fly_rpd_pull,raw\sound\wpn\lmg\mk48\foley\fly_mk48_pull.LN65.pc.snd.wav,,loaded,bus_fx,grp_foley,snp_foley,,30,0,86,89,0,5000,5000,allon,default,allon,default,8,8,priority,oldest,-88,84,70,70,0.25,1,2d,front,nonlooping,,1,0,0,0,0,0.25,no,yes,none,0,,no,,,yes,no,no,0,0,yes,no,,0,,no,no,no
fly_rpd_release,raw\sound\wpn\lmg\mk48\foley\fly_mk48_release.LN65.pc.snd.wav,,loaded,bus_fx,grp_foley,snp_foley,,30,0,86,89,0,5000,5000,allon,default,allon,default,8,8,priority,oldest,-88,84,70,70,0.25,1,2d,front,nonlooping,,1,0,0,0,0,0.25,no,yes,none,0,,no,,,yes,no,no,0,0,yes,no,,0,,no,no,no
fly_rpd_seat_belt,raw\sound\wpn\lmg\mk48\foley\fly_mk48_seat_belt.LN65.pc.snd.wav,,loaded,bus_fx,grp_foley,snp_foley,,30,0,86,89,0,5000,5000,allon,default,allon,default,8,8,priority,oldest,-88,84,70,70,0.25,1,2d,front,nonlooping,,1,0,0,0,0,0.25,no,yes,none,0,,no,,,yes,no,no,0,0,yes,no,,0,,no,no,no
fly_rpd_start,raw\sound\wpn\lmg\mk48\foley\fly_mk48_start.LN65.pc.snd.wav,,loaded,bus_fx,grp_foley,snp_foley,,30,0,86,89,0,5000,5000,allon,default,allon,default,8,8,priority,oldest,-88,84,70,70,0.25,1,2d,front,nonlooping,,1,0,0,0,0,0.25,no,yes,none,0,,no,,,yes,no,no,0,0,yes,no,,0,,no,no,no
fly_rpd_tap,raw\sound\wpn\assault\m14\reload\fly_m14_tap.LN65.pc.snd.wav,,loaded,bus_fx,grp_foley,snp_foley,,30,0,86,89,0,5000,5000,allon,default,allon,default,8,8,priority,oldest,-88,84,70,70,0.25,1,2d,front,nonlooping,,1,0,0,0,0,0.25,no,yes,none,0,,no,,,yes,no,no,0,0,yes,no,,0,,no,no,no
wpn_rpd_1straise_plr,raw\sound\fly\gear\rattle\fly_cloth_00.LN65.pc.snd.wav,,loaded,bus_fx,grp_foley,snp_foley,,30,0,86,89,0,5000,5000,allon,default,allon,default,8,8,priority,oldest,-88,84,70,70,0.25,1,2d,front,nonlooping,,1,0,0,0,0,0.25,no,yes,none,0,,no,,,yes,no,no,0,0,yes,no,,0,,no,no,no
wpn_rpd_1straise_plr,raw\sound\fly\gear\rattle\fly_cloth_01.LN65.pc.snd.wav,,loaded,bus_fx,grp_foley,snp_foley,,30,0,86,89,0,5000,5000,allon,default,allon,default,8,8,priority,oldest,-88,84,70,70,0.25,1,2d,front,nonlooping,,1,0,0,0,0,0.25,no,yes,none,0,,no,,,yes,no,no,0,0,yes,no,,0,,no,no,no
wpn_rpd_1straise_plr,raw\sound\fly\gear\rattle\fly_cloth_02.LN65.pc.snd.wav,,loaded,bus_fx,grp_foley,snp_foley,,30,0,86,89,0,5000,5000,allon,default,allon,default,8,8,priority,oldest,-88,84,70,70,0.25,1,2d,front,nonlooping,,1,0,0,0,0,0.25,no,yes,none,0,,no,,,yes,no,no,0,0,yes,no,,0,,no,no,no
wpn_rpd_1straise_plr,raw\sound\fly\gear\rattle\fly_cloth_03.LN65.pc.snd.wav,,loaded,bus_fx,grp_foley,snp_foley,,30,0,86,89,0,5000,5000,allon,default,allon,default,8,8,priority,oldest,-88,84,70,70,0.25,1,2d,front,nonlooping,,1,0,0,0,0,0.25,no,yes,none,0,,no,,,yes,no,no,0,0,yes,no,,0,,no,no,no
wpn_rpd_dryfire_plr,raw\sound\wpn\lmg\dry_fire\plr\dry_fire_00.LN65.pc.snd.wav,,loaded,bus_fx,grp_weapon,snp_wpn_1p,,70,0,93,93,0,5000,5000,allon,default,allon,default,2,8,oldest,oldest,0,0,90,90,0.25,1,2d,front_mostly,nonlooping,,1,0,0,0,0,0.25,no,no,none,0,,no,,,yes,no,no,0,0,yes,no,,0,,no,no,no
wpn_rpd_fire_plr,raw\sound\wpn\lmg\lsat\plr\shot\wpn_lsat_shot_plr.LN65.pc.snd.wav,wpn_rpd_lfe,loaded,bus_fx,grp_weapon,snp_wpn_1p,@ce86373b,70,0,93,93,0,5000,5000,allon,default,allon,default,2,8,oldest,oldest,-25,25,90,90,0.25,1,2d,front_mostly,nonlooping,,1,0,0,0,0,0.25,no,no,none,0,,no,,,yes,no,no,0,0,yes,no,,0,,no,no,no
wpn_rpd_fire_plr_decay,raw\sound\wpn\assault\decay\ext\wpn_assault_decay_ext.LN65.pc.snd.wav,,loaded,bus_fx,grp_weapon,snp_wpn_1p,,55,0,67,67,0,5000,5000,allon,default,allon,default,3,8,oldest,oldest,-250,-200,90,90,0.25,1,2d,quad,nonlooping,,1,75,0,0,0,0.25,no,no,none,0,,no,ringoff_plr,outdoor,yes,no,no,0,0,yes,no,,0,,no,no,no
wpn_rpd_fire_plr_decay,raw\sound\wpn\assault\decay\int\wpn_assault_decay_int.LN65.pc.snd.wav,,loaded,bus_fx,grp_weapon,snp_wpn_1p,,55,0,67,67,0,5000,5000,allon,default,allon,default,3,8,oldest,oldest,-250,-200,90,90,0.25,1,2d,quad,nonlooping,,1,0,0,0,0,0.25,no,no,none,0,,no,ringoff_plr,indoor,yes,no,no,0,0,yes,no,,0,,no,no,no
wpn_rpd_fire_plr_pap,raw\sound\wpn\pap\pap_shot_st.LN65.pc.snd.wav,wpn_rpd_flux_l_plr_pap,loaded,bus_hdrfx,grp_weapon,snp_wpn_1p,,70,0,87,87,0,5000,5000,allon,default,allon,default,1,8,oldest,oldest,0,0,90,90,0.25,1,2d,wpn_all,nonlooping,,1,0,0,0,0,0.25,no,no,none,0,,no,,,yes,no,no,0,0,yes,no,,0,,no,no,no
wpn_rpd_flux_l_plr_pap,raw\sound\wpn\pap\pap_flux_left.LN65.pc.snd.wav,wpn_rpd_flux_r_plr_pap,loaded,bus_fx,grp_weapon,snp_wpn_3p,,84,0,75,75,25,900,900,allon,default,allon,default,8,4,priority,priority,-34,34,85,90,0.25,1,3d,default,nonlooping,pitch,1,0,0,0,0,0.25,no,no,left_shot,4000,,no,,,yes,no,no,0,0,yes,no,,0,,no,no,no
wpn_rpd_flux_r_plr_pap,raw\sound\wpn\pap\pap_flux_right.LN65.pc.snd.wav,wpn_rpd_fire_plr,loaded,bus_fx,grp_weapon,snp_wpn_3p,,84,0,75,75,25,900,900,allon,default,allon,default,8,4,priority,priority,-34,34,85,90,0.25,1,3d,default,nonlooping,pitch,1,0,0,0,0,0.25,no,no,right_shot,4000,,no,,,yes,no,no,0,0,yes,no,,0,,no,no,no
wpn_rpd_lfe,raw\sound\wpn\smg\mp7\plr\lfe\wpn_mp7_fire_lfe.LN65.pc.snd.wav,wpn_rpd_fire_plr_decay,loaded,bus_hdrfx,grp_wpn_lfe,snp_wpn_1p,,0,0,86,86,0,5000,5000,allon,default,allon,default,8,2,priority,oldest,0,0,85,90,0.25,1,2d,lfe,nonlooping,,1,0,0,0,0,0.25,no,no,none,0,,no,,,no,no,no,0,0,yes,no,,0,,no,no,no
wpn_rpd_pickup_plr,raw\sound\fly\pickups\weapon\fly_weapon_pickup_00.LN65.pc.snd.wav,,loaded,bus_fx,grp_foley,snp_foley,,30,0,75,75,0,5000,5000,allon,default,allon,default,1,8,reject,oldest,-88,84,70,70,0.25,1,2d,front,nonlooping,,1,0,0,0,0,0.25,no,yes,none,0,,no,,,yes,no,no,0,0,yes,no,,0,,no,no,no
wpn_rpd_pickup_plr,raw\sound\fly\pickups\weapon\fly_weapon_pickup_01.LN65.pc.snd.wav,,loaded,bus_fx,grp_foley,snp_foley,,30,0,75,75,0,5000,5000,allon,default,allon,default,1,8,reject,oldest,-88,84,70,70,0.25,1,2d,front,nonlooping,,1,0,0,0,0,0.25,no,yes,none,0,,no,,,yes,no,no,0,0,yes,no,,0,,no,no,no
wpn_rpd_raise_plr,raw\sound\fly\gear\rattle\fly_cloth_00.LN65.pc.snd.wav,,loaded,bus_fx,grp_foley,snp_foley,,30,0,86,89,0,5000,5000,allon,default,allon,default,8,8,priority,oldest,-88,84,70,70,0.25,1,2d,front,nonlooping,,1,0,0,0,0,0.25,no,yes,none,0,,no,,,yes,no,no,0,0,yes,no,,0,,no,no,no
wpn_rpd_raise_plr,raw\sound\fly\gear\rattle\fly_cloth_01.LN65.pc.snd.wav,,loaded,bus_fx,grp_foley,snp_foley,,30,0,86,89,0,5000,5000,allon,default,allon,default,8,8,priority,oldest,-88,84,70,70,0.25,1,2d,front,nonlooping,,1,0,0,0,0,0.25,no,yes,none,0,,no,,,yes,no,no,0,0,yes,no,,0,,no,no,no
wpn_rpd_raise_plr,raw\sound\fly\gear\rattle\fly_cloth_02.LN65.pc.snd.wav,,loaded,bus_fx,grp_foley,snp_foley,,30,0,86,89,0,5000,5000,allon,default,allon,default,8,8,priority,oldest,-88,84,70,70,0.25,1,2d,front,nonlooping,,1,0,0,0,0,0.25,no,yes,none,0,,no,,,yes,no,no,0,0,yes,no,,0,,no,no,no
wpn_rpd_raise_plr,raw\sound\fly\gear\rattle\fly_cloth_03.LN65.pc.snd.wav,,loaded,bus_fx,grp_foley,snp_foley,,30,0,86,89,0,5000,5000,allon,default,allon,default,8,8,priority,oldest,-88,84,70,70,0.25,1,2d,front,nonlooping,,1,0,0,0,0,0.25,no,yes,none,0,,no,,,yes,no,no,0,0,yes,no,,0,,no,no,no
wpn_rpd_silencer_fire_plr,raw\sound\wpn\lmg\lsat\plr\shot\silenced\wpn_lsat_sil_shot_plr.LN65.pc.snd.wav,wpn_rpd_silencer_LFE,loaded,bus_fx,grp_weapon,snp_wpn_1p,@36b86475,0,0,93,93,0,5000,5000,allon,default,allon,default,3,8,oldest,oldest,-50,50,90,90,0.25,1,2d,front_mostly,nonlooping,,1,0,0,0,0,0.25,no,no,none,0,,no,,,yes,no,no,0,0,yes,no,,0,,no,no,no
wpn_rpd_silencer_fire_plr_decay,raw\sound\wpn\assault\decay\int\silenced\wpn_aslt_decay_silenced_int.LN65.pc.snd.wav,,loaded,bus_fx,grp_weapon,snp_wpn_1p,,75,0,83,83,0,5000,5000,allon,default,allon,default,3,8,oldest,oldest,-50,50,90,90,0.25,1,2d,front_mostly,nonlooping,,1,0,0,0,0,0.25,no,no,none,0,,no,ringoff_plr,indoor,yes,no,no,0,0,yes,no,,0,,no,no,no
wpn_rpd_silencer_fire_plr_decay,raw\sound\wpn\pistol\decay\ext\silenced\wpn_pistol_decay_silenced_ext.LN65.pc.snd.wav,,loaded,bus_fx,grp_weapon,snp_wpn_1p,,70,0,83,83,0,5000,5000,allon,default,allon,default,3,8,oldest,oldest,-50,50,90,90,0.25,1,2d,front_mostly,nonlooping,,1,0,0,0,0,0.25,no,no,none,0,,no,ringoff_plr,outdoor,yes,no,no,0,0,yes,no,,0,,no,no,no
wpn_rpd_silencer_lfe,raw\sound\wpn\smg\mp7\plr\lfe\wpn_mp7_fire_lfe.LN65.pc.snd.wav,wpn_rpd_silencer_fire_plr_decay,loaded,bus_hdrfx,grp_wpn_lfe,snp_wpn_1p,,0,0,86,86,0,5000,5000,allon,default,allon,default,8,2,priority,oldest,0,0,85,90,0.25,1,2d,lfe,nonlooping,,1,0,0,0,0,0.25,no,no,none,0,,no,,,no,no,no,0,0,yes,no,,0,,no,no,no
fly_hamr_close,raw\sound\wpn\lmg\mk48\foley\fly_mk48_close.LN65.pc.snd.wav,,loaded,bus_fx,grp_foley,snp_foley,,30,0,86,89,0,5000,5000,allon,default,allon,default,8,8,priority,oldest,-88,84,70,70,0.25,1,2d,front,nonlooping,,1,0,0,0,0,0.25,no,yes,none,0,,no,,,yes,no,no,0,0,yes,no,,0,,no,no,no
fly_hamr_futz,raw\sound\wpn\lmg\mk48\foley\fly_mk48_futz.LN65.pc.snd.wav,,loaded,bus_fx,grp_foley,snp_foley,,30,0,86,89,0,5000,5000,allon,default,allon,default,8,8,priority,oldest,-88,84,70,70,0.25,1,2d,front,nonlooping,,1,0,0,0,0,0.25,no,yes,none,0,,no,,,yes,no,no,0,0,yes,no,,0,,no,no,no
fly_hamr_lift_belt,raw\sound\wpn\lmg\mk48\foley\fly_mk48_lift_belt.LN65.pc.snd.wav,,loaded,bus_fx,grp_foley,snp_foley,,30,0,86,89,0,5000,5000,allon,default,allon,default,8,8,priority,oldest,-88,84,70,70,0.25,1,2d,front,nonlooping,,1,0,0,0,0,0.25,no,yes,none,0,,no,,,yes,no,no,0,0,yes,no,,0,,no,no,no
fly_hamr_mag_in,raw\sound\wpn\lmg\mk48\foley\fly_mk48_mag_in.LN65.pc.snd.wav,,loaded,bus_fx,grp_foley,snp_foley,,30,0,86,89,0,5000,5000,allon,default,allon,default,8,8,priority,oldest,-88,84,70,70,0.25,1,2d,front,nonlooping,,1,0,0,0,0,0.25,no,yes,none,0,,no,,,yes,no,no,0,0,yes,no,,0,,no,no,no
fly_hamr_mag_out,raw\sound\wpn\lmg\mk48\foley\fly_mk48_mag_out.LN65.pc.snd.wav,,loaded,bus_fx,grp_foley,snp_foley,,30,0,86,89,0,5000,5000,allon,default,allon,default,8,8,priority,oldest,-88,84,70,70,0.25,1,2d,front,nonlooping,,1,0,0,0,0,0.25,no,yes,none,0,,no,,,yes,no,no,0,0,yes,no,,0,,no,no,no
fly_hamr_open,raw\sound\wpn\lmg\mk48\foley\fly_mk48_open.LN65.pc.snd.wav,,loaded,bus_fx,grp_foley,snp_foley,,30,0,86,89,0,5000,5000,allon,default,allon,default,8,8,priority,oldest,-88,84,70,70,0.25,1,2d,front,nonlooping,,1,0,0,0,0,0.25,no,yes,none,0,,no,,,yes,no,no,0,0,yes,no,,0,,no,no,no
fly_hamr_pull,raw\sound\wpn\lmg\mk48\foley\fly_mk48_pull.LN65.pc.snd.wav,,loaded,bus_fx,grp_foley,snp_foley,,30,0,86,89,0,5000,5000,allon,default,allon,default,8,8,priority,oldest,-88,84,70,70,0.25,1,2d,front,nonlooping,,1,0,0,0,0,0.25,no,yes,none,0,,no,,,yes,no,no,0,0,yes,no,,0,,no,no,no
fly_hamr_release,raw\sound\wpn\lmg\mk48\foley\fly_mk48_release.LN65.pc.snd.wav,,loaded,bus_fx,grp_foley,snp_foley,,30,0,86,89,0,5000,5000,allon,default,allon,default,8,8,priority,oldest,-88,84,70,70,0.25,1,2d,front,nonlooping,,1,0,0,0,0,0.25,no,yes,none,0,,no,,,yes,no,no,0,0,yes,no,,0,,no,no,no
fly_hamr_seat_belt,raw\sound\wpn\lmg\mk48\foley\fly_mk48_seat_belt.LN65.pc.snd.wav,,loaded,bus_fx,grp_foley,snp_foley,,30,0,86,89,0,5000,5000,allon,default,allon,default,8,8,priority,oldest,-88,84,70,70,0.25,1,2d,front,nonlooping,,1,0,0,0,0,0.25,no,yes,none,0,,no,,,yes,no,no,0,0,yes,no,,0,,no,no,no
fly_hamr_start,raw\sound\wpn\lmg\mk48\foley\fly_mk48_start.LN65.pc.snd.wav,,loaded,bus_fx,grp_foley,snp_foley,,30,0,86,89,0,5000,5000,allon,default,allon,default,8,8,priority,oldest,-88,84,70,70,0.25,1,2d,front,nonlooping,,1,0,0,0,0,0.25,no,yes,none,0,,no,,,yes,no,no,0,0,yes,no,,0,,no,no,no
fly_hamr_tap,raw\sound\wpn\assault\m14\reload\fly_m14_tap.LN65.pc.snd.wav,,loaded,bus_fx,grp_foley,snp_foley,,30,0,86,89,0,5000,5000,allon,default,allon,default,8,8,priority,oldest,-88,84,70,70,0.25,1,2d,front,nonlooping,,1,0,0,0,0,0.25,no,yes,none,0,,no,,,yes,no,no,0,0,yes,no,,0,,no,no,no
wpn_hamr_1straise_plr,raw\sound\fly\gear\rattle\fly_cloth_00.LN65.pc.snd.wav,,loaded,bus_fx,grp_foley,snp_foley,,30,0,86,89,0,5000,5000,allon,default,allon,default,8,8,priority,oldest,-88,84,70,70,0.25,1,2d,front,nonlooping,,1,0,0,0,0,0.25,no,yes,none,0,,no,,,yes,no,no,0,0,yes,no,,0,,no,no,no
wpn_hamr_1straise_plr,raw\sound\fly\gear\rattle\fly_cloth_01.LN65.pc.snd.wav,,loaded,bus_fx,grp_foley,snp_foley,,30,0,86,89,0,5000,5000,allon,default,allon,default,8,8,priority,oldest,-88,84,70,70,0.25,1,2d,front,nonlooping,,1,0,0,0,0,0.25,no,yes,none,0,,no,,,yes,no,no,0,0,yes,no,,0,,no,no,no
wpn_hamr_1straise_plr,raw\sound\fly\gear\rattle\fly_cloth_02.LN65.pc.snd.wav,,loaded,bus_fx,grp_foley,snp_foley,,30,0,86,89,0,5000,5000,allon,default,allon,default,8,8,priority,oldest,-88,84,70,70,0.25,1,2d,front,nonlooping,,1,0,0,0,0,0.25,no,yes,none,0,,no,,,yes,no,no,0,0,yes,no,,0,,no,no,no
wpn_hamr_1straise_plr,raw\sound\fly\gear\rattle\fly_cloth_03.LN65.pc.snd.wav,,loaded,bus_fx,grp_foley,snp_foley,,30,0,86,89,0,5000,5000,allon,default,allon,default,8,8,priority,oldest,-88,84,70,70,0.25,1,2d,front,nonlooping,,1,0,0,0,0,0.25,no,yes,none,0,,no,,,yes,no,no,0,0,yes,no,,0,,no,no,no
wpn_hamr_dryfire_plr,raw\sound\wpn\lmg\dry_fire\plr\dry_fire_00.LN65.pc.snd.wav,,loaded,bus_fx,grp_weapon,snp_wpn_1p,,70,0,93,93,0,5000,5000,allon,default,allon,default,2,8,oldest,oldest,0,0,90,90,0.25,1,2d,front_mostly,nonlooping,,1,0,0,0,0,0.25,no,no,none,0,,no,,,yes,no,no,0,0,yes,no,,0,,no,no,no
wpn_hamr_fire_plr,raw\sound\wpn\lmg\hamr\shot\wpn_hamr_shot_plr.LN65.pc.snd.wav,wpn_hamr_lfe,loaded,bus_fx,grp_weapon,snp_wpn_1p,@ce86373b,70,0,93,93,0,5000,5000,allon,default,allon,default,2,8,oldest,oldest,-25,25,90,90,0.25,1,2d,front_mostly,nonlooping,,1,0,0,0,0,0.25,no,no,none,0,,no,,,yes,no,no,0,0,yes,no,,0,,no,no,no
wpn_hamr_fire_plr_decay,raw\sound\wpn\assault\decay\ext\wpn_assault_decay_ext.LN65.pc.snd.wav,,loaded,bus_fx,grp_weapon,snp_wpn_1p,,55,0,67,67,0,5000,5000,allon,default,allon,default,3,8,oldest,oldest,-250,-200,90,90,0.25,1,2d,quad,nonlooping,,1,75,0,0,0,0.25,no,no,none,0,,no,ringoff_plr,outdoor,yes,no,no,0,0,yes,no,,0,,no,no,no
wpn_hamr_fire_plr_decay,raw\sound\wpn\assault\decay\int\wpn_assault_decay_int.LN65.pc.snd.wav,,loaded,bus_fx,grp_weapon,snp_wpn_1p,,55,0,67,67,0,5000,5000,allon,default,allon,default,3,8,oldest,oldest,-250,-200,90,90,0.25,1,2d,quad,nonlooping,,1,0,0,0,0,0.25,no,no,none,0,,no,ringoff_plr,indoor,yes,no,no,0,0,yes,no,,0,,no,no,no
wpn_hamr_fire_plr_pap,raw\sound\wpn\pap\pap_shot_st.LN65.pc.snd.wav,wpn_hamr_flux_l_plr_pap,loaded,bus_hdrfx,grp_weapon,snp_wpn_1p,,70,0,87,87,0,5000,5000,allon,default,allon,default,1,8,oldest,oldest,0,0,90,90,0.25,1,2d,wpn_all,nonlooping,,1,0,0,0,0,0.25,no,no,none,0,,no,,,yes,no,no,0,0,yes,no,,0,,no,no,no
wpn_hamr_flux_l_plr_pap,raw\sound\wpn\pap\pap_flux_left.LN65.pc.snd.wav,wpn_hamr_flux_r_plr_pap,loaded,bus_fx,grp_weapon,snp_wpn_3p,,84,0,75,75,25,900,900,allon,default,allon,default,8,4,priority,priority,-34,34,85,90,0.25,1,3d,default,nonlooping,pitch,1,0,0,0,0,0.25,no,no,left_shot,4000,,no,,,yes,no,no,0,0,yes,no,,0,,no,no,no
wpn_hamr_flux_r_plr_pap,raw\sound\wpn\pap\pap_flux_right.LN65.pc.snd.wav,wpn_hamr_fire_plr,loaded,bus_fx,grp_weapon,snp_wpn_3p,,84,0,75,75,25,900,900,allon,default,allon,default,8,4,priority,priority,-34,34,85,90,0.25,1,3d,default,nonlooping,pitch,1,0,0,0,0,0.25,no,no,right_shot,4000,,no,,,yes,no,no,0,0,yes,no,,0,,no,no,no
wpn_hamr_lfe,raw\sound\wpn\smg\mp7\plr\lfe\wpn_mp7_fire_lfe.LN65.pc.snd.wav,wpn_hamr_fire_plr_decay,loaded,bus_hdrfx,grp_wpn_lfe,snp_wpn_1p,,0,0,86,86,0,5000,5000,allon,default,allon,default,8,2,priority,oldest,0,0,85,90,0.25,1,2d,lfe,nonlooping,,1,0,0,0,0,0.25,no,no,none,0,,no,,,no,no,no,0,0,yes,no,,0,,no,no,no
wpn_hamr_pickup_plr,raw\sound\fly\pickups\weapon\fly_weapon_pickup_00.LN65.pc.snd.wav,,loaded,bus_fx,grp_foley,snp_foley,,30,0,75,75,0,5000,5000,allon,default,allon,default,1,8,reject,oldest,-88,84,70,70,0.25,1,2d,front,nonlooping,,1,0,0,0,0,0.25,no,yes,none,0,,no,,,yes,no,no,0,0,yes,no,,0,,no,no,no
wpn_hamr_pickup_plr,raw\sound\fly\pickups\weapon\fly_weapon_pickup_01.LN65.pc.snd.wav,,loaded,bus_fx,grp_foley,snp_foley,,30,0,75,75,0,5000,5000,allon,default,allon,default,1,8,reject,oldest,-88,84,70,70,0.25,1,2d,front,nonlooping,,1,0,0,0,0,0.25,no,yes,none,0,,no,,,yes,no,no,0,0,yes,no,,0,,no,no,no
wpn_hamr_raise_plr,raw\sound\fly\gear\rattle\fly_cloth_00.LN65.pc.snd.wav,,loaded,bus_fx,grp_foley,snp_foley,,30,0,86,89,0,5000,5000,allon,default,allon,default,8,8,priority,oldest,-88,84,70,70,0.25,1,2d,front,nonlooping,,1,0,0,0,0,0.25,no,yes,none,0,,no,,,yes,no,no,0,0,yes,no,,0,,no,no,no
wpn_hamr_raise_plr,raw\sound\fly\gear\rattle\fly_cloth_01.LN65.pc.snd.wav,,loaded,bus_fx,grp_foley,snp_foley,,30,0,86,89,0,5000,5000,allon,default,allon,default,8,8,priority,oldest,-88,84,70,70,0.25,1,2d,front,nonlooping,,1,0,0,0,0,0.25,no,yes,none,0,,no,,,yes,no,no,0,0,yes,no,,0,,no,no,no
wpn_hamr_raise_plr,raw\sound\fly\gear\rattle\fly_cloth_02.LN65.pc.snd.wav,,loaded,bus_fx,grp_foley,snp_foley,,30,0,86,89,0,5000,5000,allon,default,allon,default,8,8,priority,oldest,-88,84,70,70,0.25,1,2d,front,nonlooping,,1,0,0,0,0,0.25,no,yes,none,0,,no,,,yes,no,no,0,0,yes,no,,0,,no,no,no
wpn_hamr_raise_plr,raw\sound\fly\gear\rattle\fly_cloth_03.LN65.pc.snd.wav,,loaded,bus_fx,grp_foley,snp_foley,,30,0,86,89,0,5000,5000,allon,default,allon,default,8,8,priority,oldest,-88,84,70,70,0.25,1,2d,front,nonlooping,,1,0,0,0,0,0.25,no,yes,none,0,,no,,,yes,no,no,0,0,yes,no,,0,,no,no,no
wpn_hamr_silencer_fire_plr,raw\sound\wpn\lmg\lsat\plr\shot\silenced\wpn_lsat_sil_shot_plr.LN65.pc.snd.wav,wpn_hamr_silencer_LFE,loaded,bus_fx,grp_weapon,snp_wpn_1p,@36b86475,0,0,93,93,0,5000,5000,allon,default,allon,default,3,8,oldest,oldest,-50,50,90,90,0.25,1,2d,front_mostly,nonlooping,,1,0,0,0,0,0.25,no,no,none,0,,no,,,yes,no,no,0,0,yes,no,,0,,no,no,no
wpn_hamr_silencer_fire_plr_decay,raw\sound\wpn\assault\decay\int\silenced\wpn_aslt_decay_silenced_int.LN65.pc.snd.wav,,loaded,bus_fx,grp_weapon,snp_wpn_1p,,75,0,83,83,0,5000,5000,allon,default,allon,default,3,8,oldest,oldest,-50,50,90,90,0.25,1,2d,front_mostly,nonlooping,,1,0,0,0,0,0.25,no,no,none,0,,no,ringoff_plr,indoor,yes,no,no,0,0,yes,no,,0,,no,no,no
wpn_hamr_silencer_fire_plr_decay,raw\sound\wpn\pistol\decay\ext\silenced\wpn_pistol_decay_silenced_ext.LN65.pc.snd.wav,,loaded,bus_fx,grp_weapon,snp_wpn_1p,,70,0,83,83,0,5000,5000,allon,default,allon,default,3,8,oldest,oldest,-50,50,90,90,0.25,1,2d,front_mostly,nonlooping,,1,0,0,0,0,0.25,no,no,none,0,,no,ringoff_plr,outdoor,yes,no,no,0,0,yes,no,,0,,no,no,no
wpn_hamr_silencer_lfe,raw\sound\wpn\smg\mp7\plr\lfe\wpn_mp7_fire_lfe.LN65.pc.snd.wav,wpn_hamr_silencer_fire_plr_decay,loaded,bus_hdrfx,grp_wpn_lfe,snp_wpn_1p,,0,0,86,86,0,5000,5000,allon,default,allon,default,8,2,priority,oldest,0,0,85,90,0.25,1,2d,lfe,nonlooping,,1,0,0,0,0,0.25,no,no,none,0,,no,,,no,no,no,0,0,yes,no,,0,,no,no,no
wpn_rpg_1straise_plr,raw\sound\fly\heavy_cloth\long\fly_heavy_cloth_long_00.LN65.pc.snd.wav,,loaded,bus_fx,grp_foley,snp_foley,,30,0,86,89,0,5000,5000,allon,default,allon,default,8,8,priority,oldest,-88,84,70,70,0.25,1,2d,front,nonlooping,,1,0,0,0,0,0.25,no,yes,none,0,,no,,,yes,no,no,0,0,yes,no,,0,,no,no,no
wpn_rpg_dryfire_plr,raw\sound\wpn\lmg\dry_fire\plr\dry_fire_00.LN65.pc.snd.wav,,loaded,bus_fx,grp_weapon,snp_wpn_1p,,0,0,80,80,0,5000,5000,allon,default,allon,default,2,8,oldest,oldest,0,0,10,30,0.25,1,2d,front_mostly,nonlooping,,1,0,0,0,0,0.25,no,no,none,0,,no,,,yes,no,no,0,0,yes,no,,0,,no,no,no
wpn_rpg_fire_LFE,raw\sound\wpn\rpg\shot\lfe\wpn_rpg_fire_lfe.LN65.pc.snd.wav,,loaded,bus_hdrfx,grp_wpn_lfe,snp_wpn_1p,,0,0,84,84,0,5000,5000,allon,default,allon,default,8,2,priority,oldest,0,0,85,90,0.25,1,2d,lfe,nonlooping,,1,0,0,0,0,0.25,no,no,none,0,,no,,,no,no,no,0,0,yes,no,,0,,no,no,no
wpn_rpg_fire_plr,raw\sound\wpn\rpg\shot\plr\wpn_rpg_fire_plr.LN65.pc.snd.wav,wpn_rpg_fire_LFE,loaded,bus_fx,grp_weapon,snp_wpn_1p,@e66dfa51,80,0,88,88,0,5000,5000,allon,default,allon,default,1,8,oldest,oldest,0,0,90,90,0.25,1,2d,quad,nonlooping,,1,0,0,0,0,0,no,no,none,0,,no,,,yes,no,no,0,0,yes,no,,0,,no,no,no
wpn_rpg_fire_plr_pap,raw\sound\wpn\pap\pap_shot_st.LN65.pc.snd.wav,wpn_rpg_flux_l_plr_pap,loaded,bus_hdrfx,grp_weapon,snp_wpn_1p,,70,0,87,87,0,5000,5000,allon,default,allon,default,1,8,oldest,oldest,0,0,90,90,0.25,1,2d,wpn_all,nonlooping,,1,0,0,0,0,0.25,no,no,none,0,,no,,,yes,no,no,0,0,yes,no,,0,,no,no,no
wpn_rpg_flux_l_plr_pap,raw\sound\wpn\pap\pap_flux_left.LN65.pc.snd.wav,wpn_rpg_flux_r_plr_pap,loaded,bus_fx,grp_weapon,snp_wpn_3p,,84,0,75,75,25,900,900,allon,default,allon,default,8,4,priority,priority,-34,34,85,90,0.25,1,3d,default,nonlooping,pitch,1,0,0,0,0,0.25,no,no,left_shot,4000,,no,,,yes,no,no,0,0,yes,no,,0,,no,no,no
wpn_rpg_flux_r_plr_pap,raw\sound\wpn\pap\pap_flux_right.LN65.pc.snd.wav,wpn_rpg_fire_plr,loaded,bus_fx,grp_weapon,snp_wpn_3p,,84,0,75,75,25,900,900,allon,default,allon,default,8,4,priority,priority,-34,34,85,90,0.25,1,3d,default,nonlooping,pitch,1,0,0,0,0,0.25,no,no,right_shot,4000,,no,,,yes,no,no,0,0,yes,no,,0,,no,no,no
wpn_rpg_futz,raw\sound\wpn\rocket\rpg\foley\fly_rpg_futz.LN65.pc.snd.wav,,loaded,bus_fx,grp_foley,snp_foley,,30,0,61,64,0,5000,5000,allon,default,allon,default,8,8,priority,oldest,-88,84,70,70,0.25,1,2d,front,nonlooping,,1,0,0,0,0,0.25,no,yes,none,0,,no,,,yes,no,no,0,0,yes,no,,0,,no,no,no
wpn_rpg_lock,raw\sound\wpn\rocket\rpg\foley\fly_rpg_latch.LN65.pc.snd.wav,,loaded,bus_fx,grp_foley,snp_foley,,30,0,86,89,0,5000,5000,allon,default,allon,default,8,8,priority,oldest,-88,84,70,70,0.25,1,2d,front,nonlooping,,1,0,0,0,0,0.25,no,yes,none,0,,no,,,yes,no,no,0,0,yes,no,,0,,no,no,no
wpn_rpg_loop,raw\sound\prj\rocket\rocket_loop.LL65.pc.snd.wav,wpn_rpg_loop_close,loaded,bus_fx,grp_weapon,snp_wpn_3p,,30,0,85,87,50,2250,2500,allon,default,allon,default,8,8,oldest,oldest,300,600,50,90,0.25,1,3d,default,looping,pitch,1,0,25,100,80,0.2,no,no,none,0,,yes,,,yes,no,no,0,0,yes,no,,0,,no,no,no
wpn_rpg_loop_close,raw\sound\prj\rocket\rpg\whoosh\close\close_00.LL65.pc.snd.wav,wpn_rpg_loop_whine,loaded,bus_fx,grp_weapon,snp_wpn_3p,,30,0,75,75,125,375,500,allon,default,allon,default,2,8,priority,oldest,-300,200,50,90,0.25,1,3d,default,looping,pitch,1,0,25,100,80,0.2,no,no,none,0,,yes,,,yes,no,no,0,0,yes,no,,0,,no,no,no
wpn_rpg_loop_close,raw\sound\prj\rocket\rpg\whoosh\close\close_01.LL65.pc.snd.wav,wpn_rpg_loop_whine,loaded,bus_fx,grp_weapon,snp_wpn_3p,,30,0,75,75,125,375,500,allon,default,allon,default,2,8,priority,oldest,-300,200,50,90,0.25,1,3d,default,looping,pitch,1,0,25,100,80,0.2,no,no,none,0,,yes,,,yes,no,no,0,0,yes,no,,0,,no,no,no
wpn_rpg_loop_whine,raw\sound\prj\rocket\rpg\whoosh\whine\whine_00.LL65.pc.snd.wav,,loaded,bus_fx,grp_impacts,snp_wpn_3p,,30,0,75,75,62,200,225,allon,default,allon,default,1,8,priority,oldest,0,300,50,90,0.25,1,3d,default,looping,pitch,1,0,25,100,80,0.2,no,no,none,0,,yes,,,yes,no,no,0,0,yes,no,,0,,no,no,no
wpn_rpg_loop_whine,raw\sound\prj\rocket\rpg\whoosh\whine\whine_03.LL65.pc.snd.wav,,loaded,bus_fx,grp_impacts,snp_wpn_3p,,30,0,75,75,62,200,225,allon,default,allon,default,1,8,priority,oldest,0,300,50,90,0.25,1,3d,default,looping,pitch,1,0,25,100,80,0.2,no,no,none,0,,yes,,,yes,no,no,0,0,yes,no,,0,,no,no,no
wpn_rpg_pickup_plr,raw\sound\fly\pickups\weapon\fly_weapon_pickup_00.LN65.pc.snd.wav,,loaded,bus_fx,grp_foley,snp_foley,,30,0,75,75,0,5000,5000,allon,default,allon,default,1,8,reject,oldest,-88,84,70,70,0.25,1,2d,front,nonlooping,,1,0,0,0,0,0.25,no,yes,none,0,,no,,,yes,no,no,0,0,yes,no,,0,,no,no,no
wpn_rpg_pickup_plr,raw\sound\fly\pickups\weapon\fly_weapon_pickup_01.LN65.pc.snd.wav,,loaded,bus_fx,grp_foley,snp_foley,,30,0,75,75,0,5000,5000,allon,default,allon,default,1,8,reject,oldest,-88,84,70,70,0.25,1,2d,front,nonlooping,,1,0,0,0,0,0.25,no,yes,none,0,,no,,,yes,no,no,0,0,yes,no,,0,,no,no,no
wpn_rpg_raise_plr,raw\sound\fly\heavy_cloth\long\fly_heavy_cloth_long_00.LN65.pc.snd.wav,,loaded,bus_fx,grp_foley,snp_foley,,30,0,86,89,0,5000,5000,allon,default,allon,default,8,8,priority,oldest,-88,84,70,70,0.25,1,2d,front,nonlooping,,1,0,0,0,0,0.25,no,yes,none,0,,no,,,yes,no,no,0,0,yes,no,,0,,no,no,no
wpn_rpg_slide,raw\sound\wpn\rocket\rpg\foley\fly_rpg_slide.LN65.pc.snd.wav,,loaded,bus_fx,grp_foley,snp_foley,,30,0,86,89,0,5000,5000,allon,default,allon,default,8,8,priority,oldest,-88,84,70,70,0.25,1,2d,front,nonlooping,,1,0,0,0,0,0.25,no,yes,none,0,,no,,,yes,no,no,0,0,yes,no,,0,,no,no,no
wpn_rpg_whizby,raw\sound\prj\rocket\whizby\rocket_whizby_00.LN65.pc.snd.wav,wpn_rpg_whizby_lfe,loaded,bus_fx,grp_impacts,snp_wpn_3p,,30,0,97,99,75,425,425,allon,default,allon,default,1,8,priority,oldest,0,300,50,90,0.25,1,3d,default,nonlooping,pitch,1,0,25,100,80,0.2,no,no,none,0,,yes,,,yes,no,no,0,0,yes,no,,0,,no,no,no
wpn_rpg_whizby,raw\sound\prj\rocket\whizby\rocket_whizby_01.LN65.pc.snd.wav,wpn_rpg_whizby_lfe,loaded,bus_fx,grp_impacts,snp_wpn_3p,,30,0,97,99,75,425,425,allon,default,allon,default,1,8,priority,oldest,0,300,50,90,0.25,1,3d,default,nonlooping,pitch,1,0,25,100,80,0.2,no,no,none,0,,yes,,,yes,no,no,0,0,yes,no,,0,,no,no,no
wpn_rpg_whizby,raw\sound\prj\rocket\whizby\rocket_whizby_02.LN65.pc.snd.wav,wpn_rpg_whizby_lfe,loaded,bus_fx,grp_impacts,snp_wpn_3p,,30,0,97,99,75,425,425,allon,default,allon,default,1,8,priority,oldest,0,300,50,90,0.25,1,3d,default,nonlooping,pitch,1,0,25,100,80,0.2,no,no,none,0,,yes,,,yes,no,no,0,0,yes,no,,0,,no,no,no
wpn_rpg_whizby_lfe,raw\sound\prj\rocket\whizby_lfe\rocket_whizby_lfe_00.LN65.pc.snd.wav,,loaded,bus_fx,grp_impacts,snp_wpn_3p,,0,0,95,95,75,425,425,allon,default,allon,default,1,8,priority,oldest,0,0,50,90,0.25,1,3d,lfe,nonlooping,pitch,1,0,25,100,80,0.2,no,no,none,0,,yes,,,yes,no,no,0,0,yes,no,,0,,no,no,no
wpn_rocket_explode,raw\sound\wpn\rocket\exp_rocket\exp\wpn_exp_rocket_00.LN65.pc.snd.wav,wpn_rocket_explode_close,loaded,bus_fx,grp_explosion,snp_explosion,@3bc2ac7,60,0,90,92,750,4500,6000,sindelay,default,sindelay,default,4,8,oldest,oldest,-300,300,90,99,0.25,0.8,3d,default,nonlooping,,1,0,0,0,0,0.1,yes,no,none,0,,no,,,yes,no,no,0,0,yes,no,,0,,no,no,no
wpn_rocket_explode,raw\sound\wpn\rocket\exp_rocket\exp\wpn_exp_rocket_01.LN65.pc.snd.wav,wpn_rocket_explode_close,loaded,bus_fx,grp_explosion,snp_explosion,@3bc2ac7,60,0,90,92,750,4500,6000,sindelay,default,sindelay,default,4,8,oldest,oldest,-300,300,90,99,0.25,0.8,3d,default,nonlooping,,1,0,0,0,0,0.1,yes,no,none,0,,no,,,yes,no,no,0,0,yes,no,,0,,no,no,no
wpn_rocket_explode_asphalt,raw\sound\wpn\grenade\explosion\debris\rock\rock_00.LN65.pc.snd.wav,wpn_rocket_explode,loaded,bus_hdrfx,grp_explosion,snp_explosion,,50,0,90,95,200,475,700,allon,default,allon,default,2,8,priority,oldest,-300,300,20,75,0.25,0.75,3d,default,nonlooping,,1,250,50,200,97,0.4,no,no,none,0,,no,,,yes,no,no,0,0,yes,no,,0,,no,no,no
wpn_rocket_explode_asphalt,raw\sound\wpn\grenade\explosion\debris\rock\rock_01.LN65.pc.snd.wav,wpn_rocket_explode,loaded,bus_hdrfx,grp_explosion,snp_explosion,,50,0,90,95,200,475,700,allon,default,allon,default,2,8,priority,oldest,-300,300,20,75,0.25,0.75,3d,default,nonlooping,,1,250,50,200,97,0.4,no,no,none,0,,no,,,yes,no,no,0,0,yes,no,,0,,no,no,no
wpn_rocket_explode_asphalt,raw\sound\wpn\grenade\explosion\debris\rock\rock_02.LN65.pc.snd.wav,wpn_rocket_explode,loaded,bus_hdrfx,grp_explosion,snp_explosion,,50,0,90,95,200,475,700,allon,default,allon,default,2,8,priority,oldest,-300,300,20,75,0.25,0.75,3d,default,nonlooping,,1,250,50,200,97,0.4,no,no,none,0,,no,,,yes,no,no,0,0,yes,no,,0,,no,no,no
wpn_rocket_explode_bark,raw\sound\wpn\grenade\explosion\debris\dirt\dirt_00.LN65.pc.snd.wav,wpn_rocket_explode,loaded,bus_hdrfx,grp_explosion,snp_explosion,,50,0,90,95,200,475,700,allon,default,allon,default,2,8,priority,oldest,-300,300,20,75,0.25,0.75,3d,default,nonlooping,,1,250,50,200,97,0.4,no,no,none,0,,no,,,yes,no,no,0,0,yes,no,,0,,no,no,no
wpn_rocket_explode_bark,raw\sound\wpn\grenade\explosion\debris\dirt\dirt_01.LN65.pc.snd.wav,wpn_rocket_explode,loaded,bus_hdrfx,grp_explosion,snp_explosion,,50,0,90,95,200,475,700,allon,default,allon,default,2,8,priority,oldest,-300,300,20,75,0.25,0.75,3d,default,nonlooping,,1,250,50,200,97,0.4,no,no,none,0,,no,,,yes,no,no,0,0,yes,no,,0,,no,no,no
wpn_rocket_explode_bark,raw\sound\wpn\grenade\explosion\debris\dirt\dirt_02.LN65.pc.snd.wav,wpn_rocket_explode,loaded,bus_hdrfx,grp_explosion,snp_explosion,,50,0,90,95,200,475,700,allon,default,allon,default,2,8,priority,oldest,-300,300,20,75,0.25,0.75,3d,default,nonlooping,,1,250,50,200,97,0.4,no,no,none,0,,no,,,yes,no,no,0,0,yes,no,,0,,no,no,no
wpn_rocket_explode_brick,raw\sound\wpn\grenade\explosion\debris\rock\rock_00.LN65.pc.snd.wav,wpn_rocket_explode,loaded,bus_hdrfx,grp_explosion,snp_explosion,,50,0,90,95,200,475,700,allon,default,allon,default,2,8,priority,oldest,-300,300,20,75,0.25,0.75,3d,default,nonlooping,,1,250,50,200,97,0.4,no,no,none,0,,no,,,yes,no,no,0,0,yes,no,,0,,no,no,no
wpn_rocket_explode_brick,raw\sound\wpn\grenade\explosion\debris\rock\rock_01.LN65.pc.snd.wav,wpn_rocket_explode,loaded,bus_hdrfx,grp_explosion,snp_explosion,,50,0,90,95,200,475,700,allon,default,allon,default,2,8,priority,oldest,-300,300,20,75,0.25,0.75,3d,default,nonlooping,,1,250,50,200,97,0.4,no,no,none,0,,no,,,yes,no,no,0,0,yes,no,,0,,no,no,no
wpn_rocket_explode_brick,raw\sound\wpn\grenade\explosion\debris\rock\rock_02.LN65.pc.snd.wav,wpn_rocket_explode,loaded,bus_hdrfx,grp_explosion,snp_explosion,,50,0,90,95,200,475,700,allon,default,allon,default,2,8,priority,oldest,-300,300,20,75,0.25,0.75,3d,default,nonlooping,,1,250,50,200,97,0.4,no,no,none,0,,no,,,yes,no,no,0,0,yes,no,,0,,no,no,no
wpn_rocket_explode_carpet,raw\sound\wpn\grenade\explosion\debris\wood\wood_00.LN65.pc.snd.wav,wpn_rocket_explode,loaded,bus_hdrfx,grp_explosion,snp_explosion,,50,0,90,95,200,475,700,allon,default,allon,default,2,8,priority,oldest,-300,300,20,75,0.25,0.75,3d,default,nonlooping,,1,250,50,200,97,0.4,no,no,none,0,,no,,,yes,no,no,0,0,yes,no,,0,,no,no,no
wpn_rocket_explode_carpet,raw\sound\wpn\grenade\explosion\debris\wood\wood_01.LN65.pc.snd.wav,wpn_rocket_explode,loaded,bus_hdrfx,grp_explosion,snp_explosion,,50,0,90,95,200,475,700,allon,default,allon,default,2,8,priority,oldest,-300,300,20,75,0.25,0.75,3d,default,nonlooping,,1,250,50,200,97,0.4,no,no,none,0,,no,,,yes,no,no,0,0,yes,no,,0,,no,no,no
wpn_rocket_explode_carpet,raw\sound\wpn\grenade\explosion\debris\wood\wood_02.LN65.pc.snd.wav,wpn_rocket_explode,loaded,bus_hdrfx,grp_explosion,snp_explosion,,50,0,90,95,200,475,700,allon,default,allon,default,2,8,priority,oldest,-300,300,20,75,0.25,0.75,3d,default,nonlooping,,1,250,50,200,97,0.4,no,no,none,0,,no,,,yes,no,no,0,0,yes,no,,0,,no,no,no
wpn_rocket_explode_ceramic,raw\sound\wpn\grenade\explosion\debris\rock\rock_00.LN65.pc.snd.wav,wpn_rocket_explode,loaded,bus_hdrfx,grp_explosion,snp_explosion,,50,0,90,95,200,475,700,allon,default,allon,default,2,8,priority,oldest,-300,300,20,75,0.25,0.75,3d,default,nonlooping,,1,250,50,200,97,0.4,no,no,none,0,,no,,,yes,no,no,0,0,yes,no,,0,,no,no,no
wpn_rocket_explode_ceramic,raw\sound\wpn\grenade\explosion\debris\rock\rock_01.LN65.pc.snd.wav,wpn_rocket_explode,loaded,bus_hdrfx,grp_explosion,snp_explosion,,50,0,90,95,200,475,700,allon,default,allon,default,2,8,priority,oldest,-300,300,20,75,0.25,0.75,3d,default,nonlooping,,1,250,50,200,97,0.4,no,no,none,0,,no,,,yes,no,no,0,0,yes,no,,0,,no,no,no
wpn_rocket_explode_ceramic,raw\sound\wpn\grenade\explosion\debris\rock\rock_02.LN65.pc.snd.wav,wpn_rocket_explode,loaded,bus_hdrfx,grp_explosion,snp_explosion,,50,0,90,95,200,475,700,allon,default,allon,default,2,8,priority,oldest,-300,300,20,75,0.25,0.75,3d,default,nonlooping,,1,250,50,200,97,0.4,no,no,none,0,,no,,,yes,no,no,0,0,yes,no,,0,,no,no,no
wpn_rocket_explode_close,raw\sound\wpn\rocket\exp_rocket\close\exp_rocket_close_00.LN65.pc.snd.wav,wpn_rocket_explode_sub,loaded,bus_fx,grp_explosion,snp_explosion,,19.234,0,92,95,250,750,750,allon,default,allon,default,4,8,oldest,oldest,-300,300,90,99,0.25,0.8,3d,quad,nonlooping,,1,0,50,500,85,0.2,yes,no,none,0,,no,,,yes,no,no,0,0,yes,no,,0,,no,no,no
wpn_rocket_explode_cloth,raw\sound\wpn\grenade\explosion\debris\dirt\dirt_00.LN65.pc.snd.wav,wpn_rocket_explode,loaded,bus_hdrfx,grp_explosion,snp_explosion,,50,0,90,95,200,475,700,allon,default,allon,default,2,8,priority,oldest,-300,300,20,75,0.25,0.75,3d,default,nonlooping,,1,250,50,200,97,0.4,no,no,none,0,,no,,,yes,no,no,0,0,yes,no,,0,,no,no,no
wpn_rocket_explode_cloth,raw\sound\wpn\grenade\explosion\debris\dirt\dirt_01.LN65.pc.snd.wav,wpn_rocket_explode,loaded,bus_hdrfx,grp_explosion,snp_explosion,,50,0,90,95,200,475,700,allon,default,allon,default,2,8,priority,oldest,-300,300,20,75,0.25,0.75,3d,default,nonlooping,,1,250,50,200,97,0.4,no,no,none,0,,no,,,yes,no,no,0,0,yes,no,,0,,no,no,no
wpn_rocket_explode_cloth,raw\sound\wpn\grenade\explosion\debris\dirt\dirt_02.LN65.pc.snd.wav,wpn_rocket_explode,loaded,bus_hdrfx,grp_explosion,snp_explosion,,50,0,90,95,200,475,700,allon,default,allon,default,2,8,priority,oldest,-300,300,20,75,0.25,0.75,3d,default,nonlooping,,1,250,50,200,97,0.4,no,no,none,0,,no,,,yes,no,no,0,0,yes,no,,0,,no,no,no
wpn_rocket_explode_concrete,raw\sound\wpn\grenade\explosion\debris\rock\rock_00.LN65.pc.snd.wav,wpn_rocket_explode,loaded,bus_hdrfx,grp_explosion,snp_explosion,,50,0,90,95,200,475,700,allon,default,allon,default,2,8,priority,oldest,-300,300,20,75,0.25,0.75,3d,default,nonlooping,,1,250,50,200,97,0.4,no,no,none,0,,no,,,yes,no,no,0,0,yes,no,,0,,no,no,no
wpn_rocket_explode_concrete,raw\sound\wpn\grenade\explosion\debris\rock\rock_01.LN65.pc.snd.wav,wpn_rocket_explode,loaded,bus_hdrfx,grp_explosion,snp_explosion,,50,0,90,95,200,475,700,allon,default,allon,default,2,8,priority,oldest,-300,300,20,75,0.25,0.75,3d,default,nonlooping,,1,250,50,200,97,0.4,no,no,none,0,,no,,,yes,no,no,0,0,yes,no,,0,,no,no,no
wpn_rocket_explode_concrete,raw\sound\wpn\grenade\explosion\debris\rock\rock_02.LN65.pc.snd.wav,wpn_rocket_explode,loaded,bus_hdrfx,grp_explosion,snp_explosion,,50,0,90,95,200,475,700,allon,default,allon,default,2,8,priority,oldest,-300,300,20,75,0.25,0.75,3d,default,nonlooping,,1,250,50,200,97,0.4,no,no,none,0,,no,,,yes,no,no,0,0,yes,no,,0,,no,no,no
wpn_rocket_explode_cushion,raw\sound\wpn\grenade\explosion\debris\dirt\dirt_00.LN65.pc.snd.wav,wpn_rocket_explode,loaded,bus_hdrfx,grp_explosion,snp_explosion,,50,0,90,95,200,475,700,allon,default,allon,default,2,8,priority,oldest,-300,300,20,75,0.25,0.75,3d,default,nonlooping,,1,250,50,200,97,0.4,no,no,none,0,,no,,,yes,no,no,0,0,yes,no,,0,,no,no,no
wpn_rocket_explode_cushion,raw\sound\wpn\grenade\explosion\debris\dirt\dirt_01.LN65.pc.snd.wav,wpn_rocket_explode,loaded,bus_hdrfx,grp_explosion,snp_explosion,,50,0,90,95,200,475,700,allon,default,allon,default,2,8,priority,oldest,-300,300,20,75,0.25,0.75,3d,default,nonlooping,,1,250,50,200,97,0.4,no,no,none,0,,no,,,yes,no,no,0,0,yes,no,,0,,no,no,no
wpn_rocket_explode_cushion,raw\sound\wpn\grenade\explosion\debris\dirt\dirt_02.LN65.pc.snd.wav,wpn_rocket_explode,loaded,bus_hdrfx,grp_explosion,snp_explosion,,50,0,90,95,200,475,700,allon,default,allon,default,2,8,priority,oldest,-300,300,20,75,0.25,0.75,3d,default,nonlooping,,1,250,50,200,97,0.4,no,no,none,0,,no,,,yes,no,no,0,0,yes,no,,0,,no,no,no
wpn_rocket_explode_default,raw\sound\wpn\grenade\explosion\debris\dirt\dirt_00.LN65.pc.snd.wav,wpn_rocket_explode,loaded,bus_hdrfx,grp_explosion,snp_explosion,,50,0,90,95,200,475,700,allon,default,allon,default,2,8,priority,oldest,-300,300,20,75,0.25,0.75,3d,default,nonlooping,,1,250,50,200,97,0.4,no,no,none,0,,no,,,yes,no,no,0,0,yes,no,,0,,no,no,no
wpn_rocket_explode_default,raw\sound\wpn\grenade\explosion\debris\dirt\dirt_01.LN65.pc.snd.wav,wpn_rocket_explode,loaded,bus_hdrfx,grp_explosion,snp_explosion,,50,0,90,95,200,475,700,allon,default,allon,default,2,8,priority,oldest,-300,300,20,75,0.25,0.75,3d,default,nonlooping,,1,250,50,200,97,0.4,no,no,none,0,,no,,,yes,no,no,0,0,yes,no,,0,,no,no,no
wpn_rocket_explode_default,raw\sound\wpn\grenade\explosion\debris\dirt\dirt_02.LN65.pc.snd.wav,wpn_rocket_explode,loaded,bus_hdrfx,grp_explosion,snp_explosion,,50,0,90,95,200,475,700,allon,default,allon,default,2,8,priority,oldest,-300,300,20,75,0.25,0.75,3d,default,nonlooping,,1,250,50,200,97,0.4,no,no,none,0,,no,,,yes,no,no,0,0,yes,no,,0,,no,no,no
wpn_rocket_explode_dirt,raw\sound\wpn\grenade\explosion\debris\dirt\dirt_00.LN65.pc.snd.wav,wpn_rocket_explode,loaded,bus_hdrfx,grp_explosion,snp_explosion,,50,0,90,95,200,475,700,allon,default,allon,default,2,8,priority,oldest,-300,300,20,75,0.25,0.75,3d,default,nonlooping,,1,250,50,200,97,0.4,no,no,none,0,,no,,,yes,no,no,0,0,yes,no,,0,,no,no,no
wpn_rocket_explode_dirt,raw\sound\wpn\grenade\explosion\debris\dirt\dirt_01.LN65.pc.snd.wav,wpn_rocket_explode,loaded,bus_hdrfx,grp_explosion,snp_explosion,,50,0,90,95,200,475,700,allon,default,allon,default,2,8,priority,oldest,-300,300,20,75,0.25,0.75,3d,default,nonlooping,,1,250,50,200,97,0.4,no,no,none,0,,no,,,yes,no,no,0,0,yes,no,,0,,no,no,no
wpn_rocket_explode_dirt,raw\sound\wpn\grenade\explosion\debris\dirt\dirt_02.LN65.pc.snd.wav,wpn_rocket_explode,loaded,bus_hdrfx,grp_explosion,snp_explosion,,50,0,90,95,200,475,700,allon,default,allon,default,2,8,priority,oldest,-300,300,20,75,0.25,0.75,3d,default,nonlooping,,1,250,50,200,97,0.4,no,no,none,0,,no,,,yes,no,no,0,0,yes,no,,0,,no,no,no
wpn_rocket_explode_dist,raw\sound\exp\decay\exp_explosion_decay.LN65.pc.snd.wav,,loaded,bus_fx,grp_explosion,snp_explosion,,80,0,88,90,750,4500,6000,cosdelay,alloff,cosdelay,default,8,8,oldest,oldest,-300,300,70,95,0.25,1,3d,default,nonlooping,,1,250,50,250,97,0,no,yes,none,0,,no,,,yes,no,no,0,0,yes,no,,0,,no,no,no
wpn_rocket_explode_flesh,raw\sound\wpn\grenade\explosion\debris\dirt\dirt_00.LN65.pc.snd.wav,wpn_rocket_explode,loaded,bus_hdrfx,grp_explosion,snp_explosion,,50,0,90,95,200,475,700,allon,default,allon,default,2,8,priority,oldest,-300,300,20,75,0.25,0.75,3d,default,nonlooping,,1,250,50,200,97,0.4,no,no,none,0,,no,,,yes,no,no,0,0,yes,no,,0,,no,no,no
wpn_rocket_explode_flesh,raw\sound\wpn\grenade\explosion\debris\dirt\dirt_01.LN65.pc.snd.wav,wpn_rocket_explode,loaded,bus_hdrfx,grp_explosion,snp_explosion,,50,0,90,95,200,475,700,allon,default,allon,default,2,8,priority,oldest,-300,300,20,75,0.25,0.75,3d,default,nonlooping,,1,250,50,200,97,0.4,no,no,none,0,,no,,,yes,no,no,0,0,yes,no,,0,,no,no,no
wpn_rocket_explode_flesh,raw\sound\wpn\grenade\explosion\debris\dirt\dirt_02.LN65.pc.snd.wav,wpn_rocket_explode,loaded,bus_hdrfx,grp_explosion,snp_explosion,,50,0,90,95,200,475,700,allon,default,allon,default,2,8,priority,oldest,-300,300,20,75,0.25,0.75,3d,default,nonlooping,,1,250,50,200,97,0.4,no,no,none,0,,no,,,yes,no,no,0,0,yes,no,,0,,no,no,no
wpn_rocket_explode_foliage,raw\sound\wpn\grenade\explosion\debris\dirt\dirt_00.LN65.pc.snd.wav,wpn_rocket_explode,loaded,bus_hdrfx,grp_explosion,snp_explosion,,50,0,90,95,200,475,700,allon,default,allon,default,2,8,priority,oldest,-300,300,20,75,0.25,0.75,3d,default,nonlooping,,1,250,50,200,97,0.4,no,no,none,0,,no,,,yes,no,no,0,0,yes,no,,0,,no,no,no
wpn_rocket_explode_foliage,raw\sound\wpn\grenade\explosion\debris\dirt\dirt_01.LN65.pc.snd.wav,wpn_rocket_explode,loaded,bus_hdrfx,grp_explosion,snp_explosion,,50,0,90,95,200,475,700,allon,default,allon,default,2,8,priority,oldest,-300,300,20,75,0.25,0.75,3d,default,nonlooping,,1,250,50,200,97,0.4,no,no,none,0,,no,,,yes,no,no,0,0,yes,no,,0,,no,no,no
wpn_rocket_explode_foliage,raw\sound\wpn\grenade\explosion\debris\dirt\dirt_02.LN65.pc.snd.wav,wpn_rocket_explode,loaded,bus_hdrfx,grp_explosion,snp_explosion,,50,0,90,95,200,475,700,allon,default,allon,default,2,8,priority,oldest,-300,300,20,75,0.25,0.75,3d,default,nonlooping,,1,250,50,200,97,0.4,no,no,none,0,,no,,,yes,no,no,0,0,yes,no,,0,,no,no,no
wpn_rocket_explode_fruit,raw\sound\wpn\grenade\explosion\debris\dirt\dirt_00.LN65.pc.snd.wav,wpn_rocket_explode,loaded,bus_hdrfx,grp_explosion,snp_explosion,,50,0,90,95,200,475,700,allon,default,allon,default,2,8,priority,oldest,-300,300,20,75,0.25,0.75,3d,default,nonlooping,,1,250,50,200,97,0.4,no,no,none,0,,no,,,yes,no,no,0,0,yes,no,,0,,no,no,no
wpn_rocket_explode_fruit,raw\sound\wpn\grenade\explosion\debris\dirt\dirt_01.LN65.pc.snd.wav,wpn_rocket_explode,loaded,bus_hdrfx,grp_explosion,snp_explosion,,50,0,90,95,200,475,700,allon,default,allon,default,2,8,priority,oldest,-300,300,20,75,0.25,0.75,3d,default,nonlooping,,1,250,50,200,97,0.4,no,no,none,0,,no,,,yes,no,no,0,0,yes,no,,0,,no,no,no
wpn_rocket_explode_fruit,raw\sound\wpn\grenade\explosion\debris\dirt\dirt_02.LN65.pc.snd.wav,wpn_rocket_explode,loaded,bus_hdrfx,grp_explosion,snp_explosion,,50,0,90,95,200,475,700,allon,default,allon,default,2,8,priority,oldest,-300,300,20,75,0.25,0.75,3d,default,nonlooping,,1,250,50,200,97,0.4,no,no,none,0,,no,,,yes,no,no,0,0,yes,no,,0,,no,no,no
wpn_rocket_explode_glass,raw\sound\dst\generic\glass\med\glass_break_medium_00.LN65.pc.snd.wav,wpn_rocket_explode,loaded,bus_hdrfx,grp_explosion,snp_explosion,,50,0,90,95,200,475,700,allon,default,allon,default,2,8,priority,oldest,-300,300,20,75,0.25,0.75,3d,default,nonlooping,,1,250,50,200,97,0.4,no,no,none,0,,no,,,yes,no,no,0,0,yes,no,,0,,no,no,no
wpn_rocket_explode_grass,raw\sound\wpn\grenade\explosion\debris\dirt\dirt_00.LN65.pc.snd.wav,wpn_rocket_explode,loaded,bus_hdrfx,grp_explosion,snp_explosion,,50,0,90,95,200,475,700,allon,default,allon,default,2,8,priority,oldest,-300,300,20,75,0.25,0.75,3d,default,nonlooping,,1,250,50,200,97,0.4,no,no,none,0,,no,,,yes,no,no,0,0,yes,no,,0,,no,no,no
wpn_rocket_explode_grass,raw\sound\wpn\grenade\explosion\debris\dirt\dirt_01.LN65.pc.snd.wav,wpn_rocket_explode,loaded,bus_hdrfx,grp_explosion,snp_explosion,,50,0,90,95,200,475,700,allon,default,allon,default,2,8,priority,oldest,-300,300,20,75,0.25,0.75,3d,default,nonlooping,,1,250,50,200,97,0.4,no,no,none,0,,no,,,yes,no,no,0,0,yes,no,,0,,no,no,no
wpn_rocket_explode_grass,raw\sound\wpn\grenade\explosion\debris\dirt\dirt_02.LN65.pc.snd.wav,wpn_rocket_explode,loaded,bus_hdrfx,grp_explosion,snp_explosion,,50,0,90,95,200,475,700,allon,default,allon,default,2,8,priority,oldest,-300,300,20,75,0.25,0.75,3d,default,nonlooping,,1,250,50,200,97,0.4,no,no,none,0,,no,,,yes,no,no,0,0,yes,no,,0,,no,no,no
wpn_rocket_explode_gravel,raw\sound\wpn\grenade\explosion\debris\dirt\dirt_00.LN65.pc.snd.wav,wpn_rocket_explode,loaded,bus_hdrfx,grp_explosion,snp_explosion,,50,0,90,95,200,475,700,allon,default,allon,default,2,8,priority,oldest,-300,300,20,75,0.25,0.75,3d,default,nonlooping,,1,250,50,200,97,0.4,no,no,none,0,,no,,,yes,no,no,0,0,yes,no,,0,,no,no,no
wpn_rocket_explode_gravel,raw\sound\wpn\grenade\explosion\debris\dirt\dirt_01.LN65.pc.snd.wav,wpn_rocket_explode,loaded,bus_hdrfx,grp_explosion,snp_explosion,,50,0,90,95,200,475,700,allon,default,allon,default,2,8,priority,oldest,-300,300,20,75,0.25,0.75,3d,default,nonlooping,,1,250,50,200,97,0.4,no,no,none,0,,no,,,yes,no,no,0,0,yes,no,,0,,no,no,no
wpn_rocket_explode_gravel,raw\sound\wpn\grenade\explosion\debris\dirt\dirt_02.LN65.pc.snd.wav,wpn_rocket_explode,loaded,bus_hdrfx,grp_explosion,snp_explosion,,50,0,90,95,200,475,700,allon,default,allon,default,2,8,priority,oldest,-300,300,20,75,0.25,0.75,3d,default,nonlooping,,1,250,50,200,97,0.4,no,no,none,0,,no,,,yes,no,no,0,0,yes,no,,0,,no,no,no
wpn_rocket_explode_ice,raw\sound\wpn\grenade\explosion\debris\dirt\dirt_00.LN65.pc.snd.wav,wpn_rocket_explode,loaded,bus_hdrfx,grp_explosion,snp_explosion,,50,0,90,95,200,475,700,allon,default,allon,default,2,8,priority,oldest,-300,300,20,75,0.25,0.75,3d,default,nonlooping,,1,250,50,200,97,0.4,no,no,none,0,,no,,,yes,no,no,0,0,yes,no,,0,,no,no,no
wpn_rocket_explode_ice,raw\sound\wpn\grenade\explosion\debris\dirt\dirt_01.LN65.pc.snd.wav,wpn_rocket_explode,loaded,bus_hdrfx,grp_explosion,snp_explosion,,50,0,90,95,200,475,700,allon,default,allon,default,2,8,priority,oldest,-300,300,20,75,0.25,0.75,3d,default,nonlooping,,1,250,50,200,97,0.4,no,no,none,0,,no,,,yes,no,no,0,0,yes,no,,0,,no,no,no
wpn_rocket_explode_ice,raw\sound\wpn\grenade\explosion\debris\dirt\dirt_02.LN65.pc.snd.wav,wpn_rocket_explode,loaded,bus_hdrfx,grp_explosion,snp_explosion,,50,0,90,95,200,475,700,allon,default,allon,default,2,8,priority,oldest,-300,300,20,75,0.25,0.75,3d,default,nonlooping,,1,250,50,200,97,0.4,no,no,none,0,,no,,,yes,no,no,0,0,yes,no,,0,,no,no,no
wpn_rocket_explode_metal,raw\sound\wpn\grenade\explosion\debris\rock\rock_00.LN65.pc.snd.wav,wpn_rocket_explode,loaded,bus_hdrfx,grp_explosion,snp_explosion,,50,0,90,95,200,475,700,allon,default,allon,default,2,8,priority,oldest,-300,300,20,75,0.25,0.75,3d,default,nonlooping,,1,250,50,200,97,0.4,no,no,none,0,,no,,,yes,no,no,0,0,yes,no,,0,,no,no,no
wpn_rocket_explode_metal,raw\sound\wpn\grenade\explosion\debris\rock\rock_01.LN65.pc.snd.wav,wpn_rocket_explode,loaded,bus_hdrfx,grp_explosion,snp_explosion,,50,0,90,95,200,475,700,allon,default,allon,default,2,8,priority,oldest,-300,300,20,75,0.25,0.75,3d,default,nonlooping,,1,250,50,200,97,0.4,no,no,none,0,,no,,,yes,no,no,0,0,yes,no,,0,,no,no,no
wpn_rocket_explode_metal,raw\sound\wpn\grenade\explosion\debris\rock\rock_02.LN65.pc.snd.wav,wpn_rocket_explode,loaded,bus_hdrfx,grp_explosion,snp_explosion,,50,0,90,95,200,475,700,allon,default,allon,default,2,8,priority,oldest,-300,300,20,75,0.25,0.75,3d,default,nonlooping,,1,250,50,200,97,0.4,no,no,none,0,,no,,,yes,no,no,0,0,yes,no,,0,,no,no,no
wpn_rocket_explode_mud,raw\sound\wpn\grenade\explosion\debris\dirt\dirt_00.LN65.pc.snd.wav,wpn_rocket_explode,loaded,bus_hdrfx,grp_explosion,snp_explosion,,50,0,90,95,200,475,700,allon,default,allon,default,2,8,priority,oldest,-300,300,20,75,0.25,0.75,3d,default,nonlooping,,1,250,50,200,97,0.4,no,no,none,0,,no,,,yes,no,no,0,0,yes,no,,0,,no,no,no
wpn_rocket_explode_mud,raw\sound\wpn\grenade\explosion\debris\dirt\dirt_01.LN65.pc.snd.wav,wpn_rocket_explode,loaded,bus_hdrfx,grp_explosion,snp_explosion,,50,0,90,95,200,475,700,allon,default,allon,default,2,8,priority,oldest,-300,300,20,75,0.25,0.75,3d,default,nonlooping,,1,250,50,200,97,0.4,no,no,none,0,,no,,,yes,no,no,0,0,yes,no,,0,,no,no,no
wpn_rocket_explode_mud,raw\sound\wpn\grenade\explosion\debris\dirt\dirt_02.LN65.pc.snd.wav,wpn_rocket_explode,loaded,bus_hdrfx,grp_explosion,snp_explosion,,50,0,90,95,200,475,700,allon,default,allon,default,2,8,priority,oldest,-300,300,20,75,0.25,0.75,3d,default,nonlooping,,1,250,50,200,97,0.4,no,no,none,0,,no,,,yes,no,no,0,0,yes,no,,0,,no,no,no
wpn_rocket_explode_paintedmetal,raw\sound\wpn\grenade\explosion\debris\rock\rock_00.LN65.pc.snd.wav,wpn_rocket_explode,loaded,bus_hdrfx,grp_explosion,snp_explosion,,50,0,90,95,200,475,700,allon,default,allon,default,2,8,priority,oldest,-300,300,20,75,0.25,0.75,3d,default,nonlooping,,1,250,50,200,97,0.4,no,no,none,0,,no,,,yes,no,no,0,0,yes,no,,0,,no,no,no
wpn_rocket_explode_paintedmetal,raw\sound\wpn\grenade\explosion\debris\rock\rock_01.LN65.pc.snd.wav,wpn_rocket_explode,loaded,bus_hdrfx,grp_explosion,snp_explosion,,50,0,90,95,200,475,700,allon,default,allon,default,2,8,priority,oldest,-300,300,20,75,0.25,0.75,3d,default,nonlooping,,1,250,50,200,97,0.4,no,no,none,0,,no,,,yes,no,no,0,0,yes,no,,0,,no,no,no
wpn_rocket_explode_paintedmetal,raw\sound\wpn\grenade\explosion\debris\rock\rock_02.LN65.pc.snd.wav,wpn_rocket_explode,loaded,bus_hdrfx,grp_explosion,snp_explosion,,50,0,90,95,200,475,700,allon,default,allon,default,2,8,priority,oldest,-300,300,20,75,0.25,0.75,3d,default,nonlooping,,1,250,50,200,97,0.4,no,no,none,0,,no,,,yes,no,no,0,0,yes,no,,0,,no,no,no
wpn_rocket_explode_paper,raw\sound\wpn\grenade\explosion\debris\dirt\dirt_00.LN65.pc.snd.wav,wpn_rocket_explode,loaded,bus_hdrfx,grp_explosion,snp_explosion,,50,0,90,95,200,475,700,allon,default,allon,default,2,8,priority,oldest,-300,300,20,75,0.25,0.75,3d,default,nonlooping,,1,250,50,200,97,0.4,no,no,none,0,,no,,,yes,no,no,0,0,yes,no,,0,,no,no,no
wpn_rocket_explode_paper,raw\sound\wpn\grenade\explosion\debris\dirt\dirt_01.LN65.pc.snd.wav,wpn_rocket_explode,loaded,bus_hdrfx,grp_explosion,snp_explosion,,50,0,90,95,200,475,700,allon,default,allon,default,2,8,priority,oldest,-300,300,20,75,0.25,0.75,3d,default,nonlooping,,1,250,50,200,97,0.4,no,no,none,0,,no,,,yes,no,no,0,0,yes,no,,0,,no,no,no
wpn_rocket_explode_paper,raw\sound\wpn\grenade\explosion\debris\dirt\dirt_02.LN65.pc.snd.wav,wpn_rocket_explode,loaded,bus_hdrfx,grp_explosion,snp_explosion,,50,0,90,95,200,475,700,allon,default,allon,default,2,8,priority,oldest,-300,300,20,75,0.25,0.75,3d,default,nonlooping,,1,250,50,200,97,0.4,no,no,none,0,,no,,,yes,no,no,0,0,yes,no,,0,,no,no,no
wpn_rocket_explode_plaster,raw\sound\wpn\grenade\explosion\debris\wood\wood_00.LN65.pc.snd.wav,wpn_rocket_explode,loaded,bus_hdrfx,grp_explosion,snp_explosion,,50,0,90,95,200,475,700,allon,default,allon,default,2,8,priority,oldest,-300,300,20,75,0.25,0.75,3d,default,nonlooping,,1,250,50,200,97,0.4,no,no,none,0,,no,,,yes,no,no,0,0,yes,no,,0,,no,no,no
wpn_rocket_explode_plaster,raw\sound\wpn\grenade\explosion\debris\wood\wood_01.LN65.pc.snd.wav,wpn_rocket_explode,loaded,bus_hdrfx,grp_explosion,snp_explosion,,50,0,90,95,200,475,700,allon,default,allon,default,2,8,priority,oldest,-300,300,20,75,0.25,0.75,3d,default,nonlooping,,1,250,50,200,97,0.4,no,no,none,0,,no,,,yes,no,no,0,0,yes,no,,0,,no,no,no
wpn_rocket_explode_plaster,raw\sound\wpn\grenade\explosion\debris\wood\wood_02.LN65.pc.snd.wav,wpn_rocket_explode,loaded,bus_hdrfx,grp_explosion,snp_explosion,,50,0,90,95,200,475,700,allon,default,allon,default,2,8,priority,oldest,-300,300,20,75,0.25,0.75,3d,default,nonlooping,,1,250,50,200,97,0.4,no,no,none,0,,no,,,yes,no,no,0,0,yes,no,,0,,no,no,no
wpn_rocket_explode_plastic,raw\sound\wpn\grenade\explosion\debris\dirt\dirt_00.LN65.pc.snd.wav,wpn_rocket_explode,loaded,bus_hdrfx,grp_explosion,snp_explosion,,50,0,90,95,200,475,700,allon,default,allon,default,2,8,priority,oldest,-300,300,20,75,0.25,0.75,3d,default,nonlooping,,1,250,50,200,97,0.4,no,no,none,0,,no,,,yes,no,no,0,0,yes,no,,0,,no,no,no
wpn_rocket_explode_plastic,raw\sound\wpn\grenade\explosion\debris\dirt\dirt_01.LN65.pc.snd.wav,wpn_rocket_explode,loaded,bus_hdrfx,grp_explosion,snp_explosion,,50,0,90,95,200,475,700,allon,default,allon,default,2,8,priority,oldest,-300,300,20,75,0.25,0.75,3d,default,nonlooping,,1,250,50,200,97,0.4,no,no,none,0,,no,,,yes,no,no,0,0,yes,no,,0,,no,no,no
wpn_rocket_explode_plastic,raw\sound\wpn\grenade\explosion\debris\dirt\dirt_02.LN65.pc.snd.wav,wpn_rocket_explode,loaded,bus_hdrfx,grp_explosion,snp_explosion,,50,0,90,95,200,475,700,allon,default,allon,default,2,8,priority,oldest,-300,300,20,75,0.25,0.75,3d,default,nonlooping,,1,250,50,200,97,0.4,no,no,none,0,,no,,,yes,no,no,0,0,yes,no,,0,,no,no,no
wpn_rocket_explode_player,raw\sound\wpn\grenade\explosion\debris\dirt\dirt_00.LN65.pc.snd.wav,wpn_rocket_explode,loaded,bus_hdrfx,grp_explosion,snp_explosion,,50,0,90,95,200,475,700,allon,default,allon,default,2,8,priority,oldest,-300,300,20,75,0.25,0.75,3d,default,nonlooping,,1,250,50,200,97,0.4,no,no,none,0,,no,,,yes,no,no,0,0,yes,no,,0,,no,no,no
wpn_rocket_explode_player,raw\sound\wpn\grenade\explosion\debris\dirt\dirt_01.LN65.pc.snd.wav,wpn_rocket_explode,loaded,bus_hdrfx,grp_explosion,snp_explosion,,50,0,90,95,200,475,700,allon,default,allon,default,2,8,priority,oldest,-300,300,20,75,0.25,0.75,3d,default,nonlooping,,1,250,50,200,97,0.4,no,no,none,0,,no,,,yes,no,no,0,0,yes,no,,0,,no,no,no
wpn_rocket_explode_player,raw\sound\wpn\grenade\explosion\debris\dirt\dirt_02.LN65.pc.snd.wav,wpn_rocket_explode,loaded,bus_hdrfx,grp_explosion,snp_explosion,,50,0,90,95,200,475,700,allon,default,allon,default,2,8,priority,oldest,-300,300,20,75,0.25,0.75,3d,default,nonlooping,,1,250,50,200,97,0.4,no,no,none,0,,no,,,yes,no,no,0,0,yes,no,,0,,no,no,no
wpn_rocket_explode_rock,raw\sound\wpn\grenade\explosion\debris\rock\rock_00.LN65.pc.snd.wav,wpn_rocket_explode,loaded,bus_hdrfx,grp_explosion,snp_explosion,,50,0,90,95,200,475,700,allon,default,allon,default,2,8,priority,oldest,-300,300,20,75,0.25,0.75,3d,default,nonlooping,,1,250,50,200,97,0.4,no,no,none,0,,no,,,yes,no,no,0,0,yes,no,,0,,no,no,no
wpn_rocket_explode_rock,raw\sound\wpn\grenade\explosion\debris\rock\rock_01.LN65.pc.snd.wav,wpn_rocket_explode,loaded,bus_hdrfx,grp_explosion,snp_explosion,,50,0,90,95,200,475,700,allon,default,allon,default,2,8,priority,oldest,-300,300,20,75,0.25,0.75,3d,default,nonlooping,,1,250,50,200,97,0.4,no,no,none,0,,no,,,yes,no,no,0,0,yes,no,,0,,no,no,no
wpn_rocket_explode_rock,raw\sound\wpn\grenade\explosion\debris\rock\rock_02.LN65.pc.snd.wav,wpn_rocket_explode,loaded,bus_hdrfx,grp_explosion,snp_explosion,,50,0,90,95,200,475,700,allon,default,allon,default,2,8,priority,oldest,-300,300,20,75,0.25,0.75,3d,default,nonlooping,,1,250,50,200,97,0.4,no,no,none,0,,no,,,yes,no,no,0,0,yes,no,,0,,no,no,no
wpn_rocket_explode_rubber,raw\sound\wpn\grenade\explosion\debris\dirt\dirt_00.LN65.pc.snd.wav,wpn_rocket_explode,loaded,bus_hdrfx,grp_explosion,snp_explosion,,50,0,90,95,200,475,700,allon,default,allon,default,2,8,priority,oldest,-300,300,20,75,0.25,0.75,3d,default,nonlooping,,1,250,50,200,97,0.4,no,no,none,0,,no,,,yes,no,no,0,0,yes,no,,0,,no,no,no
wpn_rocket_explode_rubber,raw\sound\wpn\grenade\explosion\debris\dirt\dirt_01.LN65.pc.snd.wav,wpn_rocket_explode,loaded,bus_hdrfx,grp_explosion,snp_explosion,,50,0,90,95,200,475,700,allon,default,allon,default,2,8,priority,oldest,-300,300,20,75,0.25,0.75,3d,default,nonlooping,,1,250,50,200,97,0.4,no,no,none,0,,no,,,yes,no,no,0,0,yes,no,,0,,no,no,no
wpn_rocket_explode_rubber,raw\sound\wpn\grenade\explosion\debris\dirt\dirt_02.LN65.pc.snd.wav,wpn_rocket_explode,loaded,bus_hdrfx,grp_explosion,snp_explosion,,50,0,90,95,200,475,700,allon,default,allon,default,2,8,priority,oldest,-300,300,20,75,0.25,0.75,3d,default,nonlooping,,1,250,50,200,97,0.4,no,no,none,0,,no,,,yes,no,no,0,0,yes,no,,0,,no,no,no
wpn_rocket_explode_sand,raw\sound\wpn\grenade\explosion\debris\dirt\dirt_00.LN65.pc.snd.wav,wpn_rocket_explode,loaded,bus_hdrfx,grp_explosion,snp_explosion,,50,0,90,95,200,475,700,allon,default,allon,default,2,8,priority,oldest,-300,300,20,75,0.25,0.75,3d,default,nonlooping,,1,250,50,200,97,0.4,no,no,none,0,,no,,,yes,no,no,0,0,yes,no,,0,,no,no,no
wpn_rocket_explode_sand,raw\sound\wpn\grenade\explosion\debris\dirt\dirt_01.LN65.pc.snd.wav,wpn_rocket_explode,loaded,bus_hdrfx,grp_explosion,snp_explosion,,50,0,90,95,200,475,700,allon,default,allon,default,2,8,priority,oldest,-300,300,20,75,0.25,0.75,3d,default,nonlooping,,1,250,50,200,97,0.4,no,no,none,0,,no,,,yes,no,no,0,0,yes,no,,0,,no,no,no
wpn_rocket_explode_sand,raw\sound\wpn\grenade\explosion\debris\dirt\dirt_02.LN65.pc.snd.wav,wpn_rocket_explode,loaded,bus_hdrfx,grp_explosion,snp_explosion,,50,0,90,95,200,475,700,allon,default,allon,default,2,8,priority,oldest,-300,300,20,75,0.25,0.75,3d,default,nonlooping,,1,250,50,200,97,0.4,no,no,none,0,,no,,,yes,no,no,0,0,yes,no,,0,,no,no,no
wpn_rocket_explode_snow,raw\sound\wpn\grenade\explosion\debris\dirt\dirt_00.LN65.pc.snd.wav,wpn_rocket_explode,loaded,bus_hdrfx,grp_explosion,snp_explosion,,50,0,90,95,200,475,700,allon,default,allon,default,2,8,priority,oldest,-300,300,20,75,0.25,0.75,3d,default,nonlooping,,1,250,50,200,97,0.4,no,no,none,0,,no,,,yes,no,no,0,0,yes,no,,0,,no,no,no
wpn_rocket_explode_snow,raw\sound\wpn\grenade\explosion\debris\dirt\dirt_01.LN65.pc.snd.wav,wpn_rocket_explode,loaded,bus_hdrfx,grp_explosion,snp_explosion,,50,0,90,95,200,475,700,allon,default,allon,default,2,8,priority,oldest,-300,300,20,75,0.25,0.75,3d,default,nonlooping,,1,250,50,200,97,0.4,no,no,none,0,,no,,,yes,no,no,0,0,yes,no,,0,,no,no,no
wpn_rocket_explode_snow,raw\sound\wpn\grenade\explosion\debris\dirt\dirt_02.LN65.pc.snd.wav,wpn_rocket_explode,loaded,bus_hdrfx,grp_explosion,snp_explosion,,50,0,90,95,200,475,700,allon,default,allon,default,2,8,priority,oldest,-300,300,20,75,0.25,0.75,3d,default,nonlooping,,1,250,50,200,97,0.4,no,no,none,0,,no,,,yes,no,no,0,0,yes,no,,0,,no,no,no
wpn_rocket_explode_sub,raw\sound\wpn\rocket\rpg\explode\sub\wpn_rpg_sub_thump_00.LN65.pc.snd.wav,wpn_rocket_explode_dist,loaded,bus_hdrfx,grp_lfe,snp_explosion,,0,0,86,89,250,1250,1250,allon,default,allon,default,4,8,oldest,oldest,0,0,25,80,0.25,0.75,3d,lfe,nonlooping,,1,0,0,0,0,0,yes,no,none,0,,no,,,yes,no,no,0,0,yes,no,,0,,no,no,no
wpn_rocket_explode_tallgrass,raw\sound\wpn\grenade\explosion\debris\dirt\dirt_00.LN65.pc.snd.wav,wpn_rocket_explode,loaded,bus_hdrfx,grp_explosion,snp_explosion,,50,0,90,95,200,475,700,allon,default,allon,default,2,8,priority,oldest,-300,300,20,75,0.25,0.75,3d,default,nonlooping,,1,250,50,200,97,0.4,no,no,none,0,,no,,,yes,no,no,0,0,yes,no,,0,,no,no,no
wpn_rocket_explode_tallgrass,raw\sound\wpn\grenade\explosion\debris\dirt\dirt_01.LN65.pc.snd.wav,wpn_rocket_explode,loaded,bus_hdrfx,grp_explosion,snp_explosion,,50,0,90,95,200,475,700,allon,default,allon,default,2,8,priority,oldest,-300,300,20,75,0.25,0.75,3d,default,nonlooping,,1,250,50,200,97,0.4,no,no,none,0,,no,,,yes,no,no,0,0,yes,no,,0,,no,no,no
wpn_rocket_explode_tallgrass,raw\sound\wpn\grenade\explosion\debris\dirt\dirt_02.LN65.pc.snd.wav,wpn_rocket_explode,loaded,bus_hdrfx,grp_explosion,snp_explosion,,50,0,90,95,200,475,700,allon,default,allon,default,2,8,priority,oldest,-300,300,20,75,0.25,0.75,3d,default,nonlooping,,1,250,50,200,97,0.4,no,no,none,0,,no,,,yes,no,no,0,0,yes,no,,0,,no,no,no
wpn_rocket_explode_water,raw\sound\wpn\grenade\explosion\debris\water\new\mn\splash_01_mn.LN65.pc.snd.wav,wpn_rocket_explode,loaded,bus_hdrfx,grp_explosion,snp_explosion,,50,0,90,95,200,475,700,allon,default,allon,default,10,8,oldest,oldest,-300,300,20,75,0.25,0.75,3d,default,nonlooping,,1,350,50,200,97,0.4,no,no,none,0,,no,,,yes,no,no,0,0,yes,no,,0,,no,no,no
wpn_rocket_explode_water,raw\sound\wpn\grenade\explosion\debris\water\new\mn\splash_02_mn.LN65.pc.snd.wav,wpn_rocket_explode,loaded,bus_hdrfx,grp_explosion,snp_explosion,,50,0,90,95,200,475,700,allon,default,allon,default,10,8,oldest,oldest,-300,300,20,75,0.25,0.75,3d,default,nonlooping,,1,350,50,200,97,0.4,no,no,none,0,,no,,,yes,no,no,0,0,yes,no,,0,,no,no,no
wpn_rocket_explode_water_2,raw\sound\wpn\grenade\explosion\debris\water\new\mn\splash_01_mn.LN65.pc.snd.wav,wpn_rocket_explode,loaded,bus_hdrfx,grp_explosion,snp_explosion,,50,0,90,95,200,475,700,allon,default,allon,default,10,8,oldest,oldest,-300,300,20,75,0.25,0.75,3d,default,nonlooping,,1,350,50,200,97,0.4,no,no,none,0,,no,,,yes,no,no,0,0,yes,no,,0,,no,no,no
wpn_rocket_explode_water_2,raw\sound\wpn\grenade\explosion\debris\water\new\mn\splash_02_mn.LN65.pc.snd.wav,wpn_rocket_explode,loaded,bus_hdrfx,grp_explosion,snp_explosion,,50,0,90,95,200,475,700,allon,default,allon,default,10,8,oldest,oldest,-300,300,20,75,0.25,0.75,3d,default,nonlooping,,1,350,50,200,97,0.4,no,no,none,0,,no,,,yes,no,no,0,0,yes,no,,0,,no,no,no
wpn_rocket_explode_wood,raw\sound\wpn\grenade\explosion\debris\wood\wood_00.LN65.pc.snd.wav,wpn_rocket_explode,loaded,bus_hdrfx,grp_explosion,snp_explosion,,50,0,90,95,200,475,700,allon,default,allon,default,2,8,priority,oldest,-300,300,20,75,0.25,0.75,3d,default,nonlooping,,1,250,50,200,97,0.4,no,no,none,0,,no,,,yes,no,no,0,0,yes,no,,0,,no,no,no
wpn_rocket_explode_wood,raw\sound\wpn\grenade\explosion\debris\wood\wood_01.LN65.pc.snd.wav,wpn_rocket_explode,loaded,bus_hdrfx,grp_explosion,snp_explosion,,50,0,90,95,200,475,700,allon,default,allon,default,2,8,priority,oldest,-300,300,20,75,0.25,0.75,3d,default,nonlooping,,1,250,50,200,97,0.4,no,no,none,0,,no,,,yes,no,no,0,0,yes,no,,0,,no,no,no
wpn_rocket_explode_wood,raw\sound\wpn\grenade\explosion\debris\wood\wood_02.LN65.pc.snd.wav,wpn_rocket_explode,loaded,bus_hdrfx,grp_explosion,snp_explosion,,50,0,90,95,200,475,700,allon,default,allon,default,2,8,priority,oldest,-300,300,20,75,0.25,0.75,3d,default,nonlooping,,1,250,50,200,97,0.4,no,no,none,0,,no,,,yes,no,no,0,0,yes,no,,0,,no,no,no
wpn_rocket_futz_npc,raw\sound\wpn\rocket\rpg\foley\fly_rpg_futz.LN65.pc.snd.wav,,loaded,bus_fx,grp_foley,snp_foley,,30,0,61,64,75,500,500,allon,default,allon,default,4,8,priority,oldest,-90,90,15,30,0.25,1,3d,default,nonlooping,,1,0,25,250,75,0.25,no,yes,none,0,,no,,,yes,no,no,0,0,yes,no,,0,,no,no,no
wpn_rocket_lock_npc,raw\sound\wpn\rocket\rpg\foley\fly_rpg_latch.LN65.pc.snd.wav,,loaded,bus_fx,grp_foley,snp_foley,,30,0,75,75,75,500,500,allon,default,allon,default,4,8,priority,oldest,-90,90,15,30,0.25,1,3d,default,nonlooping,,1,0,25,250,75,0.25,no,yes,none,0,,no,,,yes,no,no,0,0,yes,no,,0,,no,no,no
wpn_rocket_slide_npc,raw\sound\wpn\rocket\rpg\foley\fly_rpg_slide.LN65.pc.snd.wav,,loaded,bus_fx,grp_foley,snp_foley,,30,0,75,75,75,500,500,allon,default,allon,default,4,8,priority,oldest,-90,90,15,30,0.25,1,3d,default,nonlooping,,1,0,25,250,75,0.25,no,yes,none,0,,no,,,yes,no,no,0,0,yes,no,,0,,no,no,no
wpn_ray_reload_battery_in,raw\sound\wpn\energy\raygun\reload\plr\wpn_ray_reload_battery.LN65.pc.snd.wav,,loaded,bus_fx,grp_foley,snp_foley,,30,93,80,80,0,5000,5000,allon,default,allon,default,8,8,priority,oldest,-88,84,80,95,0.55,1,2d,front,nonlooping,,1,0,0,0,0,0.25,no,yes,none,0,,no,,,yes,no,no,0,0,yes,no,,0,,no,no,no
wpn_ray_reload_battery_out,raw\sound\wpn\energy\raygun\reload\plr\wpn_ray_reload_battery_out.LN65.pc.snd.wav,,loaded,bus_fx,grp_foley,snp_foley,,30,93,80,80,0,5000,5000,allon,default,allon,default,8,8,priority,oldest,-88,84,80,95,0.55,1,2d,front,nonlooping,,1,0,0,0,0,0.25,no,yes,none,0,,no,,,yes,no,no,0,0,yes,no,,0,,no,no,no
wpn_ray_reload_close,raw\sound\wpn\energy\raygun\reload\plr\wpn_ray_reload_close.LN65.pc.snd.wav,,loaded,bus_fx,grp_foley,snp_foley,,30,93,80,80,0,5000,5000,allon,default,allon,default,8,8,priority,oldest,-88,84,80,95,0.55,1,2d,front,nonlooping,,1,0,0,0,0,0.25,no,yes,none,0,,no,,,yes,no,no,0,0,yes,no,,0,,no,no,no
wpn_ray_reload_open,raw\sound\wpn\energy\raygun\reload\plr\wpn_ray_reload_open.LN65.pc.snd.wav,,loaded,bus_fx,grp_foley,snp_foley,,30,93,80,80,0,5000,5000,allon,default,allon,default,8,8,priority,oldest,-88,84,80,95,0.55,1,2d,front,nonlooping,,1,0,0,0,0,0.25,no,yes,none,0,,no,,,yes,no,no,0,0,yes,no,,0,,no,no,no
wpn_rgun_exp,raw\sound\wpn\energy\raygun\projectile\impact\wpn_ray_exp.LN65.pc.snd.wav,wpn_rgun_exp_cl,loaded,bus_fx,grp_weapon,snp_wpn_3p,,80,0,85,85,600,4000,4000,allon,default,rcurve1,default,10,3,priority,oldest,-34,34,70,90,0.25,1,3d,default,nonlooping,pitch,1,0,0,0,0,0.25,yes,no,none,0,,no,,,yes,no,no,0,0,yes,no,,0,,no,no,no
wpn_rgun_exp_cl,raw\sound\wpn\energy\raygun\projectile\impact\wpn_ray_exp_cl.LN65.pc.snd.wav,wpn_rgun_exp_flux_l,loaded,bus_fx,grp_weapon,snp_wpn_3p,,80,0,83,83,125,200,4000,allon,default,rcurve1,default,10,3,priority,oldest,-34,34,70,90,0.25,1,3d,default,nonlooping,pitch,1,250,0,0,0,0.25,yes,no,none,0,,no,,,yes,no,no,0,0,yes,no,,0,,no,no,no
wpn_rgun_exp_flux_l,raw\sound\wpn\energy\raygun\flux\wpn_ray_flux_l.LN65.pc.snd.wav,wpn_rgun_exp_flux_r,loaded,bus_fx,grp_weapon,snp_wpn_3p,,90,0,79,79,100,900,4000,allon,default,rcurve1,default,3,3,oldest,oldest,-617,-386,90,90,0.25,1,3d,default,nonlooping,pitch,1,125,0,0,0,0.25,no,no,left_player,3000,,no,,,yes,no,no,0,0,yes,no,,0,,no,no,no
wpn_rgun_exp_flux_r,raw\sound\wpn\energy\raygun\flux\wpn_ray_flux_r.LN65.pc.snd.wav,,loaded,bus_fx,grp_weapon,snp_wpn_3p,,90,0,79,79,100,900,4000,allon,default,rcurve1,default,3,3,oldest,oldest,-617,-386,90,90,0.25,1,3d,default,nonlooping,pitch,1,250,0,0,0,0.25,no,no,right_player,3000,,no,,,yes,no,no,0,0,yes,no,,0,,no,no,no
wpn_rgun_fire_act_npc,raw\sound\wpn\energy\raygun\npc\act\act_00.LN65.pc.snd.wav,wpn_rgun_flux_l_npc,loaded,bus_fx,grp_weapon,snp_wpn_3p,,80,0,80,80,50,200,4000,allon,default,rcurve1,default,3,3,oldest,oldest,0,0,70,90,0.25,1,3d,default,nonlooping,pitch,1,0,0,0,0,0.25,no,no,none,0,,no,,,yes,no,no,0,0,yes,no,,0,,no,no,no
wpn_rgun_fire_act_plr,raw\sound\wpn\energy\raygun\plr\act\act_00.LN65.pc.snd.wav,wpn_rgun_flux_l_plr,loaded,bus_hdrfx,grp_weapon,snp_wpn_1p,,70,0,79,79,0,5000,5000,allon,default,allon,default,3,8,oldest,oldest,0,0,90,90,0.25,1,2d,wpn_all,nonlooping,,1,0,0,0,0,0.25,no,no,none,0,,no,,,yes,no,no,0,0,yes,no,,0,,no,no,no
wpn_rgun_fire_npc,raw\sound\wpn\energy\raygun\npc\shot\shot_00.LN65.pc.snd.wav,wpn_rgun_fire_act_npc,loaded,bus_fx,grp_weapon,snp_wpn_3p,,80,0,85,85,125,2000,4000,allon,default,rcurve1,default,1,3,oldest,oldest,-34,34,70,90,0.25,1,3d,default,nonlooping,pitch,1,0,0,0,0,0.25,no,no,none,0,,no,,,yes,no,no,0,0,yes,no,,0,,no,no,no
wpn_rgun_fire_plr,raw\sound\wpn\energy\raygun\plr\shot\ray_shot_f.LN65.pc.snd.wav,wpn_rgun_fire_rear_plr,loaded,bus_hdrfx,grp_weapon,snp_wpn_1p,,70,0,85,85,0,5000,5000,allon,default,allon,default,2,8,oldest,oldest,-34,34,90,90,0.25,1,2d,wpn_all,nonlooping,,1,0,0,0,0,0.25,no,no,none,0,,no,,,yes,no,no,0,0,yes,no,,0,,no,no,no
wpn_rgun_fire_rear_plr,raw\sound\wpn\energy\raygun\plr\shot\ray_shot_sr.LN65.pc.snd.wav,wpn_rgun_fire_act_plr,loaded,bus_hdrfx,grp_weapon,snp_wpn_1p,,70,0,80,80,0,5000,5000,allon,default,allon,default,2,8,oldest,oldest,-34,34,90,90,0.25,1,2d,wpn_rear,nonlooping,,1,50,0,0,0,0.25,no,no,none,0,,no,,,yes,no,no,0,0,yes,no,,0,,no,no,no
wpn_rgun_flux_l_npc,raw\sound\wpn\energy\raygun\flux\wpn_ray_flux_l.LN65.pc.snd.wav,wpn_rgun_flux_r_npc,loaded,bus_fx,grp_explosion,snp_explosion,,70,0,79,79,100,900,900,allon,default,allon,default,3,8,oldest,oldest,-34,34,90,90,0.25,1,3d,default,nonlooping,,1,75,0,0,0,0.25,no,no,left_shot,2000,,no,,,yes,no,no,0,0,yes,no,,0,,no,no,no
wpn_rgun_flux_l_plr,raw\sound\wpn\energy\raygun\flux\wpn_ray_flux_l.LN65.pc.snd.wav,wpn_rgun_flux_r_plr,loaded,bus_fx,grp_explosion,snp_explosion,,90,0,79,79,100,1000,1000,allon,default,allon,default,3,8,oldest,oldest,-34,34,90,90,0.25,1,3d,default,nonlooping,,1,75,0,0,0,0.25,no,no,left_shot,2000,,no,,,yes,no,no,0,0,yes,no,,0,,no,no,no
wpn_rgun_flux_r_npc,raw\sound\wpn\energy\raygun\flux\wpn_ray_flux_r.LN65.pc.snd.wav,,loaded,bus_fx,grp_explosion,snp_explosion,,70,0,79,79,100,900,900,allon,default,allon,default,3,8,oldest,oldest,0,0,90,90,0.25,1,3d,default,nonlooping,,1,100,0,0,0,0.25,no,no,right_shot,2000,,no,,,yes,no,no,0,0,yes,no,,0,,no,no,no
wpn_rgun_flux_r_plr,raw\sound\wpn\energy\raygun\flux\wpn_ray_flux_r.LN65.pc.snd.wav,,loaded,bus_fx,grp_explosion,snp_explosion,,90,0,79,79,100,1000,1000,allon,default,allon,default,3,8,oldest,oldest,0,0,90,90,0.25,1,3d,default,nonlooping,,1,100,0,0,0,0.25,no,no,right_shot,2000,,no,,,yes,no,no,0,0,yes,no,,0,,no,no,no
wpn_rgun_loop,raw\sound\wpn\energy\raygun\projectile\loop\wpn_ray_loop.LL65.pc.snd.wav,,loaded,bus_fx,grp_weapon,snp_wpn_3p,,80,0,78,78,150,2000,4000,allon,default,rcurve1,default,10,3,priority,oldest,-34,34,70,90,0.25,1,3d,default,looping,pitch,1,0,0,0,0,0.25,yes,no,none,0,,yes,,,yes,no,no,0,0,yes,no,,0,,no,no,no
wpn_bal_knife_fire_npc,raw\sound\wpn\melee\ballistic_knife\plr\shot\shot_00.LN65.pc.snd.wav,,loaded,bus_fx,grp_weapon,snp_wpn_3p,,65,0,88,88,5,375,901,cosdelay,alloff,cosdelay,default,6,1,priority,reject,-80,80,85,90,0.25,0.8,3d,default,nonlooping,pitch,1,0,0,0,0,0.25,no,no,none,0,,no,,,yes,no,no,0,0,yes,no,,0,,no,no,no
wpn_bal_knife_fire_npc,raw\sound\wpn\melee\ballistic_knife\plr\shot\shot_01.LN65.pc.snd.wav,,loaded,bus_fx,grp_weapon,snp_wpn_3p,,65,0,88,88,5,375,901,cosdelay,alloff,cosdelay,default,6,1,priority,reject,-80,80,85,90,0.25,0.8,3d,default,nonlooping,pitch,1,0,0,0,0,0.25,no,no,none,0,,no,,,yes,no,no,0,0,yes,no,,0,,no,no,no
wpn_bal_knife_fire_npc,raw\sound\wpn\melee\ballistic_knife\plr\shot\shot_02.LN65.pc.snd.wav,,loaded,bus_fx,grp_weapon,snp_wpn_3p,,65,0,88,88,5,375,901,cosdelay,alloff,cosdelay,default,6,1,priority,reject,-80,80,85,90,0.25,0.8,3d,default,nonlooping,pitch,1,0,0,0,0,0.25,no,no,none,0,,no,,,yes,no,no,0,0,yes,no,,0,,no,no,no
wpn_bal_knife_fire_npc_pap,raw\sound\wpn\pap\pap_shot_m.LN65.pc.snd.wav,wpn_bal_knife_flux_l_npc_pap,loaded,bus_fx,grp_weapon,snp_wpn_3p,,80,0,82,82,75,1250,1250,allon,default,allon,default,10,3,priority,oldest,-100,100,50,90,0.35,1,3d,default,nonlooping,pitch,1,0,0,0,0,0.25,no,no,none,0,,no,,,yes,no,no,0,0,yes,no,,0,,no,no,no
wpn_bal_knife_fire_plr,raw\sound\wpn\melee\ballistic_knife\plr\shot\shot_00.LN65.pc.snd.wav,,loaded,bus_fx,grp_weapon,snp_wpn_1p,,65,0,71,72,0,5000,5000,allon,default,allon,default,8,2,priority,oldest,-80,80,90,90,0.25,1,2d,front_mostly,nonlooping,,1,0,0,0,0,0.25,no,no,none,0,,no,,,yes,no,no,0,0,yes,no,,0,,no,no,no
wpn_bal_knife_fire_plr,raw\sound\wpn\melee\ballistic_knife\plr\shot\shot_01.LN65.pc.snd.wav,,loaded,bus_fx,grp_weapon,snp_wpn_1p,,65,0,71,72,0,5000,5000,allon,default,allon,default,8,2,priority,oldest,-80,80,90,90,0.25,1,2d,front_mostly,nonlooping,,1,0,0,0,0,0.25,no,no,none,0,,no,,,yes,no,no,0,0,yes,no,,0,,no,no,no
wpn_bal_knife_fire_plr,raw\sound\wpn\melee\ballistic_knife\plr\shot\shot_02.LN65.pc.snd.wav,,loaded,bus_fx,grp_weapon,snp_wpn_1p,,65,0,71,72,0,5000,5000,allon,default,allon,default,8,2,priority,oldest,-80,80,90,90,0.25,1,2d,front_mostly,nonlooping,,1,0,0,0,0,0.25,no,no,none,0,,no,,,yes,no,no,0,0,yes,no,,0,,no,no,no
fly_bal_knife_load,raw\sound\wpn\melee\ballistic_knife\foley\bal_knife_load.LN65.pc.snd.wav,,loaded,bus_fx,grp_foley,snp_foley,,30,0,86,89,0,5000,5000,allon,default,allon,default,8,8,priority,oldest,-88,84,70,70,0.25,1,2d,front,nonlooping,,1,0,0,0,0,0.25,no,yes,none,0,,no,,,yes,no,no,0,0,yes,no,,0,,no,no,no
fly_bal_knife_load_npc,raw\sound\wpn\melee\ballistic_knife\foley\bal_knife_load.LN65.pc.snd.wav,,loaded,bus_fx,grp_foley,snp_foley,,30,0,75,75,75,500,500,allon,default,allon,default,4,8,priority,oldest,-90,90,15,30,0.25,1,3d,default,nonlooping,,1,0,25,250,75,0.25,no,yes,none,0,,no,,,yes,no,no,0,0,yes,no,,0,,no,no,no
fly_barrettm82_bolt_back,raw\sound\wpn\sniper\reload\fly_sniper_bb.LN65.pc.snd.wav,prj_brass_impact_plr_large_dirt,loaded,bus_fx,grp_foley,snp_foley,,30,0,86,89,0,5000,5000,allon,default,allon,default,8,8,priority,oldest,-88,84,70,70,0.25,1,2d,front,nonlooping,,1,0,0,0,0,0.25,no,yes,none,0,,no,,,yes,no,no,0,0,yes,no,,0,,no,no,no
fly_barrettm82_bolt_down,raw\sound\wpn\sniper\reload\fly_sniper_bd.LN65.pc.snd.wav,,loaded,bus_fx,grp_foley,snp_foley,,30,0,86,89,0,5000,5000,allon,default,allon,default,8,8,priority,oldest,-88,84,70,70,0.25,1,2d,front,nonlooping,,1,0,0,0,0,0.25,no,yes,none,0,,no,,,yes,no,no,0,0,yes,no,,0,,no,no,no
fly_barrettm82_bolt_forward,raw\sound\wpn\sniper\reload\fly_sniper_bf.LN65.pc.snd.wav,,loaded,bus_fx,grp_foley,snp_foley,,30,0,86,89,0,5000,5000,allon,default,allon,default,8,8,priority,oldest,-88,84,70,70,0.25,1,2d,front,nonlooping,,1,0,0,0,0,0.25,no,yes,none,0,,no,,,yes,no,no,0,0,yes,no,,0,,no,no,no
fly_barrettm82_bolt_up,raw\sound\wpn\sniper\reload\fly_sniper_bu.LN65.pc.snd.wav,,loaded,bus_fx,grp_foley,snp_foley,,30,0,86,89,0,5000,5000,allon,default,allon,default,8,8,priority,oldest,-88,84,70,70,0.25,1,2d,front,nonlooping,,1,0,0,0,0,0.25,no,yes,none,0,,no,,,yes,no,no,0,0,yes,no,,0,,no,no,no
fly_barrettm82_dial_sight,raw\sound\wpn\rocket\m202\foley\fly_m202_flip_sight.LN65.pc.snd.wav,,loaded,bus_fx,grp_foley,snp_foley,,30,0,86,89,0,5000,5000,allon,default,allon,default,8,8,priority,oldest,-88,84,70,70,0.25,1,2d,front,nonlooping,,1,0,0,0,0,0.25,no,yes,none,0,,no,,,yes,no,no,0,0,yes,no,,0,,no,no,no
fly_barrettm82_mag_in,raw\sound\wpn\sniper\reload\fly_sniper_mag_in.LN65.pc.snd.wav,,loaded,bus_fx,grp_foley,snp_foley,,30,0,86,89,0,5000,5000,allon,default,allon,default,8,8,priority,oldest,-88,84,70,70,0.25,1,2d,front,nonlooping,,1,0,0,0,0,0.25,no,yes,none,0,,no,,,yes,no,no,0,0,yes,no,,0,,no,no,no
fly_barrettm82_mag_out,raw\sound\wpn\sniper\reload\fly_sniper_mag_out.LN65.pc.snd.wav,,loaded,bus_fx,grp_foley,snp_foley,,30,0,86,89,0,5000,5000,allon,default,allon,default,8,8,priority,oldest,-88,84,70,70,0.25,1,2d,front,nonlooping,,1,0,0,0,0,0.25,no,yes,none,0,,no,,,yes,no,no,0,0,yes,no,,0,,no,no,no
wpn_barrettm82_1straise_plr,raw\sound\fly\gear\rattle\fly_cloth_00.LN65.pc.snd.wav,,loaded,bus_fx,grp_foley,snp_foley,,30,0,86,89,0,5000,5000,allon,default,allon,default,8,8,priority,oldest,-88,84,70,70,0.25,1,2d,front,nonlooping,,1,0,0,0,0,0.25,no,yes,none,0,,no,,,yes,no,no,0,0,yes,no,,0,,no,no,no
wpn_barrettm82_1straise_plr,raw\sound\fly\gear\rattle\fly_cloth_01.LN65.pc.snd.wav,,loaded,bus_fx,grp_foley,snp_foley,,30,0,86,89,0,5000,5000,allon,default,allon,default,8,8,priority,oldest,-88,84,70,70,0.25,1,2d,front,nonlooping,,1,0,0,0,0,0.25,no,yes,none,0,,no,,,yes,no,no,0,0,yes,no,,0,,no,no,no
wpn_barrettm82_1straise_plr,raw\sound\fly\gear\rattle\fly_cloth_02.LN65.pc.snd.wav,,loaded,bus_fx,grp_foley,snp_foley,,30,0,86,89,0,5000,5000,allon,default,allon,default,8,8,priority,oldest,-88,84,70,70,0.25,1,2d,front,nonlooping,,1,0,0,0,0,0.25,no,yes,none,0,,no,,,yes,no,no,0,0,yes,no,,0,,no,no,no
wpn_barrettm82_1straise_plr,raw\sound\fly\gear\rattle\fly_cloth_03.LN65.pc.snd.wav,,loaded,bus_fx,grp_foley,snp_foley,,30,0,86,89,0,5000,5000,allon,default,allon,default,8,8,priority,oldest,-88,84,70,70,0.25,1,2d,front,nonlooping,,1,0,0,0,0,0.25,no,yes,none,0,,no,,,yes,no,no,0,0,yes,no,,0,,no,no,no
wpn_barrettm82_dryfire_npc,raw\sound\wpn\sniper\dry_fire\plr\dry_fire_00.LN65.pc.snd.wav,,loaded,bus_fx,grp_weapon,snp_wpn_3p,,70,0,85,85,900,900,901,cosdelay,alloff,cosdelay,default,8,2,priority,oldest,-100,100,50,90,0.25,0.8,3d,default,nonlooping,pitch,1,0,0,0,0,0.25,no,no,none,0,,no,,,yes,no,no,0,0,yes,no,,0,,no,no,no
wpn_barrettm82_dryfire_plr,raw\sound\wpn\sniper\dry_fire\plr\dry_fire_00.LN65.pc.snd.wav,,loaded,bus_fx,grp_weapon,snp_wpn_1p,,70,0,88,88,0,5000,5000,allon,default,allon,default,2,8,oldest,oldest,0,0,90,90,0.25,1,2d,front_mostly,nonlooping,,1,0,0,0,0,0.25,no,no,none,0,,no,,,yes,no,no,0,0,yes,no,,0,,no,no,no
wpn_barrettm82_fire_dist,raw\sound\wpn\dist_guns\rif\wpn_rif_dist_00.LN65.pc.snd.wav,wpn_barrettm82_fire_npc_decay,loaded,bus_fx,grp_weapon,snp_wpn_3p,@934dbb8c,80,0,85,85,900,6000,12500,sindelay,default,sindelay,allon,6,3,priority,oldest,-300,300,90,40,0.25,1,3d,default,nonlooping,variant,1,0,0,0,0,0.25,no,no,none,0,,no,,,yes,no,no,0,0,yes,no,,0,,no,no,no
wpn_barrettm82_fire_dist,raw\sound\wpn\dist_guns\rif\wpn_rif_dist_01.LN65.pc.snd.wav,wpn_barrettm82_fire_npc_decay,loaded,bus_fx,grp_weapon,snp_wpn_3p,@934dbb8c,80,0,85,85,900,6000,12500,sindelay,default,sindelay,allon,6,3,priority,oldest,-300,300,90,40,0.25,1,3d,default,nonlooping,variant,1,0,0,0,0,0.25,no,no,none,0,,no,,,yes,no,no,0,0,yes,no,,0,,no,no,no
wpn_barrettm82_fire_npc,raw\sound\wpn\sniper\dsr\npc\shot\wpn_dsr_fire_npc.LN65.pc.snd.wav,wpn_barrettm82_lfe_npc,loaded,bus_fx,grp_weapon,snp_wpn_3p,,65,0,88,88,900,900,901,cosdelay,alloff,cosdelay,default,6,2,priority,oldest,-88,84,20,90,0.25,0.8,3d,default,nonlooping,pitch,1,0,0,0,0,0.25,no,no,none,0,,no,,,yes,no,no,0,0,yes,no,,0,,no,no,no
wpn_barrettm82_fire_npc_decay,raw\sound\wpn\sniper\decay\ext\wpn_sniper_decay_ext.LN65.pc.snd.wav,wpn_barrettm82_flux_npc_l,loaded,bus_fx,grp_weapon,snp_wpn_3p,,55,0,80,80,50,900,900,allon,default,rcurve1,default,3,1,priority,oldest,-100,100,20,70,0.15,1,3d,quad,nonlooping,,1,0,0,0,0,0.25,no,no,none,0,,no,ringoff_plr,outdoor,yes,no,no,0,0,yes,no,,0,,no,no,no
wpn_barrettm82_fire_npc_decay,raw\sound\wpn\sniper\decay\int\wpn_rifle_decay_int.LN65.pc.snd.wav,wpn_barrettm82_flux_npc_l,loaded,bus_fx,grp_weapon,snp_wpn_3p,,55,0,80,80,50,900,900,allon,default,rcurve1,default,3,1,priority,oldest,-100,100,20,70,0.15,1,3d,quad,nonlooping,,1,0,0,0,0,0.25,no,no,none,0,,no,ringoff_plr,indoor,yes,no,no,0,0,yes,no,,0,,no,no,no
wpn_barrettm82_fire_npc_pap,raw\sound\wpn\pap\pap_shot_st.LN65.pc.snd.wav,wpn_barrettm82_flux_l_npc_pap,loaded,bus_fx,grp_weapon,snp_wpn_3p,,80,0,82,82,75,1250,1250,allon,default,allon,default,10,3,priority,oldest,-100,100,50,90,0.35,1,3d,default,nonlooping,pitch,1,0,0,0,0,0.25,no,no,none,0,,no,,,yes,no,no,0,0,yes,no,,0,,no,no,no
wpn_barrettm82_fire_plr,raw\sound\wpn\sniper\dsr\plr\shot\wpn_dsr_fire_plr.LN65.pc.snd.wav,wpn_barrettm82_lfe,loaded,bus_fx,grp_weapon,snp_wpn_1p,@d5b16432,70,0,88,88,0,5000,5000,allon,default,allon,default,2,8,oldest,oldest,0,0,90,90,0.25,1,2d,front_mostly,nonlooping,,1,0,0,0,0,0.25,no,no,none,0,,no,,,yes,no,no,0,0,yes,no,,0,,no,no,no
wpn_barrettm82_fire_plr_decay,raw\sound\wpn\sniper\decay\ext\wpn_sniper_decay_ext.LN65.pc.snd.wav,wpn_barrettm82_flux_plr_l,loaded,bus_fx,grp_weapon,snp_wpn_1p,,55,0,85,85,0,5000,5000,allon,default,allon,default,3,8,oldest,oldest,-50,50,90,90,0.25,1,2d,quad,nonlooping,,1,0,0,0,0,0.25,no,no,none,0,,no,ringoff_plr,outdoor,yes,no,no,0,0,yes,no,,0,,no,no,no
wpn_barrettm82_fire_plr_decay,raw\sound\wpn\sniper\decay\int\wpn_rifle_decay_int.LN65.pc.snd.wav,wpn_barrettm82_flux_plr_l,loaded,bus_fx,grp_weapon,snp_wpn_1p,,55,0,85,85,0,5000,5000,allon,default,allon,default,3,8,oldest,oldest,-50,50,90,90,0.25,1,2d,quad,nonlooping,,1,0,0,0,0,0.25,no,no,none,0,,no,ringoff_plr,indoor,yes,no,no,0,0,yes,no,,0,,no,no,no
wpn_barrettm82_fire_plr_pap,raw\sound\wpn\pap\pap_shot_st.LN65.pc.snd.wav,wpn_barrettm82_flux_l_plr_pap,loaded,bus_hdrfx,grp_weapon,snp_wpn_1p,,70,0,87,87,0,5000,5000,allon,default,allon,default,1,8,oldest,oldest,0,0,90,90,0.25,1,2d,wpn_all,nonlooping,,1,0,0,0,0,0.25,no,no,none,0,,no,,,yes,no,no,0,0,yes,no,,0,,no,no,no
wpn_barrettm82_flux_l_npc_pap,raw\sound\wpn\pap\pap_flux_left.LN65.pc.snd.wav,wpn_barrettm82_flux_r_npc_pap,loaded,bus_fx,grp_weapon,snp_wpn_3p,,84,0,75,75,25,900,900,allon,default,allon,default,8,4,priority,priority,-34,34,85,90,0.25,1,3d,default,nonlooping,pitch,1,0,0,0,0,0.25,no,no,left_shot,4000,,no,,,yes,no,no,0,0,yes,no,,0,,no,no,no
wpn_barrettm82_flux_l_plr_pap,raw\sound\wpn\pap\pap_flux_left.LN65.pc.snd.wav,wpn_barrettm82_flux_r_plr_pap,loaded,bus_fx,grp_weapon,snp_wpn_3p,,84,0,75,75,25,900,900,allon,default,allon,default,8,4,priority,priority,-34,34,85,90,0.25,1,3d,default,nonlooping,pitch,1,0,0,0,0,0.25,no,no,left_shot,4000,,no,,,yes,no,no,0,0,yes,no,,0,,no,no,no
wpn_barrettm82_flux_npc_l,raw\sound\wpn\sniper\sniper_flux\wpn_sniper_flux_l.LN65.pc.snd.wav,wpn_barrettm82_flux_npc_r,loaded,bus_fx,grp_weapon,snp_wpn_3p,,60,0,78,81,25,7500,10000,allon,default,allon,default,8,8,oldest,oldest,-300,300,20,90,0.25,1,3d,default,nonlooping,pitch,1,250,25,250,80,0.2,no,no,left_shot,7000,,no,,,yes,no,no,0,0,yes,no,,0,,no,no,no
wpn_barrettm82_flux_npc_r,raw\sound\wpn\sniper\sniper_flux\wpn_sniper_flux_r.LN65.pc.snd.wav,,loaded,bus_fx,grp_weapon,snp_wpn_3p,,60,0,78,81,25,7500,10000,allon,default,allon,default,8,8,oldest,oldest,-300,300,20,90,0.25,1,3d,default,nonlooping,pitch,1,250,25,250,80,0.2,no,no,right_shot,7000,,no,,,yes,no,no,0,0,yes,no,,0,,no,no,no
wpn_barrettm82_flux_plr_l,raw\sound\wpn\sniper\sniper_flux\wpn_sniper_flux_l.LN65.pc.snd.wav,wpn_barrettm82_flux_plr_r,loaded,bus_fx,grp_weapon,snp_wpn_3p,,60,0,68,71,50,4000,4250,allon,default,allon,default,8,8,oldest,oldest,-300,300,20,90,0.25,1,3d,default,nonlooping,pitch,1,250,25,250,80,0.2,no,no,left_shot,7000,,no,ringoff_plr,outdoor,yes,no,no,0,0,yes,no,,0,,no,no,no
wpn_barrettm82_flux_plr_r,raw\sound\wpn\sniper\sniper_flux\wpn_sniper_flux_r.LN65.pc.snd.wav,,loaded,bus_fx,grp_weapon,snp_wpn_3p,,60,0,68,71,50,4000,4250,allon,default,allon,default,8,8,oldest,oldest,-300,300,20,90,0.25,1,3d,default,nonlooping,pitch,1,250,25,250,80,0.2,no,no,right_shot,7000,,no,ringoff_plr,outdoor,yes,no,no,0,0,yes,no,,0,,no,no,no
wpn_barrettm82_flux_r_npc_pap,raw\sound\wpn\pap\pap_flux_right.LN65.pc.snd.wav,wpn_barrettm82_fire_npc,loaded,bus_fx,grp_weapon,snp_wpn_3p,,84,0,75,75,25,900,900,allon,default,allon,default,8,4,priority,priority,-34,34,85,90,0.25,1,3d,default,nonlooping,pitch,1,0,0,0,0,0.25,no,no,right_shot,4000,,no,,,yes,no,no,0,0,yes,no,,0,,no,no,no
wpn_barrettm82_flux_r_plr_pap,raw\sound\wpn\pap\pap_flux_right.LN65.pc.snd.wav,wpn_barrettm82_fire_plr,loaded,bus_fx,grp_weapon,snp_wpn_3p,,84,0,75,75,25,900,900,allon,default,allon,default,8,4,priority,priority,-34,34,85,90,0.25,1,3d,default,nonlooping,pitch,1,0,0,0,0,0.25,no,no,right_shot,4000,,no,,,yes,no,no,0,0,yes,no,,0,,no,no,no
wpn_barrettm82_lfe,raw\sound\wpn\sniper\dsr\plr\lfe\wpn_dsr_fire_lfe.LN65.pc.snd.wav,wpn_barrettm82_fire_plr_decay,loaded,bus_hdrfx,grp_wpn_lfe,snp_wpn_1p,,0,0,86,86,0,5000,5000,allon,default,allon,default,1,2,priority,oldest,0,0,85,90,0.25,1,2d,lfe,nonlooping,,1,0,0,0,0,0.25,no,no,none,0,,no,,,no,no,no,0,0,yes,no,,0,,no,no,no
wpn_barrettm82_lfe_npc,raw\sound\wpn\sniper\dsr\plr\lfe\wpn_dsr_fire_lfe.LN65.pc.snd.wav,wpn_barrettm82_fire_dist,loaded,bus_hdrfx,grp_wpn_lfe,snp_wpn_3p,,0,0,81,81,25,225,225,allon,default,allon,default,1,1,priority,oldest,0,0,40,90,0.25,0.75,3d,lfe,nonlooping,,1,0,0,0,0,0.25,no,no,none,0,,no,,,no,no,no,0,0,yes,no,,0,,no,no,no
wpn_barrettm82_pickup_plr,raw\sound\fly\pickups\weapon\fly_weapon_pickup_00.LN65.pc.snd.wav,,loaded,bus_fx,grp_foley,snp_foley,,30,0,75,75,0,5000,5000,allon,default,allon,default,1,8,reject,oldest,-88,84,70,70,0.25,1,2d,front,nonlooping,,1,0,0,0,0,0.25,no,yes,none,0,,no,,,yes,no,no,0,0,yes,no,,0,,no,no,no
wpn_barrettm82_pickup_plr,raw\sound\fly\pickups\weapon\fly_weapon_pickup_01.LN65.pc.snd.wav,,loaded,bus_fx,grp_foley,snp_foley,,30,0,75,75,0,5000,5000,allon,default,allon,default,1,8,reject,oldest,-88,84,70,70,0.25,1,2d,front,nonlooping,,1,0,0,0,0,0.25,no,yes,none,0,,no,,,yes,no,no,0,0,yes,no,,0,,no,no,no
wpn_barrettm82_raise_plr,raw\sound\fly\gear\rattle\fly_cloth_00.LN65.pc.snd.wav,,loaded,bus_fx,grp_foley,snp_foley,,30,0,86,89,0,5000,5000,allon,default,allon,default,8,8,priority,oldest,-88,84,70,70,0.25,1,2d,front,nonlooping,,1,0,0,0,0,0.25,no,yes,none,0,,no,,,yes,no,no,0,0,yes,no,,0,,no,no,no
wpn_barrettm82_raise_plr,raw\sound\fly\gear\rattle\fly_cloth_01.LN65.pc.snd.wav,,loaded,bus_fx,grp_foley,snp_foley,,30,0,86,89,0,5000,5000,allon,default,allon,default,8,8,priority,oldest,-88,84,70,70,0.25,1,2d,front,nonlooping,,1,0,0,0,0,0.25,no,yes,none,0,,no,,,yes,no,no,0,0,yes,no,,0,,no,no,no
wpn_barrettm82_raise_plr,raw\sound\fly\gear\rattle\fly_cloth_02.LN65.pc.snd.wav,,loaded,bus_fx,grp_foley,snp_foley,,30,0,86,89,0,5000,5000,allon,default,allon,default,8,8,priority,oldest,-88,84,70,70,0.25,1,2d,front,nonlooping,,1,0,0,0,0,0.25,no,yes,none,0,,no,,,yes,no,no,0,0,yes,no,,0,,no,no,no
wpn_barrettm82_raise_plr,raw\sound\fly\gear\rattle\fly_cloth_03.LN65.pc.snd.wav,,loaded,bus_fx,grp_foley,snp_foley,,30,0,86,89,0,5000,5000,allon,default,allon,default,8,8,priority,oldest,-88,84,70,70,0.25,1,2d,front,nonlooping,,1,0,0,0,0,0.25,no,yes,none,0,,no,,,yes,no,no,0,0,yes,no,,0,,no,no,no
wpn_barrettm82_silencer_fire_npc,raw\sound\wpn\sniper\ballista\plr\shot\silenced\wpn_ballista_sil_shot_plr.LN65.pc.snd.wav,wpn_barrettm82_silencer_LFE_npc,loaded,bus_fx,grp_weapon,snp_wpn_3p,,0,0,82,82,900,900,901,cosdelay,alloff,cosdelay,default,8,2,priority,oldest,-50,50,40,90,0.25,0.8,3d,default,nonlooping,,1,0,0,0,0,0.25,no,no,none,0,,no,,,yes,no,no,0,0,yes,no,,0,,no,no,no
wpn_barrettm82_silencer_fire_npc_decay,raw\sound\wpn\assault\decay\int\silenced\wpn_aslt_decay_silenced_int.LN65.pc.snd.wav,,loaded,bus_fx,grp_weapon,snp_wpn_3p,,55,0,67,67,50,900,900,allon,default,rcurve1,default,3,1,priority,oldest,-100,100,20,70,0.15,1,3d,quad,nonlooping,,1,0,0,0,0,0.25,no,no,none,0,,no,ringoff_plr,indoor,yes,no,no,0,0,yes,no,,0,,no,no,no
wpn_barrettm82_silencer_fire_npc_decay,raw\sound\wpn\pistol\decay\ext\silenced\wpn_pistol_decay_silenced_ext.LN65.pc.snd.wav,,loaded,bus_fx,grp_weapon,snp_wpn_3p,,55,0,77,77,50,900,900,allon,default,rcurve1,default,3,1,priority,oldest,-100,100,20,70,0.15,1,3d,quad,nonlooping,,1,0,0,0,0,0.25,no,no,none,0,,no,ringoff_plr,outdoor,yes,no,no,0,0,yes,no,,0,,no,no,no
wpn_barrettm82_silencer_fire_plr,raw\sound\wpn\sniper\ballista\plr\shot\silenced\wpn_ballista_sil_shot_plr.LN65.pc.snd.wav,wpn_barrettm82_silencer_LFE,loaded,bus_fx,grp_weapon,snp_wpn_1p,@36b86475,0,0,93,93,0,5000,5000,allon,default,allon,default,3,8,oldest,oldest,-50,50,90,90,0.25,1,2d,front_mostly,nonlooping,,1,0,0,0,0,0.25,no,no,none,0,,no,,,yes,no,no,0,0,yes,no,,0,,no,no,no
wpn_barrettm82_silencer_fire_plr_decay,raw\sound\wpn\assault\decay\int\silenced\wpn_aslt_decay_silenced_int.LN65.pc.snd.wav,,loaded,bus_fx,grp_weapon,snp_wpn_1p,,75,0,83,83,0,5000,5000,allon,default,allon,default,3,8,oldest,oldest,-50,50,90,90,0.25,1,2d,front_mostly,nonlooping,,1,0,0,0,0,0.25,no,no,none,0,,no,ringoff_plr,indoor,yes,no,no,0,0,yes,no,,0,,no,no,no
wpn_barrettm82_silencer_fire_plr_decay,raw\sound\wpn\pistol\decay\ext\silenced\wpn_pistol_decay_silenced_ext.LN65.pc.snd.wav,,loaded,bus_fx,grp_weapon,snp_wpn_1p,,70,0,83,83,0,5000,5000,allon,default,allon,default,3,8,oldest,oldest,-50,50,90,90,0.25,1,2d,front_mostly,nonlooping,,1,0,0,0,0,0.25,no,no,none,0,,no,ringoff_plr,outdoor,yes,no,no,0,0,yes,no,,0,,no,no,no
wpn_barrettm82_silencer_lfe,raw\sound\wpn\smg\mp7\plr\lfe\wpn_mp7_fire_lfe.LN65.pc.snd.wav,wpn_barrettm82_silencer_fire_plr_decay,loaded,bus_hdrfx,grp_wpn_lfe,snp_wpn_1p,,0,0,86,86,0,5000,5000,allon,default,allon,default,8,2,priority,oldest,0,0,85,90,0.25,1,2d,lfe,nonlooping,,1,0,0,0,0,0.25,no,no,none,0,,no,,,no,no,no,0,0,yes,no,,0,,no,no,no
wpn_barrettm82_silencer_LFE_npc,raw\sound\wpn\smg\mp7\plr\lfe\wpn_mp7_fire_lfe.LN65.pc.snd.wav,wpn_barrettm82_silencer_fire_npc_decay,loaded,bus_hdrfx,grp_wpn_lfe,snp_wpn_3p,,0,0,81,81,25,225,225,allon,default,allon,default,3,1,priority,oldest,0,0,40,90,0.25,0.75,3d,lfe,nonlooping,,1,0,0,0,0,0.25,no,no,none,0,,no,,,no,no,no,0,0,yes,no,,0,,no,no,no
zmb_turn_on,raw\sound\evt\zombie_global\switch\turn_on\turn_on_00.SN55.pc.snd.flac,,streamed,bus_hdrfx,grp_hdrfx,snp_hdrfx,,60,0,100,100,125,1750,2000,allon,default,allon,default,1,8,oldest,oldest,0,0,95,100,0.25,1,3d,default,nonlooping,,1,0,0,0,0,0.1,no,yes,none,0,,no,,,yes,no,no,0,0,yes,no,,0,,no,no,no
amb_bg_briefing_room,raw\sound\evt\sf_briefings\briefing_room_bg.SL55.pc.snd.flac,,streamed,bus_fx,grp_air,snp_ambience,,40,0,65,65,0,5000,5000,allon,default,allon,default,2,8,priority,oldest,0,0,10,50,0,1,2d,quad,looping,,1,0,0,0,0,0,no,yes,none,0,,no,,,no,no,no,0,0,yes,no,,0,,no,no,no
amb_comp_error_loop,raw\sound\amb\alarms\computer\comp_error_0.LL55.pc.snd.wav,,loaded,bus_fx,grp_ambience,snp_ambience,,60,0,65,65,25,150,175,allon,default,allon,default,7,8,priority,oldest,0,0,10,50,0,1,3d,default,looping,,1,0,0,0,0,0.7,no,yes,none,0,,no,,,no,no,no,0,0,yes,no,,0,,no,no,no
amb_comp_sonar,raw\sound\amb\electronics\computer\comp_sonar.LL55.pc.snd.wav,,loaded,bus_fx,grp_ambience,snp_ambience,,60,0,65,65,25,150,175,allon,default,allon,default,7,8,priority,oldest,0,0,10,50,0,1,3d,default,looping,,1,0,0,0,0,0.1,no,yes,none,0,,no,,,no,no,no,0,0,yes,no,,0,,no,no,no
amb_computer_generic_loop,raw\sound\amb\electronics\computer\computer_loop_generic.LL55.pc.snd.wav,amb_computer_generic_loop_2nd,loaded,bus_fx,grp_ambience,snp_ambience,,60,0,46,46,50,137,150,allon,default,allon,default,7,8,priority,oldest,-200,200,10,50,0,1,3d,default,looping,,1,0,0,0,0,0.5,no,yes,none,0,,no,,,no,no,no,0,0,yes,no,,0,,no,no,no
amb_computer_generic_loop_2nd,raw\sound\amb\electronics\computer_loops\comp_loop_03.LL55.pc.snd.wav,,loaded,bus_fx,grp_ambience,snp_ambience,,60,0,50,50,50,137,150,allon,default,allon,default,4,8,priority,oldest,-200,200,10,50,0,1,3d,default,looping,,0.1,0,0,0,0,0.7,no,yes,none,0,,no,,,no,no,no,0,0,yes,no,,0,,no,no,no
amb_frontend_bg,raw\sound\evt\blackout\power_surge\generator_loop.LL55.pc.snd.wav,,loaded,bus_fx,grp_air,snp_ambience,,40,0,65,65,0,5000,5000,allon,default,allon,default,2,8,priority,oldest,0,0,10,50,0,1,2d,quad,looping,,1,0,0,0,0,0,no,yes,none,0,,no,,,no,no,no,0,0,yes,no,,0,,no,no,no
amb_light_loop,raw\sound\amb\lights\electric\light.LL55.pc.snd.wav,,loaded,bus_fx,grp_ambience,snp_ambience,,60,0,50,50,37,100,137,allon,default,allon,default,7,8,priority,oldest,0,0,10,50,0,1,3d,default,looping,,1,0,0,0,0,0.1,no,yes,none,0,,no,,,no,no,no,0,0,yes,no,,0,,no,no,no
amb_orange_glass_display,raw\sound\amb\electronics\retinal_scanner\retinal_scanner_idle_loop.LL55.pc.snd.wav,,loaded,bus_fx,grp_ambience,snp_ambience,,60,0,65,65,50,112,150,allon,default,allon,default,4,8,priority,oldest,-100,100,10,50,0,1,3d,default,looping,,1,0,0,0,0,0.8,no,yes,none,0,,no,,,no,no,no,0,0,yes,no,,0,,no,no,no
amb_power_box,raw\sound\amb\industrial\power\hum\hum.SL55.pc.snd.flac,,streamed,bus_fx,grp_ambience,snp_ambience,,60,0,65,65,50,112,150,allon,default,allon,default,4,8,priority,oldest,-10,10,10,50,0,1,3d,default,looping,,1,0,0,0,0,0.7,no,yes,none,0,,no,,,no,no,no,0,0,yes,no,,0,,no,no,no
amb_radio,raw\sound\amb\electronics\radio\loops\loop_00.SN55.pc.snd.flac,,streamed,bus_fx,grp_ambience,snp_ambience,,60,0,65,65,50,225,625,allon,default,allon,default,4,8,priority,oldest,-200,200,10,50,0,1,3d,default,nonlooping,,1,0,0,0,0,0.7,no,yes,none,0,,no,,,no,no,no,0,0,yes,no,,0,,no,no,no
amb_radio,raw\sound\amb\electronics\radio\loops\loop_01.SN55.pc.snd.flac,,streamed,bus_fx,grp_ambience,snp_ambience,,60,0,65,65,50,225,625,allon,default,allon,default,4,8,priority,oldest,-200,200,10,50,0,1,3d,default,nonlooping,,1,0,0,0,0,0.7,no,yes,none,0,,no,,,no,no,no,0,0,yes,no,,0,,no,no,no
amb_radio,raw\sound\amb\electronics\radio\loops\loop_02.SN55.pc.snd.flac,,streamed,bus_fx,grp_ambience,snp_ambience,,60,0,65,65,50,225,625,allon,default,allon,default,4,8,priority,oldest,-200,200,10,50,0,1,3d,default,nonlooping,,1,0,0,0,0,0.7,no,yes,none,0,,no,,,no,no,no,0,0,yes,no,,0,,no,no,no
amb_radio,raw\sound\amb\electronics\radio\loops\loop_03.SN55.pc.snd.flac,,streamed,bus_fx,grp_ambience,snp_ambience,,60,0,65,65,50,225,625,allon,default,allon,default,4,8,priority,oldest,-200,200,10,50,0,1,3d,default,nonlooping,,1,0,0,0,0,0.7,no,yes,none,0,,no,,,no,no,no,0,0,yes,no,,0,,no,no,no
amb_radio,raw\sound\amb\electronics\radio\loops\loop_04.SN55.pc.snd.flac,,streamed,bus_fx,grp_ambience,snp_ambience,,60,0,65,65,50,225,625,allon,default,allon,default,4,8,priority,oldest,-200,200,10,50,0,1,3d,default,nonlooping,,1,0,0,0,0,0.7,no,yes,none,0,,no,,,no,no,no,0,0,yes,no,,0,,no,no,no
amb_radio,raw\sound\amb\electronics\radio\loops\loop_05.SN55.pc.snd.flac,,streamed,bus_fx,grp_ambience,snp_ambience,,60,0,65,65,50,225,625,allon,default,allon,default,4,8,priority,oldest,-200,200,10,50,0,1,3d,default,nonlooping,,1,0,0,0,0,0.7,no,yes,none,0,,no,,,no,no,no,0,0,yes,no,,0,,no,no,no
amb_radio,raw\sound\amb\electronics\radio\loops\loop_06.SN55.pc.snd.flac,,streamed,bus_fx,grp_ambience,snp_ambience,,60,0,65,65,50,225,625,allon,default,allon,default,4,8,priority,oldest,-200,200,10,50,0,1,3d,default,nonlooping,,1,0,0,0,0,0.7,no,yes,none,0,,no,,,no,no,no,0,0,yes,no,,0,,no,no,no
amb_scanner,raw\sound\amb\electronics\scanner\scanner_loop.LL55.pc.snd.wav,,loaded,bus_fx,grp_ambience,snp_ambience,,60,0,65,65,12,82,100,allon,default,allon,default,2,8,priority,oldest,0,50,10,50,0,1,3d,default,looping,,1,0,0,0,0,0.7,no,yes,none,0,,no,,,no,no,no,0,0,yes,no,,0,,no,no,no
amb_server_hum,raw\sound\amb\electronics\computer_bank\comp_bank_00.LL55.pc.snd.wav,,loaded,bus_fx,grp_ambience,snp_ambience,,60,0,65,65,25,75,100,allon,default,allon,default,7,8,priority,oldest,0,0,10,50,0,1,3d,default,looping,,1,0,0,0,0,0.7,no,yes,none,0,,no,,,no,no,no,0,0,yes,no,,0,,no,no,no
amb_touch_desk,raw\sound\amb\electronics\touch_desk_v2\touch_desk_v2.LL55.pc.snd.wav,,loaded,bus_fx,grp_ambience,snp_ambience,,60,0,55,55,50,112,125,allon,default,allon,default,4,8,priority,oldest,-200,200,10,50,0,1,3d,default,looping,,1,0,0,0,0,0.7,no,yes,none,0,,no,,,no,no,no,0,0,yes,no,,0,,no,no,no
mus_zmb_secret_song,raw\sound\mus\zmb\frontend\mus_bo2_theme_ambient.SL65.pc.snd.flac,,streamed,bus_music,grp_music,snp_x2,@5db9a18f,0,0,95,95,0,5000,5000,allon,default,allon,default,8,8,priority,oldest,0,0,100,100,0.25,1,2d,front_mostly,nonlooping,,1,0,0,0,0,0.25,no,yes,none,0,,no,,,no,yes,no,1,1,yes,yes,,0,,no,no,no
zmb_perks_broken_jingle,raw\sound\evt\zombie_global\perksacola\random\random_00.LN55.pc.snd.wav,,loaded,bus_fx,grp_ambience,snp_ambience,,60,0,68,68,25,175,300,allon,default,allon,default,6,8,priority,oldest,0,0,25,50,0.25,1,3d,default,nonlooping,,1,0,25,75,92,0.4,no,yes,none,0,,no,,,yes,no,no,0,0,yes,no,,0,,no,no,no
zmb_perks_broken_jingle,raw\sound\evt\zombie_global\perksacola\random\random_01.LN55.pc.snd.wav,,loaded,bus_fx,grp_ambience,snp_ambience,,60,0,68,68,25,175,300,allon,default,allon,default,6,8,priority,oldest,0,0,25,50,0.25,1,3d,default,nonlooping,,1,0,25,75,92,0.4,no,yes,none,0,,no,,,yes,no,no,0,0,yes,no,,0,,no,no,no
zmb_perks_broken_jingle,raw\sound\evt\zombie_global\perksacola\random\random_02.LN55.pc.snd.wav,,loaded,bus_fx,grp_ambience,snp_ambience,,60,0,68,68,25,175,300,allon,default,allon,default,6,8,priority,oldest,0,0,25,50,0.25,1,3d,default,nonlooping,,1,0,25,75,92,0.4,no,yes,none,0,,no,,,yes,no,no,0,0,yes,no,,0,,no,no,no
zmb_perks_broken_jingle,raw\sound\evt\zombie_global\perksacola\random\random_03.LN55.pc.snd.wav,,loaded,bus_fx,grp_ambience,snp_ambience,,60,0,68,68,25,175,300,allon,default,allon,default,6,8,priority,oldest,0,0,25,50,0.25,1,3d,default,nonlooping,,1,0,25,75,92,0.4,no,yes,none,0,,no,,,yes,no,no,0,0,yes,no,,0,,no,no,no
zmb_perks_broken_jingle,raw\sound\evt\zombie_global\perksacola\random\random_04.LN55.pc.snd.wav,,loaded,bus_fx,grp_ambience,snp_ambience,,60,0,68,68,25,175,300,allon,default,allon,default,6,8,priority,oldest,0,0,25,50,0.25,1,3d,default,nonlooping,,1,0,25,75,92,0.4,no,yes,none,0,,no,,,yes,no,no,0,0,yes,no,,0,,no,no,no
zmb_perks_bump_bottle,raw\sound\fly\bump\vend\bottle\vend_00.LN60.pc.snd.wav,,loaded,bus_fx,grp_foley,snp_foley,,85,0,78,78,200,500,500,allon,default,allon,default,3,2,oldest,reject,-88,165,5,25,0.25,1,3d,default,nonlooping,,1,0,37,50,90,0.1,no,yes,none,0,,no,,,yes,no,no,0,0,yes,no,,0,,no,no,no
zmb_perks_bump_bottle,raw\sound\fly\bump\vend\bottle\vend_01.LN60.pc.snd.wav,,loaded,bus_fx,grp_foley,snp_foley,,85,0,78,78,200,500,500,allon,default,allon,default,3,2,oldest,reject,-88,165,5,25,0.25,1,3d,default,nonlooping,,1,0,37,50,90,0.1,no,yes,none,0,,no,,,yes,no,no,0,0,yes,no,,0,,no,no,no
zmb_perks_bump_bottle,raw\sound\fly\bump\vend\bottle\vend_02.LN60.pc.snd.wav,,loaded,bus_fx,grp_foley,snp_foley,,85,0,78,78,200,500,500,allon,default,allon,default,3,2,oldest,reject,-88,165,5,25,0.25,1,3d,default,nonlooping,,1,0,37,50,90,0.1,no,yes,none,0,,no,,,yes,no,no,0,0,yes,no,,0,,no,no,no
zmb_perks_machine_loop,raw\sound\evt\zombie_global\perksacola\hum\hum_loop.LL55.pc.snd.wav,,loaded,bus_fx,grp_ambience,snp_ambience,,60,0,75,75,25,175,300,allon,default,allon,default,6,8,priority,oldest,0,0,25,50,0.25,1,3d,default,looping,,1,0,25,75,92,0.4,no,yes,none,0,,no,,,yes,no,no,0,0,yes,no,,0,,no,no,no
zmb_perks_power_on,raw\sound\evt\zombie_global\perksacola\power_on\power_on.LN55.pc.snd.wav,,loaded,bus_fx,grp_ambience,snp_ambience,,60,0,68,68,25,175,300,allon,default,allon,default,6,8,priority,oldest,0,0,25,50,0.25,1,3d,default,nonlooping,,1,0,25,75,92,0.4,no,yes,none,0,,no,,,yes,no,no,0,0,yes,no,,0,,no,no,no
zmb_monkey_anim_cymb,raw\sound\wpn\monkey\monk_cymb_st.LN65.pc.snd.wav,,loaded,bus_hdrfx,grp_hdrfx,snp_hdrfx,,19.234,0,78,78,0,5000,5000,allon,default,allon,default,8,8,priority,oldest,0,0,95,100,0,1,2d,front,nonlooping,,1,0,0,0,0,0,no,yes,none,0,,no,,,yes,no,no,0,0,yes,no,,0,,no,no,no
zmb_monkey_anim_key,raw\sound\wpn\monkey\monkey_ratchet.LN65.pc.snd.wav,,loaded,bus_hdrfx,grp_hdrfx,snp_hdrfx,,19.234,0,78,78,0,5000,5000,allon,default,allon,default,8,8,priority,oldest,0,0,95,100,0,1,2d,front,nonlooping,,1,0,0,0,0,0,no,yes,none,0,,no,,,yes,no,no,0,0,yes,no,,0,,no,no,no
zmb_monkey_land_asphalt,raw\sound\wpn\grenade\satchel_charge\satchel_plant.LN55.pc.snd.wav,zmb_vox_monkey_land,loaded,bus_fx,grp_ambience,snp_ambience,,60,0,65,65,75,550,550,allon,default,allon,default,6,8,priority,oldest,-50,50,10,50,0,1,3d,default,nonlooping,,1,0,0,0,0,0.1,no,yes,none,0,,no,,,yes,no,no,0,0,yes,no,,0,,no,no,no
zmb_monkey_land_bark,raw\sound\wpn\grenade\satchel_charge\satchel_plant.LN55.pc.snd.wav,zmb_vox_monkey_land,loaded,bus_fx,grp_ambience,snp_ambience,,60,0,65,65,75,550,550,allon,default,allon,default,6,8,priority,oldest,-50,50,10,50,0,1,3d,default,nonlooping,,1,0,0,0,0,0.1,no,yes,none,0,,no,,,yes,no,no,0,0,yes,no,,0,,no,no,no
zmb_monkey_land_brick,raw\sound\wpn\grenade\satchel_charge\satchel_plant.LN55.pc.snd.wav,zmb_vox_monkey_land,loaded,bus_fx,grp_ambience,snp_ambience,,60,0,65,65,75,550,550,allon,default,allon,default,6,8,priority,oldest,-50,50,10,50,0,1,3d,default,nonlooping,,1,0,0,0,0,0.1,no,yes,none,0,,no,,,yes,no,no,0,0,yes,no,,0,,no,no,no
zmb_monkey_land_carpet,raw\sound\wpn\grenade\satchel_charge\satchel_plant.LN55.pc.snd.wav,zmb_vox_monkey_land,loaded,bus_fx,grp_ambience,snp_ambience,,60,0,65,65,75,550,550,allon,default,allon,default,6,8,priority,oldest,-50,50,10,50,0,1,3d,default,nonlooping,,1,0,0,0,0,0.1,no,yes,none,0,,no,,,yes,no,no,0,0,yes,no,,0,,no,no,no
zmb_monkey_land_ceramic,raw\sound\wpn\grenade\satchel_charge\satchel_plant.LN55.pc.snd.wav,zmb_vox_monkey_land,loaded,bus_fx,grp_ambience,snp_ambience,,60,0,65,65,75,550,550,allon,default,allon,default,6,8,priority,oldest,-50,50,10,50,0,1,3d,default,nonlooping,,1,0,0,0,0,0.1,no,yes,none,0,,no,,,yes,no,no,0,0,yes,no,,0,,no,no,no
zmb_monkey_land_cloth,raw\sound\wpn\grenade\satchel_charge\satchel_plant.LN55.pc.snd.wav,zmb_vox_monkey_land,loaded,bus_fx,grp_ambience,snp_ambience,,60,0,65,65,75,550,550,allon,default,allon,default,6,8,priority,oldest,-50,50,10,50,0,1,3d,default,nonlooping,,1,0,0,0,0,0.1,no,yes,none,0,,no,,,yes,no,no,0,0,yes,no,,0,,no,no,no
zmb_monkey_land_concrete,raw\sound\wpn\grenade\satchel_charge\satchel_plant.LN55.pc.snd.wav,zmb_vox_monkey_land,loaded,bus_fx,grp_ambience,snp_ambience,,60,0,65,65,75,550,550,allon,default,allon,default,6,8,priority,oldest,-50,50,10,50,0,1,3d,default,nonlooping,,1,0,0,0,0,0.1,no,yes,none,0,,no,,,yes,no,no,0,0,yes,no,,0,,no,no,no
zmb_monkey_land_cushion,raw\sound\wpn\grenade\satchel_charge\satchel_plant.LN55.pc.snd.wav,zmb_vox_monkey_land,loaded,bus_fx,grp_ambience,snp_ambience,,60,0,65,65,75,550,550,allon,default,allon,default,6,8,priority,oldest,-50,50,10,50,0,1,3d,default,nonlooping,,1,0,0,0,0,0.1,no,yes,none,0,,no,,,yes,no,no,0,0,yes,no,,0,,no,no,no
zmb_monkey_land_default,raw\sound\wpn\grenade\satchel_charge\satchel_plant.LN55.pc.snd.wav,zmb_vox_monkey_land,loaded,bus_fx,grp_ambience,snp_ambience,,60,0,65,65,75,550,550,allon,default,allon,default,6,8,priority,oldest,-50,50,10,50,0,1,3d,default,nonlooping,,1,0,0,0,0,0.1,no,yes,none,0,,no,,,yes,no,no,0,0,yes,no,,0,,no,no,no
zmb_monkey_land_dirt,raw\sound\wpn\grenade\satchel_charge\satchel_plant.LN55.pc.snd.wav,zmb_vox_monkey_land,loaded,bus_fx,grp_ambience,snp_ambience,,60,0,65,65,75,550,550,allon,default,allon,default,6,8,priority,oldest,-50,50,10,50,0,1,3d,default,nonlooping,,1,0,0,0,0,0.1,no,yes,none,0,,no,,,yes,no,no,0,0,yes,no,,0,,no,no,no
zmb_monkey_land_foliage,raw\sound\wpn\grenade\satchel_charge\satchel_plant.LN55.pc.snd.wav,zmb_vox_monkey_land,loaded,bus_fx,grp_ambience,snp_ambience,,60,0,65,65,75,550,550,allon,default,allon,default,6,8,priority,oldest,-50,50,10,50,0,1,3d,default,nonlooping,,1,0,0,0,0,0.1,no,yes,none,0,,no,,,yes,no,no,0,0,yes,no,,0,,no,no,no
zmb_monkey_land_fruit,raw\sound\wpn\grenade\satchel_charge\satchel_plant.LN55.pc.snd.wav,zmb_vox_monkey_land,loaded,bus_fx,grp_ambience,snp_ambience,,60,0,65,65,75,550,550,allon,default,allon,default,6,8,priority,oldest,-50,50,10,50,0,1,3d,default,nonlooping,,1,0,0,0,0,0.1,no,yes,none,0,,no,,,yes,no,no,0,0,yes,no,,0,,no,no,no
zmb_monkey_land_glass,raw\sound\wpn\grenade\satchel_charge\satchel_plant.LN55.pc.snd.wav,zmb_vox_monkey_land,loaded,bus_fx,grp_ambience,snp_ambience,,60,0,65,65,75,550,550,allon,default,allon,default,6,8,priority,oldest,-50,50,10,50,0,1,3d,default,nonlooping,,1,0,0,0,0,0.1,no,yes,none,0,,no,,,yes,no,no,0,0,yes,no,,0,,no,no,no
zmb_monkey_land_grass,raw\sound\wpn\grenade\satchel_charge\satchel_plant.LN55.pc.snd.wav,zmb_vox_monkey_land,loaded,bus_fx,grp_ambience,snp_ambience,,60,0,65,65,75,550,550,allon,default,allon,default,6,8,priority,oldest,-50,50,10,50,0,1,3d,default,nonlooping,,1,0,0,0,0,0.1,no,yes,none,0,,no,,,yes,no,no,0,0,yes,no,,0,,no,no,no
zmb_monkey_land_gravel,raw\sound\wpn\grenade\satchel_charge\satchel_plant.LN55.pc.snd.wav,zmb_vox_monkey_land,loaded,bus_fx,grp_ambience,snp_ambience,,60,0,65,65,75,550,550,allon,default,allon,default,6,8,priority,oldest,-50,50,10,50,0,1,3d,default,nonlooping,,1,0,0,0,0,0.1,no,yes,none,0,,no,,,yes,no,no,0,0,yes,no,,0,,no,no,no
zmb_monkey_land_ice,raw\sound\wpn\grenade\satchel_charge\satchel_plant.LN55.pc.snd.wav,zmb_vox_monkey_land,loaded,bus_fx,grp_ambience,snp_ambience,,60,0,65,65,75,550,550,allon,default,allon,default,6,8,priority,oldest,-50,50,10,50,0,1,3d,default,nonlooping,,1,0,0,0,0,0.1,no,yes,none,0,,no,,,yes,no,no,0,0,yes,no,,0,,no,no,no
zmb_monkey_land_metal,raw\sound\wpn\grenade\satchel_charge\satchel_plant.LN55.pc.snd.wav,zmb_vox_monkey_land,loaded,bus_fx,grp_ambience,snp_ambience,,60,0,65,65,75,550,550,allon,default,allon,default,6,8,priority,oldest,-50,50,10,50,0,1,3d,default,nonlooping,,1,0,0,0,0,0.1,no,yes,none,0,,no,,,yes,no,no,0,0,yes,no,,0,,no,no,no
zmb_monkey_land_mud,raw\sound\wpn\grenade\satchel_charge\satchel_plant.LN55.pc.snd.wav,zmb_vox_monkey_land,loaded,bus_fx,grp_ambience,snp_ambience,,60,0,65,65,75,550,550,allon,default,allon,default,6,8,priority,oldest,-50,50,10,50,0,1,3d,default,nonlooping,,1,0,0,0,0,0.1,no,yes,none,0,,no,,,yes,no,no,0,0,yes,no,,0,,no,no,no
zmb_monkey_land_paintedmetal,raw\sound\wpn\grenade\satchel_charge\satchel_plant.LN55.pc.snd.wav,zmb_vox_monkey_land,loaded,bus_fx,grp_ambience,snp_ambience,,60,0,65,65,75,550,550,allon,default,allon,default,6,8,priority,oldest,-50,50,10,50,0,1,3d,default,nonlooping,,1,0,0,0,0,0.1,no,yes,none,0,,no,,,yes,no,no,0,0,yes,no,,0,,no,no,no
zmb_monkey_land_paper,raw\sound\wpn\grenade\satchel_charge\satchel_plant.LN55.pc.snd.wav,zmb_vox_monkey_land,loaded,bus_fx,grp_ambience,snp_ambience,,60,0,65,65,75,550,550,allon,default,allon,default,6,8,priority,oldest,-50,50,10,50,0,1,3d,default,nonlooping,,1,0,0,0,0,0.1,no,yes,none,0,,no,,,yes,no,no,0,0,yes,no,,0,,no,no,no
zmb_monkey_land_plaster,raw\sound\wpn\grenade\satchel_charge\satchel_plant.LN55.pc.snd.wav,zmb_vox_monkey_land,loaded,bus_fx,grp_ambience,snp_ambience,,60,0,65,65,75,550,550,allon,default,allon,default,6,8,priority,oldest,-50,50,10,50,0,1,3d,default,nonlooping,,1,0,0,0,0,0.1,no,yes,none,0,,no,,,yes,no,no,0,0,yes,no,,0,,no,no,no
zmb_monkey_land_plastic,raw\sound\wpn\grenade\satchel_charge\satchel_plant.LN55.pc.snd.wav,zmb_vox_monkey_land,loaded,bus_fx,grp_ambience,snp_ambience,,60,0,65,65,75,550,550,allon,default,allon,default,6,8,priority,oldest,-50,50,10,50,0,1,3d,default,nonlooping,,1,0,0,0,0,0.1,no,yes,none,0,,no,,,yes,no,no,0,0,yes,no,,0,,no,no,no
zmb_monkey_land_rock,raw\sound\wpn\grenade\satchel_charge\satchel_plant.LN55.pc.snd.wav,zmb_vox_monkey_land,loaded,bus_fx,grp_ambience,snp_ambience,,60,0,65,65,75,550,550,allon,default,allon,default,6,8,priority,oldest,-50,50,10,50,0,1,3d,default,nonlooping,,1,0,0,0,0,0.1,no,yes,none,0,,no,,,yes,no,no,0,0,yes,no,,0,,no,no,no
zmb_monkey_land_rubber,raw\sound\wpn\grenade\satchel_charge\satchel_plant.LN55.pc.snd.wav,zmb_vox_monkey_land,loaded,bus_fx,grp_ambience,snp_ambience,,60,0,65,65,75,550,550,allon,default,allon,default,6,8,priority,oldest,-50,50,10,50,0,1,3d,default,nonlooping,,1,0,0,0,0,0.1,no,yes,none,0,,no,,,yes,no,no,0,0,yes,no,,0,,no,no,no
zmb_monkey_land_sand,raw\sound\wpn\grenade\satchel_charge\satchel_plant.LN55.pc.snd.wav,zmb_vox_monkey_land,loaded,bus_fx,grp_ambience,snp_ambience,,60,0,65,65,75,550,550,allon,default,allon,default,6,8,priority,oldest,-50,50,10,50,0,1,3d,default,nonlooping,,1,0,0,0,0,0.1,no,yes,none,0,,no,,,yes,no,no,0,0,yes,no,,0,,no,no,no
zmb_monkey_land_snow,raw\sound\wpn\grenade\satchel_charge\satchel_plant.LN55.pc.snd.wav,zmb_vox_monkey_land,loaded,bus_fx,grp_ambience,snp_ambience,,60,0,65,65,75,550,550,allon,default,allon,default,6,8,priority,oldest,-50,50,10,50,0,1,3d,default,nonlooping,,1,0,0,0,0,0.1,no,yes,none,0,,no,,,yes,no,no,0,0,yes,no,,0,,no,no,no
zmb_monkey_land_water,raw\sound\wpn\grenade\satchel_charge\satchel_plant.LN55.pc.snd.wav,zmb_vox_monkey_land,loaded,bus_fx,grp_ambience,snp_ambience,,60,0,65,65,75,550,550,allon,default,allon,default,6,8,priority,oldest,-50,50,10,50,0,1,3d,default,nonlooping,,1,0,0,0,0,0.1,no,yes,none,0,,no,,,yes,no,no,0,0,yes,no,,0,,no,no,no
zmb_monkey_land_wood,raw\sound\wpn\grenade\satchel_charge\satchel_plant.LN55.pc.snd.wav,zmb_vox_monkey_land,loaded,bus_fx,grp_ambience,snp_ambience,,60,0,65,65,75,550,550,allon,default,allon,default,6,8,priority,oldest,-50,50,10,50,0,1,3d,default,nonlooping,,1,0,0,0,0,0.1,no,yes,none,0,,no,,,yes,no,no,0,0,yes,no,,0,,no,no,no
zmb_monkey_song,raw\sound\wpn\monkey\monkey_song_00.LN55.pc.snd.wav,,loaded,bus_fx,grp_ambience,snp_ambience,,60,0,78,78,75,550,550,allon,default,allon,default,6,8,priority,oldest,-50,50,10,50,0,1,3d,default,nonlooping,,1,0,0,0,0,0.1,no,yes,none,0,,no,,,yes,no,no,0,0,yes,no,,0,,no,no,no
zmb_monkey_song,raw\sound\wpn\monkey\monkey_song_01.LN55.pc.snd.wav,,loaded,bus_fx,grp_ambience,snp_ambience,,60,0,78,78,75,550,550,allon,default,allon,default,6,8,priority,oldest,-50,50,10,50,0,1,3d,default,nonlooping,,1,0,0,0,0,0.1,no,yes,none,0,,no,,,yes,no,no,0,0,yes,no,,0,,no,no,no
zmb_monkey_song,raw\sound\wpn\monkey\monkey_song_02.LN55.pc.snd.wav,,loaded,bus_fx,grp_ambience,snp_ambience,,60,0,78,78,75,550,550,allon,default,allon,default,6,8,priority,oldest,-50,50,10,50,0,1,3d,default,nonlooping,,1,0,0,0,0,0.1,no,yes,none,0,,no,,,yes,no,no,0,0,yes,no,,0,,no,no,no
zmb_monkey_throw,raw\sound\wpn\grenade\foley\throw\gren_throw.LN65.pc.snd.wav,zmb_vox_monkey_throw,loaded,bus_hdrfx,grp_hdrfx,snp_hdrfx,,19.234,0,78,78,0,5000,5000,allon,default,allon,default,8,8,priority,oldest,0,0,95,100,0,1,2d,front,nonlooping,,1,0,0,0,0,0,no,yes,none,0,,no,,,yes,no,no,0,0,yes,no,,0,,no,no,no
zmb_monkeybomb_cym,raw\sound\wpn\monkey\monk_cymb_m.LN55.pc.snd.wav,,loaded,bus_fx,grp_ambience,snp_ambience,,60,0,78,78,75,550,550,allon,default,allon,default,6,8,priority,oldest,-50,50,10,50,0,1,3d,default,nonlooping,,1,0,0,0,0,0.1,no,yes,none,0,,no,,,yes,no,no,0,0,yes,no,,0,,no,no,no
